user_id,transaction_date,region,product_category,sale_amount,price,status,city,age,subscription,email,username,raw_timestamp,store_id
U1863,2025-02-08,West,Electronics,109.34,406.56,Inactive,Delhi,36,Free,u1863@yahoo.com,,2025-02-08 15:48:09,S022
U1099,2024-05-05,North,Furniture,1174.05,560.49,,Mumbai,42,Free,,,2024-05-05 01:47:13,S021
U1337,2024-11-05,North,Furniture,4982.25,402.99,,Mumbai,45,Premium,u1337@gmail.com,user_1337,2024-11-05 17:24:03,S003
U1634,2024-02-03,North,Office Supplies,2733.96,1173.72,Inactive,Jaipur,37,Basic,u1634@yahoo.com,,2024-02-03 05:15:22,S003
U1341,2024-07-22,North,Office Supplies,3037.9,289.14,,Delhi,46,Premium,u1341@gmail.com,user_1341,2024-07-22 16:23:01,S019
U1051,2024-04-26,North,Clothing,3953.52,174.41,Pending,Mumbai,59,Premium,,user_1051,2024-04-26 04:26:00,S001
U1504,2024-07-19,West,Groceries,776.42,1715.78,,Delhi,29,Standard,u1504@outlook.com,user_1504,2024-07-19 16:51:11,S024
U1215,2025-03-20,North,Toys,4064.0,422.82,Pending,Mumbai,64,Basic,u1215@company.com,user_1215,2025-03-20 03:33:42,S021
U1611,2024-11-28,South,Electronics,1494.64,178.55,Inactive,Bangalore,25,Free,u1611@outlook.com,user_1611,2024-11-28 15:09:04,S006
U1591,2024-12-19,West,Toys,1358.76,114.52,,Delhi,34,Free,u1591@yahoo.com,user_1591,2024-12-19 22:24:30,S009
U1483,2024-06-03,East,Electronics,2825.84,179.93,Inactive,Lucknow,22,Standard,u1483@yahoo.com,user_1483,2024-06-03 20:44:20,S019
U1186,2024-10-26,West,Groceries,4634.82,573.25,,Delhi,30,Standard,u1186@company.com,,2024-10-26 14:32:19,S005
U1612,2025-03-30,North,Furniture,1426.73,1523.38,,Chennai,33,Premium,u1612@outlook.com,user_1612,2025-03-30 06:34:03,S022
U1110,2024-12-16,West,Clothing,467.95,823.09,Active,Delhi,44,Basic,u1110@gmail.com,user_1110,2024-12-16 09:23:33,S009
U1792,2024-10-19,South,Furniture,2141.19,118.55,Inactive,Bangalore,56,Free,u1792@gmail.com,user_1792,2024-10-19 18:57:44,S018
U1865,2025-03-17,East,Electronics,1582.45,173.51,Active,Pune,33,Free,u1865@outlook.com,user_1865,2025-03-17 01:11:25,S008
U1795,2024-09-30,South,Groceries,787.31,1548.56,Pending,Bangalore,17,Premium,u1795@yahoo.com,user_1795,2024-09-30 07:00:00,S022
U1237,2024-06-22,West,Office Supplies,1234.32,,Inactive,Mumbai,32,Free,u1237@company.com,user_1237,2024-06-22 06:33:00,S024
U1272,2025-02-13,East,Groceries,253.39,1970.17,,Bangalore,63,Free,u1272@gmail.com,user_1272,2025-02-13 19:53:04,S003
U1614,2025-02-03,West,Clothing,939.78,1699.96,Pending,Kolkata,15,Standard,u1614@yahoo.com,user_1614,2025-02-03 02:12:46,S004
U1424,2025-01-19,South,Electronics,3186.46,195.26,Pending,Chennai,38,Free,u1424@outlook.com,user_1424,2025-01-19 23:05:46,S015
U1678,2024-06-12,West,Toys,1078.08,,,Surat,21,Standard,u1678@company.com,user_1678,2024-06-12 04:08:15,S011
U1849,2024-12-16,South,Groceries,3700.29,586.04,,Mumbai,42,Basic,u1849@yahoo.com,user_1849,2024-12-16 03:55:16,S023
U1219,2025-04-19,South,Electronics,4543.88,545.78,,Delhi,47,Basic,u1219@gmail.com,user_1219,2025-04-19 03:36:02,S016
U1322,2025-02-04,North,Furniture,3528.15,820.5,Active,Bangalore,64,Basic,,user_1322,2025-02-04 15:37:55,S002
U1393,2025-06-13,South,Furniture,4718.84,,Inactive,Delhi,57,Basic,u1393@yahoo.com,user_1393,2025-06-13 18:50:51,S007
U1736,2025-02-21,West,Office Supplies,973.57,1837.52,Pending,Bangalore,21,Free,u1736@gmail.com,user_1736,2025-02-21 11:58:17,S025
U1550,2024-07-31,West,Office Supplies,4006.28,1316.32,,Lucknow,50,Premium,u1550@company.com,user_1550,2024-07-31 23:22:05,S017
U1702,2024-08-20,South,Furniture,2885.85,631.64,Pending,Delhi,23,Basic,u1702@yahoo.com,user_1702,2024-08-20 09:44:45,S017
U1094,2025-06-24,North,Toys,4723.08,,Pending,Delhi,55,Premium,u1094@outlook.com,user_1094,2025-06-24 17:20:03,S018
U1662,2025-03-10,East,Office Supplies,586.58,,Pending,Mumbai,33,Basic,u1662@gmail.com,user_1662,2025-03-10 00:48:58,S010
U1386,2025-04-16,West,Groceries,2708.68,805.47,Pending,Mumbai,52,Standard,u1386@gmail.com,user_1386,2025-04-16 22:04:01,S010
U1004,2024-02-08,East,Toys,1896.85,,Pending,Kolkata,48,Basic,,,2024-02-08 23:15:14,S023
U1664,2025-05-04,East,Toys,3816.39,1796.89,,Delhi,19,Standard,u1664@company.com,user_1664,2025-05-04 03:30:45,S018
U1214,2025-04-30,East,Groceries,2955.67,942.79,,Delhi,20,Standard,u1214@company.com,user_1214,2025-04-30 22:26:13,S015
U1104,2024-06-28,South,Groceries,1239.98,1213.98,Pending,Hyderabad,25,Basic,u1104@company.com,user_1104,2024-06-28 08:19:43,S017
U1361,2024-09-12,West,Furniture,872.51,335.42,Pending,Bangalore,64,Basic,u1361@gmail.com,,2024-09-12 06:09:38,S019
U1665,2025-03-05,East,Clothing,2966.87,22.93,Inactive,Chennai,36,Standard,u1665@outlook.com,user_1665,2025-03-05 12:06:22,S012
U1655,2024-08-23,South,Office Supplies,2995.26,908.1,Pending,Delhi,63,Basic,u1655@company.com,user_1655,2024-08-23 21:39:48,S024
U1298,2024-02-23,South,Electronics,1057.88,1064.1,Active,Delhi,50,Basic,u1298@yahoo.com,user_1298,2024-02-23 23:56:09,S023
U1342,2024-01-22,East,Office Supplies,4412.22,1522.92,Active,Bangalore,45,Premium,u1342@yahoo.com,user_1342,2024-01-22 01:52:01,S019
U1065,2024-03-26,East,Furniture,517.09,1566.4,Pending,Kolkata,47,Premium,u1065@yahoo.com,user_1065,2024-03-26 17:26:34,S016
U1320,2025-05-31,West,Toys,2350.16,1539.92,Pending,Mumbai,58,Free,,user_1320,2025-05-31 03:36:15,S019
U1657,2024-09-11,East,Clothing,1456.38,1384.95,Inactive,Delhi,39,Standard,u1657@company.com,user_1657,2024-09-11 21:42:41,S013
U1105,2024-12-14,South,Furniture,1340.61,1832.83,Inactive,Bangalore,36,Free,u1105@outlook.com,user_1105,2024-12-14 18:10:25,S019
U1337,2025-06-23,South,Groceries,1088.73,125.79,Active,Bangalore,59,Standard,u1337@outlook.com,user_1337,2025-06-23 18:39:22,S005
U1739,2024-01-04,South,Furniture,3189.75,1160.97,Active,Mumbai,27,Free,u1739@yahoo.com,user_1739,2024-01-04 06:22:13,S007
U1717,2024-04-22,East,Electronics,2233.14,831.79,Inactive,Delhi,64,Free,u1717@gmail.com,user_1717,2024-04-22 16:13:35,S011
U1638,2024-02-19,West,Toys,585.16,105.99,Active,Delhi,39,Premium,u1638@company.com,user_1638,2024-02-19 06:44:43,S021
U1453,2025-01-22,East,Groceries,4054.91,139.96,Pending,Mumbai,40,Basic,u1453@outlook.com,user_1453,2025-01-22 20:50:27,S009
U1898,2025-06-21,East,Clothing,2800.1,948.48,,Delhi,44,Premium,u1898@company.com,user_1898,2025-06-21 11:25:00,S001
U1895,2024-03-30,East,Toys,4444.63,837.06,,Delhi,61,Free,u1895@company.com,user_1895,2024-03-30 18:38:05,S005
U1273,2025-05-14,South,Furniture,1880.17,1282.77,Active,Bangalore,41,Free,u1273@outlook.com,user_1273,2025-05-14 11:14:15,S013
U1347,2025-04-24,East,Office Supplies,3628.83,839.55,Pending,Pune,25,Basic,u1347@gmail.com,user_1347,2025-04-24 04:11:12,S006
U1149,2024-03-15,West,Furniture,3595.82,394.99,Pending,Bangalore,58,Premium,u1149@company.com,user_1149,2024-03-15 22:42:28,S016
U1667,2025-06-19,North,Clothing,3937.49,727.03,,Mumbai,60,Free,u1667@gmail.com,user_1667,2025-06-19 18:40:31,S004
U1639,2024-01-13,West,Clothing,2605.78,570.85,Active,Bangalore,43,Standard,,user_1639,2024-01-13 19:02:09,S015
U1523,2024-09-16,South,Office Supplies,3039.22,1901.25,Pending,Delhi,22,Basic,u1523@company.com,user_1523,2024-09-16 11:15:04,S007
U1804,2025-05-25,North,Clothing,3499.83,,Active,Hyderabad,24,Premium,u1804@company.com,user_1804,2025-05-25 15:11:12,S009
U1484,2024-04-29,South,Groceries,4697.87,1398.05,Active,Mumbai,61,Basic,u1484@company.com,user_1484,2024-04-29 07:37:58,S022
U1291,2025-01-31,South,Groceries,1680.05,178.24,,Hyderabad,59,Standard,u1291@yahoo.com,user_1291,2025-01-31 05:32:00,S001
U1188,2024-06-18,South,Groceries,3118.42,,,Delhi,44,Free,u1188@outlook.com,user_1188,2024-06-18 18:58:56,S020
U1266,2024-06-15,South,Clothing,3740.89,272.43,Active,Delhi,58,Standard,u1266@yahoo.com,user_1266,2024-06-15 09:21:36,S013
U1279,2024-10-15,North,Electronics,4360.82,951.43,Active,Jaipur,52,Standard,u1279@gmail.com,user_1279,2024-10-15 07:02:09,S009
U1206,2025-02-20,South,Electronics,2587.17,643.37,,Hyderabad,61,Premium,u1206@yahoo.com,user_1206,2025-02-20 01:56:39,S010
U1010,2024-02-03,South,Office Supplies,3889.02,,,Mumbai,20,Free,u1010@yahoo.com,user_1010,2024-02-03 08:29:25,S024
U1067,2024-12-27,West,Office Supplies,2495.86,,Pending,Delhi,53,Free,u1067@yahoo.com,user_1067,2024-12-27 17:32:28,S014
U1066,2025-03-30,West,Furniture,2826.12,293.26,Pending,Bangalore,30,Free,u1066@yahoo.com,,2025-03-30 18:50:49,S008
U1178,2025-01-20,South,Office Supplies,2959.01,164.9,Pending,Delhi,29,Free,u1178@outlook.com,user_1178,2025-01-20 15:56:38,S001
U1434,2024-07-26,North,Electronics,4797.33,600.03,,Jaipur,44,Standard,u1434@outlook.com,,2024-07-26 08:45:35,S022
U1016,2024-05-29,South,Furniture,1931.84,1368.96,Inactive,Delhi,39,Free,u1016@yahoo.com,user_1016,2024-05-29 23:13:18,S017
U1193,2024-03-12,South,Toys,1868.83,,,Chennai,40,Free,u1193@gmail.com,user_1193,2024-03-12 12:25:44,S019
U1003,2024-07-31,North,Electronics,1228.3,676.77,Pending,Mumbai,47,Standard,u1003@outlook.com,user_1003,2024-07-31 01:40:30,S023
U1302,2024-11-25,North,Office Supplies,4908.34,282.75,Pending,Delhi,50,Standard,u1302@outlook.com,user_1302,2024-11-25 02:07:35,S001
U1407,2024-06-03,North,Office Supplies,674.41,1300.41,Pending,Mumbai,26,Free,u1407@gmail.com,,2024-06-03 02:50:50,S004
U1650,2024-06-29,West,Furniture,392.83,603.69,,Hyderabad,48,Basic,u1650@outlook.com,user_1650,2024-06-29 01:05:57,S014
U1688,2025-04-05,South,Toys,739.29,1103.75,Inactive,Mumbai,26,Basic,u1688@yahoo.com,user_1688,2025-04-05 16:26:55,S018
U1170,2024-07-03,South,Groceries,1720.69,1996.88,,Lucknow,35,Standard,u1170@company.com,user_1170,2024-07-03 13:52:46,S011
U1205,2024-11-15,South,Toys,3266.9,1039.98,Active,Delhi,19,Standard,,user_1205,2024-11-15 18:14:00,S003
U1690,2024-07-30,South,Office Supplies,1212.12,,Pending,Bangalore,48,Standard,u1690@outlook.com,user_1690,2024-07-30 13:42:27,S008
U1292,2024-08-28,North,Office Supplies,1632.56,285.36,Inactive,Delhi,24,Basic,u1292@company.com,user_1292,2024-08-28 14:26:03,S007
U1788,2024-03-22,East,Clothing,2768.89,673.59,Inactive,Mumbai,33,Standard,u1788@company.com,user_1788,2024-03-22 16:24:48,S016
U1139,2025-05-06,South,Groceries,3441.35,1069.49,Active,Delhi,54,Basic,u1139@gmail.com,user_1139,2025-05-06 22:34:47,S012
U1781,2024-04-20,South,Furniture,2910.5,,Inactive,Delhi,45,Premium,u1781@outlook.com,user_1781,2024-04-20 20:05:06,S018
U1338,2024-04-15,North,Electronics,3872.88,1143.27,Inactive,Ahmedabad,27,Premium,u1338@yahoo.com,user_1338,2024-04-15 04:49:27,S013
U1089,2024-09-26,East,Furniture,4173.13,1006.4,,Jaipur,41,Basic,u1089@company.com,user_1089,2024-09-26 22:45:03,S025
U1483,2025-06-18,East,Electronics,900.24,1435.38,Pending,Kolkata,33,Standard,u1483@gmail.com,user_1483,2025-06-18 00:04:39,S015
U1293,2025-04-05,East,Furniture,2030.27,,Pending,Kolkata,56,Basic,u1293@gmail.com,user_1293,2025-04-05 20:26:26,S014
U1609,2024-06-05,East,Office Supplies,1933.23,573.62,,Mumbai,23,Free,u1609@yahoo.com,,2024-06-05 16:46:46,S012
U1724,2025-05-16,North,Electronics,3708.31,755.57,,Delhi,48,Basic,u1724@company.com,user_1724,2025-05-16 08:10:31,S017
U1210,2025-01-16,East,Toys,432.92,1369.72,Inactive,Pune,28,Basic,u1210@company.com,user_1210,2025-01-16 22:18:57,S008
U1006,2024-09-08,South,Office Supplies,1469.45,539.37,,Delhi,57,Basic,u1006@company.com,user_1006,2024-09-08 04:51:27,S014
U1203,2024-06-25,East,Toys,4136.41,1036.75,,Mumbai,65,Basic,u1203@outlook.com,user_1203,2024-06-25 23:43:54,S024
U1486,2024-09-09,North,Furniture,1846.84,1644.52,Active,Bangalore,53,Premium,u1486@gmail.com,user_1486,2024-09-09 21:15:16,S018
U1319,2024-08-01,West,Electronics,3788.09,967.05,Inactive,Kolkata,30,Free,u1319@company.com,user_1319,2024-08-01 06:15:53,S012
U1180,2024-09-11,South,Clothing,3129.02,264.59,Inactive,Bangalore,36,Premium,u1180@gmail.com,user_1180,2024-09-11 22:08:02,S010
U1458,2024-09-30,North,Groceries,2454.22,217.93,Inactive,Surat,59,Free,u1458@outlook.com,user_1458,2024-09-30 19:50:04,S009
U1169,2024-01-09,West,Clothing,1025.51,1971.77,Inactive,Bangalore,59,Free,u1169@company.com,user_1169,2024-01-09 18:20:17,S021
U1081,2025-01-03,South,Clothing,880.44,1015.53,,Kolkata,65,Free,,user_1081,2025-01-03 02:48:58,S010
U1769,2025-01-02,South,Office Supplies,544.39,516.98,,Delhi,15,Premium,u1769@company.com,user_1769,2025-01-02 13:51:33,S005
U1209,2024-10-30,East,Furniture,4152.63,1344.79,Inactive,Mumbai,30,Basic,u1209@outlook.com,user_1209,2024-10-30 13:13:41,S004
U1758,2025-03-05,East,Office Supplies,1278.9,646.67,Active,Bangalore,22,Premium,u1758@gmail.com,user_1758,2025-03-05 02:56:29,S010
U1662,2024-08-25,West,Furniture,699.08,1767.34,Active,Pune,35,Premium,u1662@outlook.com,user_1662,2024-08-25 01:33:13,S021
U1503,2024-11-07,South,Clothing,4672.66,825.59,Active,Hyderabad,33,Standard,u1503@company.com,user_1503,2024-11-07 04:27:30,S013
U1121,2025-03-02,East,Groceries,1932.87,601.73,,Delhi,54,Premium,u1121@gmail.com,user_1121,2025-03-02 06:40:13,S009
U1677,2024-11-07,South,Electronics,1250.92,847.24,Pending,Bangalore,54,Free,u1677@yahoo.com,user_1677,2024-11-07 06:21:22,S023
U1511,2024-01-31,South,Furniture,4721.32,1966.98,Active,Chennai,50,Basic,u1511@gmail.com,,2024-01-31 03:00:11,S008
U1183,2025-01-26,North,Furniture,1548.63,1522.74,,Pune,27,Standard,u1183@company.com,user_1183,2025-01-26 17:21:51,S018
U1872,2025-06-10,South,Groceries,1983.83,134.58,Active,Mumbai,63,Free,u1872@gmail.com,user_1872,2025-06-10 06:52:39,S011
U1656,2024-06-03,West,Toys,4901.23,1752.87,Pending,Delhi,58,Standard,u1656@outlook.com,user_1656,2024-06-03 00:52:17,S017
U1460,2024-11-11,South,Groceries,1998.03,1526.82,,Mumbai,41,Standard,u1460@yahoo.com,user_1460,2024-11-11 08:01:52,S023
U1438,2024-09-13,East,Electronics,2254.33,1369.55,Inactive,Bangalore,19,Basic,u1438@yahoo.com,user_1438,2024-09-13 12:30:26,S023
U1016,2024-02-08,West,Clothing,1538.04,144.43,Pending,Delhi,43,Free,u1016@outlook.com,user_1016,2024-02-08 21:03:45,S010
U1685,2024-11-04,East,Office Supplies,3221.66,502.79,Active,Mumbai,36,Free,u1685@yahoo.com,user_1685,2024-11-04 14:10:03,S020
U1864,2024-03-12,East,Electronics,1952.9,1561.86,Active,Bangalore,37,Standard,u1864@company.com,user_1864,2024-03-12 20:05:23,S018
U1570,2024-01-14,North,Office Supplies,3748.4,1681.27,Active,Chennai,46,Premium,u1570@yahoo.com,user_1570,2024-01-14 18:20:16,S009
U1528,2024-08-07,West,Clothing,382.94,425.01,Inactive,Mumbai,59,Standard,u1528@yahoo.com,user_1528,2024-08-07 15:33:42,S006
U1264,2024-06-18,West,Office Supplies,462.73,704.95,Inactive,Delhi,17,Standard,u1264@yahoo.com,user_1264,2024-06-18 19:49:14,S015
U1713,2024-04-21,North,Electronics,224.2,918.7,Active,Chennai,48,Free,u1713@yahoo.com,user_1713,2024-04-21 00:17:23,S005
U1718,2024-08-26,East,Electronics,3663.48,380.01,,Jaipur,16,Standard,u1718@company.com,user_1718,2024-08-26 19:34:27,S006
U1425,2024-01-21,West,Toys,4159.75,312.18,,Mumbai,53,Standard,u1425@company.com,user_1425,2024-01-21 00:19:17,S015
U1581,2024-05-25,East,Clothing,2733.52,85.55,Active,Mumbai,29,Premium,u1581@gmail.com,user_1581,2024-05-25 19:12:51,S005
U1830,2024-12-13,East,Groceries,1532.63,411.5,Active,Hyderabad,49,Basic,u1830@gmail.com,user_1830,2024-12-13 18:25:51,S008
U1356,2024-05-09,West,Furniture,2170.62,1400.47,Pending,Mumbai,49,Standard,u1356@gmail.com,user_1356,2024-05-09 20:21:56,S020
U1314,2024-12-18,South,Toys,733.44,246.98,Inactive,Delhi,59,Basic,u1314@company.com,user_1314,2024-12-18 17:39:44,S022
U1445,2024-10-09,South,Office Supplies,2446.95,,Pending,Lucknow,61,Free,u1445@yahoo.com,user_1445,2024-10-09 04:19:00,S013
U1701,2024-01-31,East,Office Supplies,107.83,1755.13,,Bangalore,64,Premium,u1701@company.com,user_1701,2024-01-31 09:31:26,S016
U1689,2024-06-12,South,Electronics,2831.17,652.49,Inactive,Kolkata,29,Free,u1689@gmail.com,user_1689,2024-06-12 09:39:16,S006
U1200,2024-01-13,South,Electronics,311.33,378.19,,Hyderabad,56,Standard,u1200@gmail.com,user_1200,2024-01-13 04:10:18,S024
U1007,2024-01-12,North,Groceries,4742.21,415.97,Inactive,Kolkata,50,Standard,,user_1007,2024-01-12 22:06:38,S014
U1432,2024-07-06,North,Clothing,1286.54,891.83,Active,Mumbai,49,Premium,u1432@yahoo.com,user_1432,2024-07-06 15:30:13,S013
U1560,2025-06-18,North,Toys,576.3,989.92,,Mumbai,54,Basic,u1560@company.com,user_1560,2025-06-18 06:45:21,S004
U1422,2025-05-09,West,Electronics,2009.38,1679.98,,Pune,33,Premium,u1422@outlook.com,user_1422,2025-05-09 15:08:13,S003
U1067,2024-06-09,North,Office Supplies,1693.48,48.77,Pending,Jaipur,17,Premium,u1067@outlook.com,user_1067,2024-06-09 04:27:56,S006
U1225,2024-03-16,West,Electronics,4898.42,1894.29,Inactive,Mumbai,54,Free,u1225@yahoo.com,user_1225,2024-03-16 19:32:18,S005
U1006,2024-04-26,North,Office Supplies,2010.44,1920.62,Inactive,Mumbai,36,Free,u1006@gmail.com,user_1006,2024-04-26 15:09:40,S015
U1328,2024-06-11,West,Toys,3605.08,470.71,,Bangalore,17,Basic,u1328@company.com,,2024-06-11 18:56:33,S017
U1592,2025-01-16,South,Groceries,1927.57,1299.75,Pending,Delhi,57,Premium,u1592@gmail.com,user_1592,2025-01-16 18:59:00,S002
U1101,2025-06-04,East,Office Supplies,4493.67,1204.17,Active,Bangalore,35,Premium,u1101@company.com,user_1101,2025-06-04 03:41:02,S014
U1648,2024-07-16,North,Groceries,3303.72,1213.84,,Pune,35,Free,u1648@yahoo.com,user_1648,2024-07-16 03:34:07,S022
U1388,2024-01-12,South,Electronics,1276.84,1170.28,Active,Pune,38,Basic,u1388@outlook.com,user_1388,2024-01-12 20:55:27,S015
U1320,2024-07-23,South,Clothing,1293.76,1346.4,Inactive,Jaipur,55,Basic,u1320@yahoo.com,user_1320,2024-07-23 23:29:17,S021
U1854,2024-05-15,East,Groceries,3200.48,1337.77,Inactive,Hyderabad,35,Premium,u1854@company.com,user_1854,2024-05-15 12:21:34,S002
U1852,2025-02-08,East,Clothing,1606.22,1421.62,Inactive,Mumbai,52,Standard,u1852@gmail.com,user_1852,2025-02-08 00:03:01,S020
U1613,2024-05-04,West,Electronics,4289.38,1316.23,Inactive,Jaipur,59,Basic,u1613@company.com,user_1613,2024-05-04 02:40:29,S009
U1719,2025-03-31,South,Clothing,147.16,492.83,Pending,Bangalore,40,Premium,u1719@gmail.com,user_1719,2025-03-31 22:27:26,S016
U1197,2024-09-14,North,Furniture,259.44,184.68,,Delhi,44,Premium,u1197@yahoo.com,user_1197,2024-09-14 10:05:40,S019
U1806,2024-01-27,East,Office Supplies,1598.58,1591.43,Pending,Kolkata,31,Basic,u1806@yahoo.com,user_1806,2024-01-27 18:34:30,S010
U1207,2025-01-28,North,Clothing,2477.53,403.95,Pending,Hyderabad,17,Free,u1207@gmail.com,user_1207,2025-01-28 00:11:51,S010
U1306,2024-03-29,West,Toys,4211.58,457.34,Pending,Mumbai,43,Standard,u1306@outlook.com,user_1306,2024-03-29 15:02:33,S020
U1240,2025-06-10,North,Clothing,855.81,668.48,,Delhi,35,Free,u1240@company.com,user_1240,2025-06-10 08:19:55,S006
U1734,2024-05-04,South,Furniture,1728.06,1624.82,Inactive,Lucknow,38,Standard,u1734@company.com,user_1734,2024-05-04 18:34:44,S020
U1829,2024-10-01,East,Furniture,2587.84,354.98,Pending,Kolkata,49,Basic,,user_1829,2024-10-01 08:47:04,S007
U1554,2024-10-26,West,Furniture,166.75,223.2,,Bangalore,19,Premium,u1554@yahoo.com,,2024-10-26 03:23:58,S003
U1458,2024-01-16,West,Office Supplies,3329.98,662.04,,Mumbai,29,Basic,u1458@yahoo.com,user_1458,2024-01-16 03:46:34,S013
U1814,2024-12-30,South,Electronics,2470.8,274.35,Inactive,Delhi,20,Basic,u1814@outlook.com,user_1814,2024-12-30 06:39:00,S003
U1321,2024-12-31,West,Electronics,831.65,1626.79,Active,Mumbai,22,Standard,u1321@yahoo.com,user_1321,2024-12-31 11:51:41,S022
U1385,2025-04-16,North,Groceries,930.18,1885.5,Active,Bangalore,34,Premium,u1385@gmail.com,user_1385,2025-04-16 06:34:04,S009
U1561,2024-05-18,East,Toys,957.88,1716.67,Pending,Kolkata,54,Premium,u1561@company.com,user_1561,2024-05-18 16:27:21,S007
U1222,2024-12-03,North,Clothing,4015.58,1154.67,Inactive,Hyderabad,63,Standard,u1222@company.com,user_1222,2024-12-03 15:50:30,S003
U1327,2025-03-09,North,Furniture,1686.81,115.23,Active,Mumbai,42,Basic,u1327@gmail.com,user_1327,2025-03-09 08:11:45,S024
U1661,2024-11-07,North,Office Supplies,1133.41,140.51,,Chennai,50,Free,u1661@yahoo.com,user_1661,2024-11-07 08:32:12,S010
U1435,2024-04-28,East,Clothing,4783.76,701.68,,Chennai,64,Free,u1435@company.com,user_1435,2024-04-28 21:15:01,S010
U1619,2024-06-29,West,Clothing,2443.1,384.48,Active,Delhi,47,Premium,u1619@yahoo.com,user_1619,2024-06-29 19:30:12,S014
U1150,2024-12-14,East,Furniture,1704.95,182.23,Active,Bangalore,25,Basic,u1150@gmail.com,user_1150,2024-12-14 21:25:26,S024
U1712,2024-07-21,East,Office Supplies,4498.07,1820.06,,Bangalore,63,Basic,u1712@gmail.com,user_1712,2024-07-21 01:46:02,S019
U1255,2024-08-26,North,Office Supplies,504.93,1836.58,Active,Kolkata,65,Free,u1255@gmail.com,user_1255,2024-08-26 09:02:46,S019
U1011,2024-01-28,West,Toys,200.22,1517.54,Active,Mumbai,27,Free,u1011@gmail.com,user_1011,2024-01-28 17:41:23,S002
U1787,2024-05-02,East,Toys,224.22,49.39,,Lucknow,56,Free,u1787@company.com,user_1787,2024-05-02 23:15:43,S016
U1446,2025-02-05,North,Furniture,224.62,665.17,Pending,Delhi,23,Basic,u1446@company.com,user_1446,2025-02-05 16:28:46,S013
U1673,2025-01-27,West,Electronics,2827.51,1731.57,Active,Mumbai,53,Basic,u1673@gmail.com,user_1673,2025-01-27 02:37:17,S019
U1182,2024-05-11,West,Office Supplies,972.23,1694.9,Inactive,Mumbai,16,Standard,u1182@gmail.com,user_1182,2024-05-11 06:48:25,S017
U1136,2024-08-13,North,Groceries,2962.5,,Inactive,Kolkata,42,Basic,u1136@company.com,user_1136,2024-08-13 23:01:06,S016
U1286,2025-05-08,North,Toys,3778.52,168.49,Active,Mumbai,16,Basic,u1286@outlook.com,user_1286,2025-05-08 16:37:51,S025
U1740,2024-11-03,West,Clothing,1784.41,1262.67,Pending,Pune,62,Standard,u1740@outlook.com,user_1740,2024-11-03 21:31:54,S013
U1294,2025-06-15,South,Groceries,715.08,980.42,Inactive,Bangalore,34,Standard,u1294@gmail.com,user_1294,2025-06-15 21:44:35,S012
U1330,2024-03-09,North,Clothing,4344.85,1810.16,Active,Pune,26,Basic,u1330@gmail.com,user_1330,2024-03-09 17:25:14,S019
U1110,2024-05-25,South,Toys,3965.14,348.93,Inactive,Mumbai,25,Premium,u1110@yahoo.com,user_1110,2024-05-25 06:16:33,S014
U1272,2024-02-27,East,Groceries,4240.2,716.06,Inactive,Mumbai,52,Standard,u1272@outlook.com,user_1272,2024-02-27 00:45:44,S012
U1190,2025-05-01,East,Clothing,2954.76,762.04,Active,Delhi,21,Standard,u1190@gmail.com,user_1190,2025-05-01 15:21:21,S021
U1271,2024-09-21,South,Electronics,3041.13,1220.83,Inactive,Delhi,54,Standard,u1271@company.com,user_1271,2024-09-21 02:00:53,S013
U1561,2024-05-06,East,Clothing,4260.53,443.48,Inactive,Mumbai,35,Standard,u1561@outlook.com,user_1561,2024-05-06 19:44:47,S006
U1104,2025-02-05,West,Groceries,4351.7,1921.1,,Mumbai,44,Basic,u1104@yahoo.com,user_1104,2025-02-05 20:37:11,S001
U1861,2024-04-26,South,Electronics,3256.16,1865.98,Pending,Bangalore,32,Free,u1861@company.com,user_1861,2024-04-26 17:09:24,S007
U1873,2025-02-02,South,Electronics,4046.01,810.89,Inactive,Mumbai,55,Free,u1873@gmail.com,user_1873,2025-02-02 23:14:53,S022
U1836,2025-03-28,East,Office Supplies,1380.53,1617.39,,Mumbai,29,Free,u1836@company.com,user_1836,2025-03-28 05:29:11,S006
U1066,2025-03-23,East,Groceries,930.52,874.46,Inactive,Bangalore,35,Basic,u1066@gmail.com,user_1066,2025-03-23 05:50:59,S017
U1116,2025-03-20,East,Office Supplies,2825.11,64.89,Pending,Mumbai,28,Free,,user_1116,2025-03-20 03:56:49,S019
U1010,2024-10-03,South,Electronics,601.03,1410.49,Inactive,Bangalore,58,Basic,u1010@company.com,user_1010,2024-10-03 20:53:54,S018
U1433,2024-11-23,North,Toys,4672.93,1330.85,Inactive,Mumbai,15,Free,u1433@outlook.com,user_1433,2024-11-23 15:43:29,S005
U1879,2024-02-25,South,Office Supplies,1017.27,1817.92,Active,Delhi,57,Free,u1879@company.com,user_1879,2024-02-25 10:54:37,S019
U1138,2025-02-25,West,Office Supplies,4341.89,1733.5,Inactive,Mumbai,35,Basic,u1138@company.com,user_1138,2025-02-25 18:40:17,S021
U1162,2024-09-06,North,Office Supplies,4170.4,573.78,Inactive,Mumbai,26,Free,u1162@outlook.com,user_1162,2024-09-06 13:50:00,S006
U1355,2025-05-03,East,Electronics,3425.93,,Pending,Bangalore,61,Premium,u1355@company.com,user_1355,2025-05-03 04:25:13,S022
U1163,2024-07-29,East,Toys,4132.03,1086.28,Pending,Jaipur,35,Premium,,user_1163,2024-07-29 09:46:01,S022
U1596,2024-12-06,North,Electronics,1020.92,385.97,Active,Kolkata,54,Premium,u1596@gmail.com,user_1596,2024-12-06 06:42:44,S012
U1331,2025-06-04,North,Electronics,2699.18,,Pending,Delhi,54,Free,u1331@yahoo.com,user_1331,2025-06-04 18:12:38,S012
U1650,2024-02-12,South,Electronics,2524.97,519.01,,Hyderabad,39,Premium,u1650@outlook.com,user_1650,2024-02-12 21:31:01,S013
U1157,2025-05-28,North,Toys,260.74,1760.16,Pending,Ahmedabad,61,Basic,u1157@gmail.com,user_1157,2025-05-28 14:21:55,S011
U1866,2025-06-08,West,Toys,465.87,1255.87,,Ahmedabad,63,Premium,u1866@company.com,user_1866,2025-06-08 05:15:57,S018
U1667,2024-10-28,South,Toys,4054.61,1893.23,Inactive,Delhi,27,Standard,u1667@gmail.com,user_1667,2024-10-28 18:19:10,S007
U1190,2024-05-30,East,Office Supplies,4470.25,1968.09,Active,Delhi,37,Free,u1190@company.com,user_1190,2024-05-30 04:23:07,S017
U1585,2024-11-20,West,Toys,183.2,962.12,Pending,Mumbai,56,Basic,u1585@outlook.com,user_1585,2024-11-20 00:05:35,S020
U1019,2024-05-31,South,Office Supplies,4557.29,1103.13,Inactive,Pune,56,Standard,u1019@company.com,user_1019,2024-05-31 21:33:08,S004
U1386,2025-05-02,North,Toys,2772.75,588.7,Inactive,Mumbai,54,Standard,u1386@gmail.com,user_1386,2025-05-02 10:01:52,S004
U1405,2024-08-14,East,Office Supplies,3770.05,251.01,Inactive,Bangalore,47,Premium,u1405@outlook.com,,2024-08-14 04:02:26,S004
U1488,2024-10-06,North,Toys,1428.65,1399.47,Active,Hyderabad,58,Basic,u1488@yahoo.com,user_1488,2024-10-06 02:18:24,S024
U1201,2024-08-29,West,Clothing,481.62,1780.0,,Hyderabad,38,Standard,u1201@company.com,user_1201,2024-08-29 06:54:21,S001
U1570,2024-12-31,West,Clothing,3490.63,341.25,Pending,Mumbai,37,Free,u1570@outlook.com,,2024-12-31 02:35:50,S012
U1628,2025-05-15,South,Office Supplies,3928.61,1718.79,Pending,Chennai,56,Basic,u1628@outlook.com,user_1628,2025-05-15 11:54:12,S015
U1539,2024-01-14,North,Office Supplies,4576.15,714.34,,Kolkata,46,Standard,u1539@gmail.com,user_1539,2024-01-14 15:40:40,S008
U1320,2024-04-02,West,Electronics,3663.27,338.58,Active,Mumbai,33,Free,u1320@gmail.com,user_1320,2024-04-02 13:43:32,S024
U1808,2025-03-09,South,Toys,2888.47,1219.77,,Bangalore,62,Free,u1808@gmail.com,user_1808,2025-03-09 10:21:31,S025
U1525,2025-01-09,South,Groceries,3277.21,1536.31,Inactive,Ahmedabad,44,Free,u1525@gmail.com,user_1525,2025-01-09 18:00:41,S001
U1030,2025-02-20,South,Furniture,974.75,,Active,Delhi,25,Premium,u1030@yahoo.com,user_1030,2025-02-20 16:53:39,S003
U1621,2025-01-31,East,Electronics,1311.9,396.78,,Bangalore,65,Basic,u1621@yahoo.com,user_1621,2025-01-31 07:21:54,S008
U1582,2025-05-27,South,Furniture,2781.34,1135.76,Inactive,Mumbai,23,Premium,u1582@yahoo.com,user_1582,2025-05-27 23:50:17,S007
U1265,2025-06-10,West,Toys,3360.67,397.12,Active,Mumbai,49,Premium,,user_1265,2025-06-10 07:45:54,S006
U1248,2025-01-05,East,Clothing,1608.34,1389.22,,Kolkata,41,Standard,u1248@gmail.com,user_1248,2025-01-05 20:30:38,S008
U1218,2024-06-14,West,Clothing,749.21,1489.84,,Mumbai,54,Basic,u1218@yahoo.com,user_1218,2024-06-14 02:50:20,S015
U1659,2024-11-07,North,Furniture,2961.15,1500.35,Pending,Mumbai,61,Premium,u1659@company.com,user_1659,2024-11-07 00:26:47,S016
U1146,2025-03-23,South,Clothing,3490.74,249.28,,Chennai,26,Premium,u1146@company.com,user_1146,2025-03-23 11:46:27,S007
U1234,2024-04-01,South,Furniture,1345.83,109.07,,Bangalore,24,Premium,u1234@yahoo.com,user_1234,2024-04-01 03:00:45,S017
U1493,2024-06-28,South,Clothing,120.45,691.31,Pending,Mumbai,24,Standard,u1493@gmail.com,user_1493,2024-06-28 11:31:29,S019
U1422,2024-05-20,East,Electronics,3550.49,,,Delhi,54,Free,u1422@gmail.com,,2024-05-20 17:26:00,S001
U1767,2025-04-14,West,Office Supplies,2778.81,1956.71,Active,Kolkata,16,Standard,u1767@company.com,user_1767,2025-04-14 01:44:43,S009
U1077,2024-06-01,West,Office Supplies,2933.42,263.62,Pending,Delhi,65,Premium,u1077@yahoo.com,user_1077,2024-06-01 21:06:22,S025
U1568,2024-05-07,East,Electronics,4595.6,658.17,Pending,Bangalore,60,Free,u1568@gmail.com,user_1568,2024-05-07 17:08:56,S024
U1107,2024-09-12,East,Office Supplies,963.9,663.97,,Chennai,48,Standard,u1107@yahoo.com,user_1107,2024-09-12 11:42:09,S019
U1788,2024-10-26,North,Clothing,343.51,1101.74,,Mumbai,16,Premium,u1788@company.com,user_1788,2024-10-26 07:15:10,S011
U1057,2025-01-04,West,Electronics,3606.08,546.84,Inactive,Bangalore,43,Free,u1057@company.com,user_1057,2025-01-04 20:14:41,S001
U1569,2024-01-06,North,Toys,3679.76,1291.12,,Bangalore,30,Basic,u1569@yahoo.com,user_1569,2024-01-06 02:25:17,S008
U1236,2025-02-13,West,Office Supplies,1631.35,1557.97,Inactive,Pune,59,Standard,u1236@company.com,user_1236,2025-02-13 07:21:29,S007
U1694,2024-01-08,North,Office Supplies,3119.95,1033.0,Active,Mumbai,43,Basic,u1694@company.com,user_1694,2024-01-08 08:15:47,S003
U1102,2024-06-30,North,Electronics,2696.54,164.39,Active,Chennai,24,Free,u1102@yahoo.com,user_1102,2024-06-30 21:34:13,S015
U1228,2025-05-23,North,Clothing,3346.67,153.37,,Bangalore,28,Standard,u1228@company.com,user_1228,2025-05-23 22:13:03,S015
U1554,2024-05-02,East,Groceries,952.55,804.26,Active,Hyderabad,51,Premium,u1554@company.com,user_1554,2024-05-02 11:38:41,S019
U1750,2024-03-22,South,Office Supplies,4464.1,781.16,,Mumbai,61,Free,u1750@company.com,user_1750,2024-03-22 02:58:22,S016
U1388,2025-04-25,West,Toys,4679.56,1398.19,,Chennai,16,Free,u1388@outlook.com,user_1388,2025-04-25 15:27:46,S015
U1234,2025-05-05,North,Furniture,2178.91,1461.7,Active,Bangalore,37,Basic,u1234@outlook.com,user_1234,2025-05-05 05:19:08,S004
U1456,2025-06-08,South,Furniture,964.92,,Active,Kolkata,28,Basic,u1456@outlook.com,user_1456,2025-06-08 21:13:56,S019
U1157,2025-03-07,South,Electronics,698.86,1988.67,Pending,Bangalore,16,Premium,u1157@yahoo.com,user_1157,2025-03-07 02:28:14,S022
U1559,2024-07-13,East,Groceries,894.24,825.37,,Delhi,65,Free,u1559@company.com,user_1559,2024-07-13 04:47:48,S013
U1214,2025-05-07,East,Toys,1246.81,1717.8,Inactive,Mumbai,64,Free,u1214@company.com,,2025-05-07 05:57:09,S024
U1104,2024-06-21,West,Office Supplies,4877.28,1193.97,,Mumbai,42,Free,u1104@outlook.com,user_1104,2024-06-21 20:25:22,S016
U1286,2024-03-21,East,Furniture,4215.06,616.83,Inactive,Mumbai,61,Basic,,user_1286,2024-03-21 14:41:48,S015
U1457,2024-02-19,East,Toys,268.97,1084.12,Active,Mumbai,33,Basic,u1457@outlook.com,user_1457,2024-02-19 21:52:20,S008
U1141,2024-05-09,West,Groceries,2757.4,51.77,Inactive,Kolkata,48,Free,u1141@gmail.com,user_1141,2024-05-09 02:40:40,S021
U1478,2024-07-14,West,Groceries,4584.68,258.87,Active,Bangalore,63,Basic,u1478@yahoo.com,user_1478,2024-07-14 15:30:29,S024
U1672,2025-03-31,West,Office Supplies,4815.84,1448.9,Pending,Mumbai,25,Standard,u1672@yahoo.com,user_1672,2025-03-31 22:33:24,S017
U1378,2024-02-20,North,Office Supplies,4116.81,756.9,Active,Bangalore,17,Free,,user_1378,2024-02-20 13:38:54,S020
U1036,2024-01-09,East,Furniture,2952.4,448.22,Inactive,Delhi,24,Free,u1036@company.com,user_1036,2024-01-09 06:40:56,S003
U1823,2024-05-22,East,Office Supplies,721.67,609.11,Active,Delhi,55,Free,u1823@company.com,user_1823,2024-05-22 13:06:08,S017
U1167,2024-12-31,North,Groceries,3938.99,,,Chennai,32,Standard,u1167@gmail.com,user_1167,2024-12-31 03:42:45,S020
U1870,2024-11-01,South,Furniture,2723.95,115.62,,Lucknow,60,Premium,u1870@company.com,user_1870,2024-11-01 11:05:23,S013
U1021,2024-11-28,East,Groceries,2327.48,730.09,,Hyderabad,30,Free,u1021@gmail.com,user_1021,2024-11-28 09:47:21,S008
U1217,2025-06-12,North,Toys,964.39,1446.01,,Ahmedabad,50,Free,u1217@gmail.com,user_1217,2025-06-12 17:56:07,S021
U1307,2024-12-17,West,Toys,965.71,630.19,Pending,Mumbai,19,Basic,u1307@outlook.com,user_1307,2024-12-17 21:43:43,S008
U1306,2024-04-08,North,Groceries,3914.73,1347.65,,Jaipur,54,Basic,u1306@yahoo.com,user_1306,2024-04-08 20:21:42,S019
U1738,2024-06-06,West,Furniture,998.95,512.53,Pending,Jaipur,43,Premium,u1738@gmail.com,user_1738,2024-06-06 16:59:32,S001
U1810,2025-03-23,North,Electronics,3215.81,725.17,,Bangalore,17,Free,u1810@gmail.com,user_1810,2025-03-23 17:01:54,S003
U1385,2024-08-25,North,Clothing,1664.21,169.01,Active,Mumbai,50,Basic,u1385@gmail.com,user_1385,2024-08-25 21:33:45,S018
U1823,2024-05-22,East,Office Supplies,721.67,609.11,Active,Delhi,55,Free,u1823@company.com,user_1823,2024-05-22 13:06:08,S017
U1567,2024-02-12,South,Groceries,3276.6,956.5,Inactive,Ahmedabad,43,Premium,u1567@outlook.com,user_1567,2024-02-12 02:32:41,S006
U1852,2024-12-26,South,Furniture,3736.99,215.68,Pending,Bangalore,28,Free,u1852@gmail.com,user_1852,2024-12-26 06:33:54,S023
U1217,2024-12-01,East,Clothing,4070.23,109.51,Active,Delhi,58,Free,u1217@outlook.com,user_1217,2024-12-01 15:05:47,S016
U1594,2024-05-02,East,Furniture,3569.79,507.49,Active,Kolkata,58,Free,u1594@yahoo.com,user_1594,2024-05-02 03:36:00,S021
U1794,2025-03-27,East,Electronics,1892.66,922.95,Inactive,Bangalore,48,Free,u1794@gmail.com,user_1794,2025-03-27 04:13:43,S021
U1307,2024-02-09,East,Toys,4526.68,538.08,Inactive,Mumbai,43,Basic,u1307@company.com,,2024-02-09 02:51:51,S009
U1072,2024-01-28,East,Office Supplies,1947.49,370.66,Inactive,Mumbai,26,Basic,u1072@company.com,user_1072,2024-01-28 21:59:27,S020
U1457,2024-09-26,West,Clothing,1540.57,1823.42,Inactive,Bangalore,58,Free,u1457@yahoo.com,user_1457,2024-09-26 09:52:23,S004
U1249,2025-01-16,East,Electronics,4497.63,1011.64,,Delhi,18,Free,u1249@yahoo.com,,2025-01-16 01:22:45,S020
U1329,2024-08-15,East,Electronics,1251.68,829.98,Inactive,Mumbai,57,Free,u1329@yahoo.com,user_1329,2024-08-15 22:59:54,S018
U1897,2024-11-04,West,Furniture,3833.58,209.91,Pending,Mumbai,50,Free,u1897@yahoo.com,user_1897,2024-11-04 00:36:42,S011
U1141,2025-01-01,East,Furniture,4470.93,1012.86,,Bangalore,41,Premium,u1141@company.com,user_1141,2025-01-01 07:11:03,S023
U1464,2024-12-06,West,Toys,2928.06,1792.67,Active,Mumbai,32,Standard,u1464@company.com,user_1464,2024-12-06 13:46:50,S022
U1559,2025-03-09,South,Toys,1780.27,974.34,Pending,Chennai,36,Premium,u1559@gmail.com,user_1559,2025-03-09 01:18:39,S015
U1592,2024-03-08,West,Toys,4023.09,1285.95,Active,Jaipur,42,Standard,,,2024-03-08 14:33:13,S025
U1666,2024-10-10,South,Office Supplies,4190.66,120.41,Pending,Ahmedabad,59,Free,u1666@gmail.com,user_1666,2024-10-10 06:04:58,S005
U1444,2024-04-18,West,Groceries,2210.83,671.31,Active,Kolkata,35,Free,u1444@company.com,user_1444,2024-04-18 22:06:24,S018
U1897,2024-11-04,West,Furniture,3833.58,209.91,Pending,Mumbai,50,Free,u1897@yahoo.com,user_1897,2024-11-04 00:36:42,S011
U1105,2024-12-14,South,Furniture,1340.61,1832.83,Inactive,Bangalore,36,Free,u1105@outlook.com,user_1105,2024-12-14 18:10:25,S019
U1449,2024-08-27,West,Groceries,1997.84,1488.65,Active,Mumbai,20,Standard,u1449@outlook.com,user_1449,2024-08-27 07:14:11,S010
U1847,2025-02-16,East,Clothing,2301.64,1108.78,Active,Mumbai,19,Basic,u1847@yahoo.com,user_1847,2025-02-16 07:45:38,S005
U1499,2024-11-12,West,Clothing,2693.14,754.44,Inactive,Bangalore,35,Basic,u1499@yahoo.com,user_1499,2024-11-12 11:22:35,S001
U1273,2024-01-28,East,Office Supplies,4392.56,1267.45,Pending,Delhi,36,Standard,u1273@company.com,,2024-01-28 07:00:54,S003
U1145,2024-05-17,West,Toys,1875.98,323.76,Pending,Mumbai,35,Free,u1145@yahoo.com,user_1145,2024-05-17 10:48:42,S023
U1344,2025-02-05,South,Office Supplies,2123.22,10.1,Pending,Mumbai,61,Free,u1344@gmail.com,user_1344,2025-02-05 21:18:16,S019
U1411,2024-11-01,West,Electronics,3829.7,660.17,Active,Delhi,34,Basic,u1411@gmail.com,,2024-11-01 12:11:36,S017
U1117,2024-09-23,South,Groceries,2609.44,640.46,Active,Mumbai,59,Premium,u1117@outlook.com,user_1117,2024-09-23 14:31:41,S014
U1245,2025-06-09,South,Office Supplies,4541.17,841.56,Active,Bangalore,60,Standard,u1245@outlook.com,user_1245,2025-06-09 03:30:49,S017
U1149,2024-11-24,North,Clothing,911.12,940.29,Pending,Kolkata,24,Free,u1149@company.com,user_1149,2024-11-24 13:05:38,S009
U1830,2025-04-16,South,Office Supplies,2646.4,,Pending,Delhi,64,Free,u1830@yahoo.com,user_1830,2025-04-16 20:16:19,S008
U1041,2024-06-06,North,Toys,4036.54,1947.12,Active,Bangalore,61,Basic,u1041@outlook.com,user_1041,2024-06-06 22:43:57,S002
U1669,2024-06-06,West,Office Supplies,2479.68,1614.64,Pending,Jaipur,53,Basic,u1669@gmail.com,user_1669,2024-06-06 16:12:31,S015
U1285,2024-05-11,East,Furniture,2762.44,,Active,Lucknow,62,Premium,u1285@company.com,,2024-05-11 11:09:08,S020
U1026,2025-03-10,North,Electronics,3521.94,156.8,Inactive,Mumbai,38,Basic,u1026@gmail.com,,2025-03-10 13:09:48,S006
U1808,2024-04-28,West,Clothing,1486.38,1360.9,Active,Chennai,47,Basic,u1808@yahoo.com,user_1808,2024-04-28 05:34:38,S014
U1764,2025-01-21,South,Clothing,2205.76,,Inactive,Indore,62,Free,u1764@outlook.com,user_1764,2025-01-21 01:08:50,S005
U1517,2024-05-31,South,Toys,4413.13,368.03,,Mumbai,22,Free,u1517@company.com,user_1517,2024-05-31 04:55:02,S014
U1477,2025-06-06,North,Toys,2456.16,101.88,Active,Delhi,20,Standard,u1477@gmail.com,user_1477,2025-06-06 15:58:00,S015
U1077,2024-04-03,East,Toys,4869.9,52.43,Inactive,Kolkata,34,Standard,u1077@gmail.com,user_1077,2024-04-03 15:07:21,S023
U1699,2024-10-17,North,Clothing,2054.93,,Inactive,Mumbai,32,Standard,u1699@gmail.com,user_1699,2024-10-17 09:11:40,S023
U1776,2024-06-12,East,Furniture,710.71,1250.98,Inactive,Mumbai,16,Basic,u1776@gmail.com,user_1776,2024-06-12 00:14:01,S008
U1618,2024-09-27,West,Toys,2324.15,1845.37,Active,Bangalore,55,Standard,u1618@gmail.com,,2024-09-27 07:49:18,S003
U1304,2024-10-22,East,Toys,3539.69,704.12,Pending,Delhi,51,Free,u1304@company.com,user_1304,2024-10-22 04:18:02,S010
U1286,2024-07-01,North,Groceries,556.49,1178.76,,Delhi,64,Standard,u1286@company.com,user_1286,2024-07-01 00:50:14,S007
U1195,2024-12-22,North,Furniture,4137.39,828.96,Pending,Bangalore,57,Basic,u1195@yahoo.com,user_1195,2024-12-22 22:18:12,S022
U1375,2024-07-08,South,Toys,4790.85,716.1,,Delhi,47,Basic,u1375@outlook.com,user_1375,2024-07-08 03:33:08,S016
U1816,2024-09-21,North,Office Supplies,4407.58,559.77,Active,Bangalore,27,Premium,u1816@company.com,user_1816,2024-09-21 07:44:30,S021
U1672,2024-09-13,East,Clothing,2007.03,862.4,Inactive,Bangalore,32,Premium,u1672@company.com,user_1672,2024-09-13 11:47:27,S001
U1442,2024-11-03,East,Electronics,2326.66,1087.58,Inactive,Surat,23,Standard,u1442@company.com,user_1442,2024-11-03 13:29:46,S015
U1485,2024-01-20,North,Groceries,3566.09,1580.68,Pending,Bangalore,48,Premium,u1485@company.com,user_1485,2024-01-20 18:22:59,S012
U1364,2024-01-08,North,Toys,2923.62,,,Kolkata,18,Standard,u1364@company.com,user_1364,2024-01-08 10:43:30,S018
U1436,2024-06-21,South,Office Supplies,1161.94,1995.23,Pending,Delhi,57,Free,u1436@company.com,user_1436,2024-06-21 20:06:55,S025
U1841,2024-12-09,South,Electronics,1362.8,144.91,Pending,Pune,61,Premium,,user_1841,2024-12-09 13:10:56,S014
U1810,2025-04-26,South,Furniture,3810.64,1419.48,,Bangalore,63,Standard,u1810@outlook.com,user_1810,2025-04-26 10:55:19,S020
U1496,2024-07-04,West,Office Supplies,4921.15,1195.13,Inactive,Hyderabad,63,Free,u1496@yahoo.com,user_1496,2024-07-04 23:40:10,S007
U1147,2024-07-19,North,Electronics,4710.66,1586.56,Active,Hyderabad,51,Free,u1147@company.com,user_1147,2024-07-19 21:51:33,S003
U1417,2024-07-18,East,Toys,830.51,1207.91,Inactive,Mumbai,43,Standard,u1417@company.com,user_1417,2024-07-18 08:59:02,S023
U1767,2025-04-15,North,Electronics,4813.4,957.63,,Delhi,45,Standard,,user_1767,2025-04-15 00:55:30,S014
U1210,2025-06-15,East,Furniture,721.63,84.34,Pending,Mumbai,52,Basic,u1210@yahoo.com,,2025-06-15 12:08:41,S001
U1508,2024-07-29,South,Clothing,742.31,441.9,Pending,Bangalore,53,Free,u1508@yahoo.com,user_1508,2024-07-29 19:03:45,S001
U1122,2024-04-29,West,Electronics,2471.63,1024.4,Active,Bangalore,51,Free,u1122@gmail.com,user_1122,2024-04-29 05:24:30,S021
U1671,2025-05-24,North,Office Supplies,4539.21,1476.1,Inactive,Delhi,60,Basic,u1671@company.com,user_1671,2025-05-24 21:22:32,S010
U1411,2025-03-12,West,Office Supplies,3664.32,855.85,Active,Bangalore,63,Free,u1411@gmail.com,user_1411,2025-03-12 14:46:37,S014
U1289,2024-04-12,East,Office Supplies,1176.04,38.16,Inactive,Delhi,18,Standard,u1289@yahoo.com,user_1289,2024-04-12 15:06:55,S001
U1319,2025-02-28,West,Clothing,4642.86,925.73,Inactive,Mumbai,45,Premium,u1319@gmail.com,user_1319,2025-02-28 05:14:30,S022
U1004,2024-09-03,North,Furniture,4936.07,749.85,,Mumbai,24,Basic,u1004@outlook.com,user_1004,2024-09-03 13:43:36,S023
U1814,2024-05-19,East,Clothing,3450.74,,,Delhi,43,Premium,,user_1814,2024-05-19 15:04:41,S017
U1369,2025-02-12,South,Groceries,333.35,667.21,Active,Mumbai,59,Free,u1369@yahoo.com,,2025-02-12 03:55:33,S009
U1266,2025-04-28,East,Office Supplies,1992.87,1183.31,Pending,Mumbai,47,Premium,u1266@gmail.com,user_1266,2025-04-28 19:43:10,S025
U1363,2024-02-14,South,Groceries,1628.61,90.75,Inactive,Kolkata,18,Basic,u1363@company.com,user_1363,2024-02-14 19:40:10,S009
U1428,2024-07-03,South,Furniture,192.43,478.62,,Jaipur,38,Free,u1428@company.com,user_1428,2024-07-03 10:44:25,S022
U1754,2024-04-21,West,Electronics,498.12,1822.98,Pending,Pune,19,Standard,u1754@company.com,user_1754,2024-04-21 19:35:42,S024
U1586,2024-01-31,North,Clothing,2211.88,184.87,Inactive,Delhi,34,Free,u1586@yahoo.com,user_1586,2024-01-31 08:15:52,S009
U1838,2025-01-18,East,Office Supplies,4702.99,1576.92,Inactive,Mumbai,37,Free,u1838@yahoo.com,user_1838,2025-01-18 13:49:11,S006
U1548,2025-01-15,North,Electronics,432.76,1606.12,,Mumbai,53,Basic,u1548@company.com,user_1548,2025-01-15 14:19:44,S004
U1836,2025-01-25,West,Electronics,4874.26,775.75,,Delhi,17,Basic,u1836@gmail.com,user_1836,2025-01-25 06:30:24,S022
U1468,2025-05-19,West,Toys,4341.05,196.22,Pending,Mumbai,25,Standard,u1468@yahoo.com,user_1468,2025-05-19 00:33:49,S019
U1266,2025-01-04,North,Groceries,2809.58,694.84,,Mumbai,58,Basic,u1266@yahoo.com,user_1266,2025-01-04 09:22:20,S022
U1169,2025-01-02,North,Groceries,1880.13,1685.71,Inactive,Delhi,51,Premium,u1169@company.com,user_1169,2025-01-02 16:27:46,S023
U1869,2024-02-25,West,Office Supplies,1156.11,1618.85,Pending,Mumbai,43,Premium,u1869@gmail.com,user_1869,2024-02-25 19:56:47,S014
U1891,2024-10-05,South,Furniture,4849.23,362.3,,Bangalore,55,Free,u1891@outlook.com,user_1891,2024-10-05 15:34:14,S003
U1320,2024-04-02,West,Electronics,3663.27,338.58,Active,Mumbai,33,Free,u1320@gmail.com,user_1320,2024-04-02 13:43:32,S024
U1825,2024-03-29,South,Furniture,4546.74,404.25,Pending,Delhi,24,Free,u1825@gmail.com,user_1825,2024-03-29 05:36:46,S021
U1671,2024-09-25,North,Clothing,2800.57,582.8,Inactive,Bangalore,26,Premium,u1671@yahoo.com,,2024-09-25 07:48:22,S016
U1745,2024-03-19,West,Toys,4863.48,1953.44,Active,Delhi,59,Free,u1745@gmail.com,user_1745,2024-03-19 18:39:24,S025
U1868,2024-01-23,North,Groceries,733.35,1391.99,Active,Delhi,50,Free,u1868@gmail.com,user_1868,2024-01-23 12:43:46,S015
U1206,2024-04-19,South,Furniture,538.83,1674.24,,Bangalore,59,Standard,,user_1206,2024-04-19 22:04:00,S007
U1086,2025-06-08,South,Office Supplies,1840.27,581.01,Pending,Delhi,17,Free,u1086@company.com,user_1086,2025-06-08 21:19:38,S025
U1527,2024-10-05,North,Clothing,132.46,1660.35,Inactive,Delhi,24,Basic,u1527@gmail.com,,2024-10-05 02:56:09,S019
U1325,2025-05-02,North,Clothing,3609.75,1496.86,,Delhi,21,Basic,u1325@gmail.com,user_1325,2025-05-02 16:07:32,S021
U1057,2024-10-03,North,Electronics,3602.95,806.4,,Mumbai,27,Free,u1057@yahoo.com,user_1057,2024-10-03 16:27:12,S001
U1404,2025-05-23,West,Clothing,3431.9,437.29,Inactive,Delhi,43,Basic,,user_1404,2025-05-23 07:41:18,S016
U1865,2024-01-27,North,Electronics,943.06,624.88,Pending,Delhi,26,Basic,u1865@company.com,user_1865,2024-01-27 23:40:01,S003
U1652,2025-04-02,West,Groceries,2661.57,1325.93,Pending,Delhi,61,Free,u1652@outlook.com,user_1652,2025-04-02 22:05:22,S018
U1260,2025-01-03,North,Office Supplies,2166.11,428.43,Pending,Chennai,45,Basic,u1260@gmail.com,,2025-01-03 21:41:48,S024
U1381,2024-03-27,North,Electronics,157.91,,,Pune,20,Standard,u1381@company.com,user_1381,2024-03-27 18:27:52,S024
U1205,2024-06-25,North,Office Supplies,447.86,414.61,Active,Kolkata,24,Standard,,user_1205,2024-06-25 03:30:35,S022
U1038,2024-09-10,East,Furniture,4521.97,1569.74,,Delhi,36,Basic,u1038@outlook.com,user_1038,2024-09-10 02:03:56,S003
U1452,2025-02-05,East,Electronics,2966.32,853.55,Inactive,Mumbai,42,Basic,,user_1452,2025-02-05 19:38:21,S003
U1254,2025-06-07,West,Furniture,1269.05,472.56,Pending,Delhi,58,Basic,,user_1254,2025-06-07 13:19:06,S006
U1360,2025-06-06,East,Toys,540.1,481.83,Inactive,Mumbai,28,Basic,u1360@yahoo.com,user_1360,2025-06-06 08:08:46,S020
U1694,2025-02-16,South,Groceries,681.48,,Inactive,Chennai,24,Free,u1694@outlook.com,user_1694,2025-02-16 23:40:23,S023
U1397,2025-05-02,North,Groceries,3021.69,850.85,Pending,Bangalore,42,Free,u1397@outlook.com,user_1397,2025-05-02 21:14:41,S022
U1096,2024-09-14,West,Electronics,2145.24,1524.68,Inactive,Bangalore,33,Basic,u1096@outlook.com,user_1096,2024-09-14 02:38:37,S017
U1481,2024-08-30,South,Groceries,1458.61,1227.32,Pending,Pune,35,Free,u1481@outlook.com,user_1481,2024-08-30 09:17:07,S002
U1223,2025-04-21,North,Office Supplies,880.56,1498.37,Active,Kolkata,25,Standard,u1223@gmail.com,user_1223,2025-04-21 18:43:58,S013
U1085,2024-06-06,East,Furniture,4073.26,,Inactive,Delhi,37,Basic,u1085@gmail.com,user_1085,2024-06-06 08:02:42,S002
U1327,2024-05-22,West,Electronics,4520.63,641.18,,Delhi,46,Basic,u1327@outlook.com,user_1327,2024-05-22 06:15:06,S001
U1189,2025-05-30,South,Toys,1561.35,484.85,Pending,Chennai,25,Basic,u1189@company.com,user_1189,2025-05-30 00:42:30,S014
U1021,2025-02-15,North,Electronics,3137.26,26.99,Pending,Delhi,31,Basic,u1021@outlook.com,user_1021,2025-02-15 20:42:12,S025
U1740,2024-07-04,East,Office Supplies,3486.76,742.2,,Bangalore,35,Premium,u1740@outlook.com,user_1740,2024-07-04 00:41:21,S014
U1827,2024-12-18,East,Clothing,206.94,67.7,,Hyderabad,45,Standard,u1827@company.com,user_1827,2024-12-18 02:40:54,S023
U1186,2024-10-26,West,Groceries,4634.82,573.25,,Delhi,30,Standard,u1186@company.com,,2024-10-26 14:32:19,S005
U1603,2025-06-16,North,Groceries,3902.57,1631.71,,Bangalore,36,Standard,u1603@company.com,user_1603,2025-06-16 18:19:51,S009
U1738,2024-04-27,North,Toys,1733.87,324.73,Active,Ahmedabad,61,Standard,u1738@yahoo.com,user_1738,2024-04-27 03:55:40,S010
U1175,2024-12-14,South,Toys,3449.56,1518.18,Inactive,Hyderabad,49,Basic,u1175@yahoo.com,user_1175,2024-12-14 10:26:01,S011
U1110,2024-05-25,South,Toys,3965.14,348.93,Inactive,Mumbai,25,Premium,u1110@yahoo.com,user_1110,2024-05-25 06:16:33,S014
U1765,2025-01-17,South,Toys,2768.71,1079.66,Inactive,Kolkata,58,Premium,u1765@outlook.com,user_1765,2025-01-17 18:07:03,S018
U1400,2024-02-03,East,Groceries,1625.17,1226.65,Active,Lucknow,24,Standard,u1400@yahoo.com,user_1400,2024-02-03 10:10:40,S003
U1260,2025-05-19,South,Toys,4056.32,498.66,Pending,Mumbai,37,Standard,u1260@gmail.com,user_1260,2025-05-19 06:31:18,S012
U1104,2025-06-23,South,Clothing,4517.52,84.19,,Kolkata,38,Standard,u1104@yahoo.com,user_1104,2025-06-23 05:24:39,S005
U1234,2024-04-02,East,Electronics,3096.48,508.28,Pending,Bangalore,33,Basic,u1234@outlook.com,user_1234,2024-04-02 05:14:26,S010
U1653,2024-08-26,West,Electronics,2095.84,210.08,Inactive,Mumbai,50,Basic,u1653@company.com,user_1653,2024-08-26 06:48:18,S011
U1726,2024-07-30,East,Toys,1221.81,272.98,Active,Lucknow,53,Free,u1726@gmail.com,user_1726,2024-07-30 16:57:03,S025
U1366,2024-07-15,West,Groceries,3144.92,450.08,,Ahmedabad,17,Standard,u1366@yahoo.com,,2024-07-15 20:25:07,S009
U1405,2024-08-11,North,Clothing,4449.11,1871.64,Pending,Delhi,20,Basic,u1405@outlook.com,user_1405,2024-08-11 11:14:37,S002
U1053,2025-06-22,East,Electronics,2787.57,1456.97,Pending,Hyderabad,49,Premium,u1053@yahoo.com,user_1053,2025-06-22 08:04:21,S018
U1022,2024-10-26,East,Furniture,438.01,288.66,Active,Kolkata,59,Free,u1022@yahoo.com,user_1022,2024-10-26 01:19:33,S004
U1524,2025-02-07,East,Clothing,1622.9,1887.37,Pending,Delhi,60,Free,u1524@outlook.com,,2025-02-07 11:22:19,S015
U1149,2025-05-13,South,Office Supplies,3130.06,1684.57,Inactive,Mumbai,15,Premium,u1149@gmail.com,user_1149,2025-05-13 20:39:26,S020
U1799,2025-05-21,South,Clothing,1644.96,1800.94,Active,Bangalore,15,Standard,,user_1799,2025-05-21 11:41:21,S014
U1072,2024-08-19,North,Furniture,4468.56,1481.91,Inactive,Mumbai,24,Standard,u1072@gmail.com,user_1072,2024-08-19 16:19:33,S004
U1791,2024-08-06,South,Clothing,4253.21,767.32,,Mumbai,19,Basic,u1791@gmail.com,,2024-08-06 20:31:19,S020
U1377,2025-04-20,South,Toys,4619.21,491.46,,Bangalore,26,Free,u1377@outlook.com,user_1377,2025-04-20 08:47:53,S023
U1594,2024-11-26,North,Electronics,3154.24,997.84,Pending,Mumbai,48,Premium,u1594@gmail.com,user_1594,2024-11-26 23:13:29,S017
U1284,2024-03-02,East,Groceries,3116.15,1445.88,Active,Delhi,52,Premium,u1284@yahoo.com,user_1284,2024-03-02 09:33:41,S004
U1363,2024-08-19,East,Clothing,3042.64,1695.14,Inactive,Chennai,32,Free,u1363@outlook.com,,2024-08-19 01:36:30,S023
U1787,2025-03-18,South,Electronics,2552.67,1121.19,Active,Bangalore,17,Premium,u1787@gmail.com,user_1787,2025-03-18 23:52:44,S021
U1868,2024-03-01,South,Furniture,1155.5,,Pending,Pune,45,Basic,u1868@outlook.com,user_1868,2024-03-01 10:38:56,S018
U1657,2025-06-24,South,Furniture,4170.39,952.73,Pending,Delhi,50,Basic,u1657@company.com,user_1657,2025-06-24 12:55:04,S019
U1207,2024-04-12,North,Toys,2902.2,864.77,Inactive,Ahmedabad,50,Standard,u1207@yahoo.com,user_1207,2024-04-12 15:46:25,S012
U1158,2024-03-08,East,Toys,2030.41,1454.72,Pending,Delhi,25,Premium,u1158@company.com,user_1158,2024-03-08 04:23:46,S024
U1481,2024-01-20,West,Office Supplies,1159.9,,Active,Kolkata,30,Basic,u1481@yahoo.com,user_1481,2024-01-20 15:42:07,S019
U1176,2024-06-27,East,Toys,4056.62,736.49,Active,Pune,16,Free,u1176@company.com,user_1176,2024-06-27 08:39:20,S001
U1115,2024-01-08,West,Office Supplies,4521.93,1835.83,,Bangalore,17,Free,u1115@outlook.com,user_1115,2024-01-08 02:49:04,S006
U1464,2025-05-27,North,Furniture,1342.69,611.87,Inactive,Mumbai,35,Standard,u1464@gmail.com,user_1464,2025-05-27 23:55:43,S006
U1773,2024-04-28,West,Groceries,1497.82,1389.66,,Chennai,39,Basic,,user_1773,2024-04-28 00:28:58,S003
U1831,2025-04-17,East,Furniture,3685.04,,Pending,Pune,42,Standard,u1831@company.com,user_1831,2025-04-17 14:09:02,S012
U1006,2024-11-03,East,Furniture,4285.82,,Pending,Lucknow,47,Basic,u1006@company.com,user_1006,2024-11-03 04:16:23,S019
U1412,2025-04-19,South,Office Supplies,2947.27,1167.14,,Ahmedabad,57,Basic,u1412@gmail.com,user_1412,2025-04-19 05:38:33,S013
U1676,2024-03-24,East,Furniture,910.38,,Active,Delhi,59,Free,u1676@yahoo.com,user_1676,2024-03-24 09:44:55,S015
U1773,2025-03-20,West,Groceries,4177.61,1972.6,Inactive,Mumbai,55,Standard,u1773@company.com,user_1773,2025-03-20 12:08:23,S022
U1708,2024-02-11,South,Groceries,892.33,940.15,Inactive,Bangalore,42,Standard,,user_1708,2024-02-11 15:08:19,S014
U1323,2024-01-11,East,Toys,3218.05,1752.92,Pending,Ahmedabad,22,Premium,u1323@yahoo.com,user_1323,2024-01-11 01:25:25,S010
U1063,2025-03-28,West,Office Supplies,3073.16,212.64,Active,Bangalore,33,Free,u1063@company.com,user_1063,2025-03-28 19:50:42,S020
U1033,2024-12-19,South,Groceries,2286.91,,Pending,Mumbai,31,Free,,user_1033,2024-12-19 12:16:34,S008
U1810,2024-08-08,North,Toys,3021.0,826.32,Active,Bangalore,48,Standard,u1810@gmail.com,user_1810,2024-08-08 20:55:32,S002
U1081,2024-03-01,West,Furniture,582.99,307.16,Active,Delhi,36,Standard,u1081@company.com,user_1081,2024-03-01 03:59:41,S022
U1886,2025-01-29,East,Office Supplies,679.32,1634.7,Pending,Jaipur,21,Standard,u1886@yahoo.com,user_1886,2025-01-29 01:53:37,S024
U1823,2024-04-27,South,Electronics,746.75,1721.68,,Ahmedabad,50,Standard,u1823@company.com,,2024-04-27 17:07:29,S012
U1100,2025-02-06,East,Clothing,3845.28,806.65,Active,Bangalore,37,Basic,u1100@company.com,user_1100,2025-02-06 03:16:22,S017
U1719,2025-03-20,North,Groceries,669.92,1430.4,Inactive,Delhi,59,Premium,u1719@company.com,user_1719,2025-03-20 18:34:45,S021
U1452,2024-11-16,North,Clothing,1803.26,1923.28,,Mumbai,50,Premium,u1452@company.com,user_1452,2024-11-16 04:39:58,S010
U1489,2024-03-11,South,Furniture,693.16,870.08,,Mumbai,51,Standard,u1489@company.com,user_1489,2024-03-11 00:09:28,S003
U1783,2024-05-15,East,Electronics,970.22,800.43,Inactive,Mumbai,23,Free,u1783@outlook.com,user_1783,2024-05-15 11:28:14,S008
U1813,2024-04-16,South,Office Supplies,1046.39,1549.96,Inactive,Mumbai,18,Basic,u1813@outlook.com,user_1813,2024-04-16 20:38:32,S017
U1414,2024-11-26,East,Electronics,4417.79,1449.49,Active,Jaipur,54,Free,u1414@outlook.com,user_1414,2024-11-26 03:29:32,S014
U1739,2024-12-22,South,Toys,3458.02,1305.3,,Kolkata,30,Free,,user_1739,2024-12-22 20:45:43,S001
U1608,2024-03-13,West,Office Supplies,4672.93,1723.02,,Delhi,58,Basic,u1608@gmail.com,,2024-03-13 02:00:16,S007
U1038,2024-09-07,West,Electronics,1543.77,1698.03,,Lucknow,24,Basic,u1038@gmail.com,user_1038,2024-09-07 23:55:22,S004
U1203,2025-05-08,South,Furniture,78.18,1615.54,Inactive,Kolkata,17,Standard,u1203@outlook.com,user_1203,2025-05-08 18:54:31,S008
U1798,2025-02-13,South,Electronics,1866.74,,,Chennai,61,Premium,u1798@outlook.com,user_1798,2025-02-13 07:14:27,S018
U1331,2024-09-30,West,Electronics,600.9,1087.99,,Mumbai,15,Free,u1331@company.com,user_1331,2024-09-30 14:58:30,S002
U1830,2024-05-20,West,Office Supplies,885.2,1336.66,Active,Bangalore,56,Free,u1830@gmail.com,user_1830,2024-05-20 02:12:36,S008
U1671,2024-11-04,East,Office Supplies,2675.25,366.07,Pending,Lucknow,39,Standard,u1671@company.com,user_1671,2024-11-04 13:03:20,S014
U1886,2024-10-24,South,Electronics,2934.91,54.06,Pending,Mumbai,25,Standard,u1886@outlook.com,user_1886,2024-10-24 19:27:02,S003
U1342,2025-01-14,East,Office Supplies,79.83,1377.74,Inactive,Bangalore,51,Free,u1342@outlook.com,user_1342,2025-01-14 14:27:16,S025
U1587,2024-10-18,South,Clothing,2230.32,112.24,,Mumbai,19,Free,u1587@gmail.com,user_1587,2024-10-18 18:19:05,S008
U1061,2024-08-06,West,Office Supplies,4000.57,1965.4,,Delhi,53,Basic,u1061@yahoo.com,user_1061,2024-08-06 00:18:54,S017
U1414,2024-09-26,East,Toys,1733.81,274.73,,Mumbai,62,Standard,u1414@gmail.com,user_1414,2024-09-26 07:28:52,S002
U1110,2025-02-18,West,Office Supplies,1828.59,187.22,Inactive,Kolkata,28,Free,,user_1110,2025-02-18 08:49:06,S023
U1571,2025-06-16,West,Clothing,2669.24,1285.27,Active,Delhi,38,Free,u1571@company.com,user_1571,2025-06-16 18:29:57,S013
U1715,2024-01-19,South,Groceries,4534.9,518.36,Active,Delhi,65,Standard,,user_1715,2024-01-19 00:04:24,S022
U1115,2024-10-16,North,Groceries,3071.95,63.3,,Bangalore,19,Standard,u1115@company.com,user_1115,2024-10-16 11:16:38,S017
U1183,2024-11-19,East,Toys,3817.42,913.74,,Bangalore,53,Standard,u1183@gmail.com,user_1183,2024-11-19 09:31:08,S017
U1153,2024-01-27,West,Groceries,1096.82,1434.38,Pending,Lucknow,39,Premium,u1153@yahoo.com,user_1153,2024-01-27 20:05:04,S008
U1609,2024-06-05,East,Office Supplies,1933.23,573.62,,Mumbai,23,Free,u1609@yahoo.com,,2024-06-05 16:46:46,S012
U1493,2024-04-15,West,Electronics,4187.79,1305.99,,Delhi,22,Free,u1493@yahoo.com,user_1493,2024-04-15 09:10:39,S018
U1215,2025-06-20,East,Electronics,516.53,1337.92,Active,Pune,37,Basic,u1215@company.com,user_1215,2025-06-20 13:28:55,S008
U1502,2025-06-18,West,Furniture,919.84,1007.82,Active,Delhi,45,Premium,u1502@company.com,,2025-06-18 19:03:00,S022
U1472,2024-03-31,West,Furniture,164.45,953.23,,Mumbai,59,Basic,u1472@gmail.com,user_1472,2024-03-31 08:34:39,S014
U1263,2024-12-04,West,Electronics,2063.19,1401.07,,Mumbai,52,Free,u1263@company.com,user_1263,2024-12-04 14:28:05,S004
U1607,2024-02-08,West,Electronics,439.3,1511.08,Active,Hyderabad,61,Basic,u1607@company.com,user_1607,2024-02-08 16:32:35,S004
U1821,2025-06-03,West,Toys,3808.2,1675.17,,Mumbai,34,Basic,u1821@yahoo.com,user_1821,2025-06-03 22:21:44,S025
U1333,2024-07-05,East,Furniture,2904.41,1233.47,,Jaipur,21,Free,u1333@gmail.com,user_1333,2024-07-05 07:35:35,S005
U1573,2025-02-20,East,Furniture,4329.8,1623.44,,Mumbai,62,Standard,u1573@company.com,user_1573,2025-02-20 23:51:15,S009
U1726,2025-03-07,South,Toys,3734.33,1578.39,,Bangalore,48,Premium,u1726@company.com,user_1726,2025-03-07 00:13:36,S006
U1434,2024-04-01,South,Office Supplies,1773.74,1824.08,Pending,Bangalore,25,Basic,u1434@yahoo.com,user_1434,2024-04-01 12:23:03,S025
U1215,2024-11-21,North,Furniture,4557.74,1281.11,,Mumbai,65,Basic,u1215@yahoo.com,user_1215,2024-11-21 23:37:11,S003
U1009,2024-08-10,East,Office Supplies,279.78,1628.61,Pending,Jaipur,25,Standard,u1009@gmail.com,user_1009,2024-08-10 07:36:08,S010
U1242,2024-06-19,North,Toys,1850.28,1580.81,Inactive,Delhi,34,Standard,u1242@company.com,user_1242,2024-06-19 14:47:47,S016
U1712,2024-10-05,East,Toys,2039.67,1207.13,Pending,Mumbai,45,Basic,u1712@outlook.com,,2024-10-05 10:22:30,S025
U1427,2024-02-13,West,Groceries,673.32,474.02,,Delhi,32,Basic,u1427@gmail.com,user_1427,2024-02-13 19:35:20,S016
U1286,2025-05-08,North,Toys,3778.52,168.49,Active,Mumbai,16,Basic,u1286@outlook.com,user_1286,2025-05-08 16:37:51,S025
U1426,2024-11-21,South,Clothing,2317.83,1988.07,Active,Mumbai,54,Free,u1426@yahoo.com,user_1426,2024-11-21 04:25:33,S002
U1335,2024-12-14,West,Groceries,2774.87,,Active,Hyderabad,46,Basic,u1335@yahoo.com,,2024-12-14 05:18:35,S008
U1370,2024-06-09,North,Toys,2235.51,1467.78,Active,Mumbai,38,Standard,u1370@gmail.com,user_1370,2024-06-09 14:26:49,S025
U1163,2025-03-01,South,Electronics,1779.54,1330.04,Pending,Delhi,28,Free,u1163@gmail.com,user_1163,2025-03-01 11:28:15,S021
U1132,2024-11-23,South,Toys,2595.8,220.98,,Mumbai,56,Basic,u1132@company.com,,2024-11-23 20:23:46,S018
U1446,2024-10-01,North,Furniture,4162.12,1764.45,Inactive,Kolkata,51,Free,u1446@company.com,user_1446,2024-10-01 05:31:13,S012
U1897,2025-05-31,West,Furniture,2514.73,1666.38,,Mumbai,43,Premium,u1897@yahoo.com,user_1897,2025-05-31 05:48:42,S023
U1184,2024-12-25,South,Electronics,4789.52,438.98,Inactive,Mumbai,15,Free,u1184@outlook.com,user_1184,2024-12-25 01:27:04,S001
U1489,2024-05-18,North,Clothing,532.11,412.37,Pending,Delhi,29,Premium,,user_1489,2024-05-18 09:14:20,S006
U1247,2025-06-01,West,Electronics,4106.95,1062.39,Inactive,Ahmedabad,25,Premium,u1247@gmail.com,user_1247,2025-06-01 16:54:45,S016
U1298,2024-02-28,North,Electronics,2102.88,656.94,Inactive,Mumbai,31,Standard,u1298@company.com,user_1298,2024-02-28 00:09:51,S007
U1417,2024-04-30,East,Toys,2853.03,69.58,Inactive,Delhi,63,Standard,u1417@yahoo.com,user_1417,2024-04-30 08:05:50,S018
U1570,2025-04-10,East,Furniture,156.25,307.81,Active,Delhi,39,Standard,u1570@outlook.com,user_1570,2025-04-10 20:24:54,S007
U1716,2024-01-09,East,Electronics,1488.77,804.57,Active,Mumbai,44,Premium,u1716@company.com,user_1716,2024-01-09 14:06:05,S006
U1646,2024-01-31,East,Office Supplies,582.92,275.1,Inactive,Mumbai,46,Free,u1646@yahoo.com,user_1646,2024-01-31 05:27:52,S017
U1825,2024-03-21,East,Electronics,1342.4,603.71,Pending,Chennai,40,Free,u1825@gmail.com,user_1825,2024-03-21 17:35:23,S002
U1274,2025-06-03,East,Clothing,350.98,530.59,Pending,Delhi,43,Free,u1274@gmail.com,user_1274,2025-06-03 23:14:21,S021
U1851,2024-05-20,South,Toys,3947.7,1872.87,Pending,Bangalore,38,Standard,u1851@company.com,user_1851,2024-05-20 02:07:09,S005
U1587,2025-02-09,South,Electronics,2834.06,1194.63,Pending,Chennai,46,Standard,u1587@outlook.com,user_1587,2025-02-09 02:32:12,S020
U1320,2025-01-21,South,Groceries,2577.04,53.48,,Bangalore,64,Basic,,user_1320,2025-01-21 07:31:43,S020
U1582,2025-04-26,South,Clothing,1813.43,1047.42,Inactive,Mumbai,19,Free,u1582@outlook.com,user_1582,2025-04-26 10:34:13,S012
U1844,2025-02-09,West,Clothing,4409.58,1092.55,Active,Bangalore,31,Basic,u1844@outlook.com,user_1844,2025-02-09 10:46:53,S012
U1738,2024-08-08,South,Clothing,4446.05,1656.56,,Delhi,21,Standard,u1738@outlook.com,user_1738,2024-08-08 04:43:59,S016
U1434,2024-07-26,North,Electronics,4797.33,600.03,,Jaipur,44,Standard,u1434@outlook.com,,2024-07-26 08:45:35,S022
U1642,2025-01-30,North,Office Supplies,4228.55,611.88,Inactive,Mumbai,46,Basic,u1642@yahoo.com,user_1642,2025-01-30 00:20:13,S023
U1631,2024-11-02,North,Groceries,4150.03,1420.39,Pending,Bangalore,16,Standard,u1631@gmail.com,user_1631,2024-11-02 18:19:50,S024
U1639,2025-06-11,East,Clothing,1050.81,1081.46,Inactive,Jaipur,61,Premium,,user_1639,2025-06-11 04:22:49,S018
U1137,2024-03-17,North,Toys,2191.25,28.42,Active,Bangalore,19,Standard,,user_1137,2024-03-17 10:38:35,S022
U1014,2024-12-17,West,Office Supplies,2277.8,,Inactive,Kolkata,28,Basic,u1014@outlook.com,user_1014,2024-12-17 19:46:09,S023
U1770,2024-08-30,South,Groceries,3774.33,239.01,Active,Delhi,50,Free,u1770@gmail.com,user_1770,2024-08-30 07:58:56,S001
U1104,2024-05-31,South,Clothing,3413.25,122.1,Pending,Surat,26,Premium,u1104@outlook.com,user_1104,2024-05-31 04:40:46,S013
U1652,2024-07-16,South,Office Supplies,840.86,695.44,,Mumbai,33,Premium,u1652@gmail.com,user_1652,2024-07-16 17:08:35,S023
U1770,2024-02-11,North,Clothing,510.19,1484.78,Inactive,Mumbai,52,Premium,u1770@company.com,,2024-02-11 11:25:34,S004
U1514,2024-12-03,West,Clothing,2380.1,835.27,Pending,Chennai,25,Free,u1514@gmail.com,user_1514,2024-12-03 10:51:40,S011
U1058,2024-12-20,West,Clothing,4917.86,16.56,,Delhi,61,Standard,u1058@company.com,user_1058,2024-12-20 11:29:24,S017
U1820,2024-03-31,North,Furniture,4284.92,209.52,Inactive,Mumbai,53,Standard,u1820@yahoo.com,user_1820,2024-03-31 04:44:45,S020
U1400,2025-03-03,North,Office Supplies,993.33,1406.65,Active,Delhi,44,Standard,u1400@gmail.com,user_1400,2025-03-03 21:09:29,S022
U1705,2024-06-14,South,Groceries,896.03,1536.94,Active,Mumbai,40,Free,u1705@company.com,user_1705,2024-06-14 07:54:14,S006
U1525,2024-05-24,North,Electronics,983.34,1369.57,Inactive,Mumbai,20,Basic,u1525@outlook.com,user_1525,2024-05-24 09:00:47,S023
U1468,2024-05-30,North,Groceries,960.06,1266.38,Active,Mumbai,49,Premium,u1468@gmail.com,user_1468,2024-05-30 12:54:07,S006
U1646,2024-09-10,West,Office Supplies,3762.08,761.93,,Mumbai,62,Standard,u1646@gmail.com,user_1646,2024-09-10 23:45:48,S024
U1509,2024-11-17,North,Clothing,4749.5,790.74,Inactive,Mumbai,47,Basic,u1509@company.com,user_1509,2024-11-17 13:07:47,S014
U1585,2025-01-12,East,Electronics,3930.63,1025.89,Active,Bangalore,44,Standard,u1585@yahoo.com,user_1585,2025-01-12 12:38:11,S003
U1170,2024-07-03,South,Groceries,1720.69,1996.88,,Lucknow,35,Standard,u1170@company.com,user_1170,2024-07-03 13:52:46,S011
U1813,2024-07-13,East,Groceries,1922.07,1203.1,Inactive,Lucknow,63,Basic,u1813@outlook.com,user_1813,2024-07-13 10:15:03,S021
U1467,2024-08-24,West,Groceries,3090.27,478.18,Active,Kolkata,58,Basic,u1467@yahoo.com,user_1467,2024-08-24 09:45:29,S024
U1744,2024-01-30,East,Electronics,3854.8,1905.08,Pending,Mumbai,31,Standard,u1744@yahoo.com,user_1744,2024-01-30 02:16:24,S016
U1330,2024-12-18,North,Groceries,3161.12,1403.04,,Delhi,60,Free,u1330@gmail.com,user_1330,2024-12-18 02:45:40,S010
U1722,2024-05-21,North,Electronics,3861.88,699.8,,Lucknow,52,Premium,u1722@yahoo.com,user_1722,2024-05-21 07:14:46,S024
U1258,2025-05-18,North,Office Supplies,1556.57,37.19,Inactive,Delhi,62,Standard,u1258@outlook.com,user_1258,2025-05-18 08:13:37,S013
U1874,2024-08-01,South,Electronics,2261.72,419.21,,Bangalore,22,Premium,u1874@gmail.com,user_1874,2024-08-01 06:07:31,S024
U1104,2024-06-26,West,Groceries,1606.25,394.45,Active,Indore,33,Free,u1104@yahoo.com,user_1104,2024-06-26 20:22:23,S007
U1175,2024-12-14,South,Toys,3449.56,1518.18,Inactive,Hyderabad,49,Basic,u1175@yahoo.com,user_1175,2024-12-14 10:26:01,S011
U1391,2025-06-08,West,Office Supplies,4640.83,850.83,Active,Mumbai,62,Standard,u1391@gmail.com,user_1391,2025-06-08 13:07:50,S007
U1438,2024-09-13,East,Electronics,2254.33,1369.55,Inactive,Bangalore,19,Basic,u1438@yahoo.com,user_1438,2024-09-13 12:30:26,S023
U1390,2024-03-21,West,Office Supplies,1772.25,838.88,Active,Hyderabad,29,Premium,u1390@company.com,user_1390,2024-03-21 16:02:20,S018
U1397,2024-12-01,South,Clothing,3028.97,988.45,Pending,Pune,57,Basic,u1397@gmail.com,user_1397,2024-12-01 00:39:03,S001
U1693,2024-11-29,East,Electronics,1664.35,1478.12,Inactive,Delhi,29,Premium,u1693@company.com,user_1693,2024-11-29 13:09:13,S020
U1068,2024-04-03,West,Electronics,2187.79,751.57,Inactive,Bangalore,52,Standard,u1068@company.com,user_1068,2024-04-03 21:48:27,S024
U1285,2024-09-11,South,Toys,3661.75,234.8,Active,Mumbai,65,Basic,u1285@company.com,user_1285,2024-09-11 19:45:33,S001
U1596,2025-05-23,South,Clothing,2146.42,1836.47,Active,Mumbai,45,Free,u1596@yahoo.com,user_1596,2025-05-23 19:34:05,S018
U1711,2024-04-23,North,Groceries,2124.05,1290.07,Pending,Delhi,46,Basic,u1711@gmail.com,user_1711,2024-04-23 23:09:44,S013
U1707,2024-10-29,East,Groceries,209.92,213.94,Inactive,Kolkata,50,Free,u1707@outlook.com,user_1707,2024-10-29 01:59:24,S013
U1173,2024-07-31,South,Groceries,1287.35,1236.81,,Bangalore,51,Basic,,user_1173,2024-07-31 13:19:47,S011
U1202,2024-09-16,South,Clothing,2232.82,254.48,,Pune,38,Premium,u1202@company.com,user_1202,2024-09-16 15:39:39,S012
U1757,2025-03-22,North,Office Supplies,714.81,1756.99,,Delhi,64,Standard,u1757@gmail.com,user_1757,2025-03-22 19:05:53,S009
U1405,2025-03-09,South,Groceries,3571.46,1148.41,Pending,Chennai,42,Basic,u1405@gmail.com,user_1405,2025-03-09 04:47:13,S013
U1324,2024-09-08,North,Groceries,4119.71,1718.73,Active,Lucknow,57,Basic,u1324@company.com,user_1324,2024-09-08 08:21:54,S014
U1211,2025-01-01,South,Electronics,3020.61,1145.21,,Bangalore,31,Free,u1211@company.com,user_1211,2025-01-01 12:54:18,S022
U1819,2024-11-04,North,Toys,3504.94,1073.5,Pending,Pune,15,Basic,u1819@outlook.com,user_1819,2024-11-04 13:21:58,S006
U1399,2024-09-18,South,Furniture,957.49,1983.79,Pending,Pune,26,Standard,,user_1399,2024-09-18 22:41:43,S007
U1570,2024-01-14,North,Office Supplies,3748.4,1681.27,Active,Chennai,46,Premium,u1570@yahoo.com,user_1570,2024-01-14 18:20:16,S009
U1732,2025-04-17,South,Electronics,4243.86,1057.45,Inactive,Mumbai,48,Free,,user_1732,2025-04-17 09:04:24,S017
U1748,2024-03-19,South,Groceries,651.71,828.04,,Hyderabad,30,Premium,u1748@company.com,user_1748,2024-03-19 23:24:38,S001
U1085,2024-06-04,West,Groceries,2985.59,912.52,Pending,Delhi,47,Standard,u1085@gmail.com,user_1085,2024-06-04 15:21:03,S019
U1590,2024-04-10,East,Electronics,3580.53,786.45,Inactive,Bangalore,22,Free,u1590@company.com,user_1590,2024-04-10 00:13:09,S007
U1385,2025-01-12,South,Groceries,1953.14,1741.06,Active,Mumbai,43,Basic,u1385@yahoo.com,user_1385,2025-01-12 07:38:17,S022
U1623,2024-09-03,East,Clothing,3840.26,515.64,,Delhi,40,Premium,u1623@outlook.com,user_1623,2024-09-03 16:08:56,S010
U1040,2024-09-10,South,Clothing,2644.14,734.16,Pending,Delhi,64,Standard,u1040@gmail.com,user_1040,2024-09-10 20:21:04,S011
U1655,2024-04-13,North,Office Supplies,312.94,779.25,,Mumbai,33,Standard,u1655@company.com,,2024-04-13 15:04:22,S011
U1158,2025-03-12,North,Office Supplies,4282.14,737.63,Pending,Indore,40,Basic,u1158@company.com,user_1158,2025-03-12 17:35:30,S009
U1855,2025-03-21,South,Furniture,3592.07,580.17,Active,Bangalore,44,Free,u1855@outlook.com,user_1855,2025-03-21 11:46:35,S018
U1887,2025-04-16,South,Clothing,3775.67,239.18,Active,Mumbai,39,Free,u1887@yahoo.com,,2025-04-16 19:46:02,S015
U1206,2024-06-16,East,Furniture,3437.83,113.25,Inactive,Mumbai,52,Basic,u1206@company.com,,2024-06-16 12:52:45,S001
U1234,2024-01-01,North,Clothing,3787.39,141.55,Pending,Delhi,61,Premium,u1234@company.com,user_1234,2024-01-01 06:09:22,S003
U1686,2025-03-29,North,Toys,488.22,59.36,Pending,Bangalore,22,Premium,u1686@gmail.com,user_1686,2025-03-29 16:12:48,S016
U1253,2025-03-15,East,Clothing,3546.98,1405.28,Inactive,Mumbai,52,Basic,u1253@yahoo.com,user_1253,2025-03-15 08:12:59,S005
U1318,2025-06-02,South,Furniture,3913.56,1141.66,Inactive,Mumbai,27,Premium,u1318@company.com,user_1318,2025-06-02 11:45:12,S009
U1229,2024-06-26,West,Office Supplies,2569.14,1136.15,Inactive,Jaipur,38,Free,u1229@outlook.com,user_1229,2024-06-26 21:28:39,S007
U1835,2024-01-26,South,Office Supplies,4382.79,452.9,,Bangalore,23,Free,u1835@outlook.com,user_1835,2024-01-26 06:29:00,S004
U1051,2025-06-03,East,Groceries,3234.42,477.65,,Delhi,51,Free,u1051@company.com,user_1051,2025-06-03 03:31:47,S021
U1024,2024-12-02,West,Office Supplies,4607.31,1460.82,Pending,Delhi,58,Standard,u1024@yahoo.com,user_1024,2024-12-02 01:20:29,S023
U1606,2024-01-28,West,Toys,2171.63,371.64,Pending,Delhi,28,Free,u1606@company.com,user_1606,2024-01-28 13:16:53,S003
U1345,2025-05-09,South,Office Supplies,248.64,476.26,Active,Delhi,64,Standard,u1345@company.com,user_1345,2025-05-09 05:32:10,S010
U1676,2024-01-29,North,Electronics,4255.62,1096.04,Active,Delhi,58,Free,u1676@gmail.com,user_1676,2024-01-29 14:01:46,S018
U1820,2024-08-26,West,Office Supplies,4561.17,1527.79,Pending,Bangalore,54,Premium,u1820@outlook.com,user_1820,2024-08-26 07:06:36,S024
U1897,2025-05-11,North,Groceries,1690.69,1141.77,Pending,Delhi,40,Basic,,user_1897,2025-05-11 09:38:12,S025
U1687,2024-11-05,East,Clothing,3298.1,787.68,Pending,Mumbai,17,Standard,u1687@company.com,user_1687,2024-11-05 12:50:45,S011
U1748,2024-10-13,East,Office Supplies,4859.44,1957.74,Active,Kolkata,59,Free,u1748@outlook.com,user_1748,2024-10-13 20:38:35,S007
U1193,2024-08-18,South,Office Supplies,92.25,760.09,,Mumbai,25,Free,u1193@gmail.com,user_1193,2024-08-18 04:16:13,S014
U1882,2024-06-01,East,Office Supplies,781.51,1595.73,,Pune,22,Free,u1882@outlook.com,user_1882,2024-06-01 10:08:11,S025
U1735,2024-08-16,West,Furniture,988.44,241.57,,Bangalore,42,Basic,u1735@gmail.com,user_1735,2024-08-16 14:27:17,S001
U1827,2024-03-27,South,Toys,1155.57,1115.49,Active,Bangalore,52,Free,u1827@gmail.com,user_1827,2024-03-27 20:50:06,S012
U1285,2024-03-04,West,Toys,3516.32,1629.21,Active,Mumbai,38,Standard,u1285@gmail.com,,2024-03-04 04:30:54,S022
U1742,2025-04-07,North,Clothing,4485.88,1737.88,Active,Pune,34,Standard,u1742@gmail.com,user_1742,2025-04-07 22:55:28,S024
U1089,2024-03-18,West,Toys,116.56,1741.62,Active,Mumbai,55,Free,u1089@outlook.com,user_1089,2024-03-18 03:39:07,S002
U1411,2025-04-03,South,Clothing,1020.14,1316.89,Active,Lucknow,43,Standard,u1411@gmail.com,user_1411,2025-04-03 02:46:40,S022
U1533,2024-10-31,West,Toys,3695.28,1827.62,,Delhi,47,Free,,user_1533,2024-10-31 16:49:00,S016
U1396,2024-11-10,East,Furniture,4239.39,159.15,Inactive,Mumbai,45,Premium,u1396@outlook.com,user_1396,2024-11-10 15:14:35,S016
U1066,2024-09-13,East,Clothing,2432.84,1266.3,Active,Bangalore,50,Premium,u1066@gmail.com,,2024-09-13 21:25:40,S017
U1590,2024-02-15,West,Office Supplies,3564.01,413.37,Pending,Mumbai,32,Basic,u1590@company.com,user_1590,2024-02-15 20:02:55,S019
U1211,2024-03-01,West,Furniture,4723.07,,Inactive,Bangalore,16,Premium,u1211@company.com,user_1211,2024-03-01 12:09:34,S008
U1138,2025-02-03,North,Groceries,2200.23,1346.48,Pending,Pune,28,Free,u1138@yahoo.com,user_1138,2025-02-03 17:22:57,S021
U1201,2025-04-13,West,Office Supplies,3369.97,1932.17,Pending,Bangalore,54,Free,u1201@outlook.com,user_1201,2025-04-13 14:39:11,S022
U1283,2024-01-30,South,Furniture,2320.06,,Pending,Mumbai,15,Free,u1283@outlook.com,user_1283,2024-01-30 10:06:02,S024
U1685,2024-11-24,East,Toys,2998.99,918.42,Pending,Hyderabad,62,Free,u1685@company.com,user_1685,2024-11-24 16:32:49,S005
U1154,2025-02-25,North,Clothing,1266.21,1527.61,,Delhi,63,Premium,u1154@gmail.com,user_1154,2025-02-25 00:58:55,S002
U1680,2024-03-03,East,Electronics,2459.05,464.26,Active,Kolkata,43,Standard,u1680@outlook.com,user_1680,2024-03-03 10:45:29,S022
U1130,2025-03-13,West,Office Supplies,493.38,,Pending,Lucknow,60,Standard,,user_1130,2025-03-13 13:48:20,S008
U1129,2025-02-21,East,Toys,1697.51,,,Bangalore,49,Standard,u1129@yahoo.com,user_1129,2025-02-21 04:31:26,S007
U1250,2025-03-30,East,Furniture,4865.39,231.2,Pending,Hyderabad,25,Basic,u1250@gmail.com,,2025-03-30 01:43:43,S014
U1256,2024-07-20,North,Furniture,3143.86,195.92,Inactive,Bangalore,52,Basic,u1256@outlook.com,user_1256,2024-07-20 18:02:52,S001
U1263,2024-01-17,North,Groceries,3605.68,705.96,Active,Bangalore,22,Premium,u1263@outlook.com,user_1263,2024-01-17 21:26:04,S021
U1349,2024-07-10,East,Furniture,437.19,526.04,Active,Delhi,16,Premium,u1349@gmail.com,user_1349,2024-07-10 15:29:44,S013
U1302,2025-01-08,East,Electronics,1663.63,1131.43,,Delhi,46,Premium,u1302@yahoo.com,user_1302,2025-01-08 18:51:35,S008
U1407,2025-04-12,West,Groceries,2973.63,544.35,,Bangalore,49,Standard,u1407@gmail.com,user_1407,2025-04-12 04:57:58,S002
U1113,2024-06-10,East,Groceries,3582.14,1301.87,Inactive,Hyderabad,58,Free,u1113@outlook.com,user_1113,2024-06-10 23:08:16,S006
U1781,2025-05-15,South,Clothing,882.76,346.84,,Mumbai,49,Premium,u1781@gmail.com,user_1781,2025-05-15 21:03:48,S001
U1650,2025-01-01,West,Groceries,2018.69,1651.45,,Delhi,33,Standard,u1650@yahoo.com,user_1650,2025-01-01 15:50:21,S022
U1148,2024-09-03,West,Electronics,1327.58,518.12,Pending,Bangalore,41,Free,u1148@outlook.com,user_1148,2024-09-03 23:30:45,S009
U1038,2024-11-24,South,Office Supplies,2031.15,1499.24,Active,Bangalore,42,Basic,u1038@yahoo.com,user_1038,2024-11-24 22:22:00,S001
U1648,2024-01-02,West,Clothing,4472.5,75.1,,Kolkata,59,Basic,u1648@gmail.com,user_1648,2024-01-02 10:47:59,S002
U1486,2025-03-26,North,Furniture,3731.48,301.59,Pending,Hyderabad,31,Basic,,user_1486,2025-03-26 09:09:37,S001
U1128,2024-06-04,West,Toys,4062.23,1279.69,Inactive,Chennai,39,Free,u1128@gmail.com,user_1128,2024-06-04 20:17:31,S019
U1050,2025-01-28,West,Toys,1039.65,1155.31,Pending,Delhi,44,Standard,u1050@outlook.com,user_1050,2025-01-28 21:28:39,S009
U1566,2024-03-03,West,Groceries,936.75,512.8,Active,Kolkata,15,Basic,u1566@gmail.com,user_1566,2024-03-03 09:42:52,S018
U1277,2024-12-11,East,Electronics,2511.75,1661.26,Pending,Mumbai,46,Free,u1277@yahoo.com,user_1277,2024-12-11 21:03:22,S004
U1508,2024-07-18,North,Electronics,2633.25,321.96,Pending,Mumbai,64,Standard,u1508@gmail.com,,2024-07-18 04:15:02,S005
U1370,2024-08-27,West,Office Supplies,588.69,1011.2,,Mumbai,28,Standard,u1370@yahoo.com,user_1370,2024-08-27 05:08:13,S023
U1112,2024-04-11,West,Groceries,2083.07,223.44,Inactive,Surat,42,Basic,u1112@outlook.com,user_1112,2024-04-11 00:54:21,S024
U1369,2024-11-06,North,Office Supplies,2310.26,1418.76,Inactive,Kolkata,34,Standard,u1369@outlook.com,user_1369,2024-11-06 17:47:11,S020
U1809,2024-12-17,East,Clothing,388.0,958.04,Active,Ahmedabad,37,Basic,,user_1809,2024-12-17 06:04:35,S015
U1590,2025-02-05,North,Groceries,837.31,195.58,Active,Delhi,55,Basic,,user_1590,2025-02-05 02:36:24,S001
U1299,2025-02-27,East,Toys,81.51,1035.47,Inactive,Lucknow,33,Basic,u1299@gmail.com,user_1299,2025-02-27 05:45:34,S004
U1033,2024-07-13,East,Toys,1124.81,493.56,Active,Mumbai,15,Basic,u1033@company.com,user_1033,2024-07-13 20:04:35,S018
U1530,2024-09-25,South,Electronics,2151.83,1070.59,Inactive,Mumbai,19,Standard,u1530@company.com,user_1530,2024-09-25 00:13:42,S005
U1175,2024-02-24,East,Groceries,3393.91,1912.65,Pending,Bangalore,22,Premium,u1175@yahoo.com,user_1175,2024-02-24 21:37:12,S010
U1887,2024-02-24,West,Groceries,733.61,958.78,Active,Mumbai,50,Basic,u1887@yahoo.com,user_1887,2024-02-24 07:08:42,S005
U1816,2025-06-13,South,Electronics,80.29,1078.33,Active,Bangalore,48,Free,u1816@company.com,user_1816,2025-06-13 04:12:55,S003
U1833,2025-05-18,West,Clothing,1772.41,1343.57,Inactive,Delhi,59,Free,u1833@company.com,user_1833,2025-05-18 17:02:29,S003
U1007,2024-04-07,North,Electronics,3625.72,997.74,,Chennai,16,Basic,u1007@yahoo.com,,2024-04-07 17:09:35,S024
U1137,2024-11-03,South,Office Supplies,1383.63,1294.65,Inactive,Delhi,41,Free,u1137@outlook.com,user_1137,2024-11-03 16:50:10,S003
U1241,2024-07-06,South,Electronics,3387.65,71.88,,Mumbai,35,Free,u1241@gmail.com,user_1241,2024-07-06 01:47:29,S021
U1075,2024-12-13,East,Groceries,1397.88,976.98,,Indore,23,Free,u1075@outlook.com,user_1075,2024-12-13 18:24:59,S001
U1393,2024-04-25,South,Furniture,4954.3,1913.37,Pending,Delhi,54,Standard,u1393@gmail.com,user_1393,2024-04-25 19:09:11,S014
U1382,2024-02-07,North,Office Supplies,648.03,1627.83,Inactive,Hyderabad,51,Free,u1382@gmail.com,user_1382,2024-02-07 21:31:04,S016
U1056,2025-05-07,North,Office Supplies,3687.98,1611.97,Inactive,Mumbai,38,Free,u1056@yahoo.com,user_1056,2025-05-07 06:25:34,S023
U1778,2024-02-07,South,Clothing,3317.66,1776.01,Pending,Indore,21,Basic,u1778@outlook.com,user_1778,2024-02-07 10:33:51,S024
U1586,2024-11-29,East,Clothing,908.65,189.36,,Chennai,29,Premium,u1586@yahoo.com,user_1586,2024-11-29 03:00:41,S020
U1074,2024-03-02,East,Clothing,2107.33,686.98,Inactive,Delhi,60,Standard,u1074@outlook.com,user_1074,2024-03-02 04:48:23,S017
U1068,2024-04-13,North,Furniture,2693.07,1111.34,Pending,Kolkata,24,Basic,u1068@gmail.com,user_1068,2024-04-13 05:49:17,S017
U1819,2024-04-14,North,Groceries,4533.43,1831.59,Active,Chennai,38,Free,u1819@gmail.com,user_1819,2024-04-14 21:23:15,S021
U1019,2024-11-04,East,Toys,2281.27,1013.83,,Pune,49,Premium,,user_1019,2024-11-04 20:20:45,S023
U1855,2024-09-05,East,Toys,436.18,129.93,Active,Chennai,44,Free,u1855@gmail.com,user_1855,2024-09-05 18:48:33,S017
U1194,2024-09-18,North,Toys,2718.64,849.74,,Chennai,49,Standard,u1194@yahoo.com,user_1194,2024-09-18 18:41:37,S025
U1727,2024-05-13,West,Office Supplies,2884.8,1217.94,Inactive,Bangalore,29,Basic,u1727@outlook.com,user_1727,2024-05-13 01:58:13,S007
U1086,2024-10-11,South,Furniture,3503.42,1763.07,Active,Mumbai,36,Free,u1086@company.com,user_1086,2024-10-11 00:31:28,S007
U1525,2024-09-21,South,Office Supplies,4834.06,18.5,Inactive,Kolkata,52,Basic,u1525@gmail.com,user_1525,2024-09-21 19:27:11,S023
U1634,2024-03-12,East,Office Supplies,2455.01,1322.25,Inactive,Bangalore,38,Standard,u1634@yahoo.com,,2024-03-12 07:50:14,S023
U1447,2024-05-01,East,Groceries,4256.04,735.71,Inactive,Mumbai,18,Premium,u1447@outlook.com,user_1447,2024-05-01 12:04:00,S016
U1009,2024-11-17,East,Toys,3298.38,905.96,,Bangalore,44,Free,u1009@outlook.com,user_1009,2024-11-17 13:54:04,S019
U1529,2024-02-15,West,Office Supplies,4589.98,1533.52,Inactive,Mumbai,39,Basic,u1529@company.com,user_1529,2024-02-15 16:17:21,S010
U1721,2024-01-29,East,Groceries,1335.38,958.95,,Kolkata,23,Free,u1721@yahoo.com,user_1721,2024-01-29 05:11:41,S005
U1079,2024-08-09,West,Electronics,3639.6,387.03,Inactive,Bangalore,26,Free,u1079@outlook.com,user_1079,2024-08-09 22:42:27,S004
U1066,2024-07-16,South,Electronics,1633.6,277.13,Pending,Indore,58,Premium,u1066@yahoo.com,user_1066,2024-07-16 02:42:57,S025
U1383,2025-01-24,West,Clothing,1924.03,83.25,Active,Bangalore,62,Basic,u1383@yahoo.com,,2025-01-24 22:04:03,S022
U1120,2024-06-13,East,Furniture,1184.1,535.44,Active,Lucknow,43,Premium,u1120@yahoo.com,user_1120,2024-06-13 09:46:56,S024
U1378,2024-04-18,North,Clothing,2284.52,1834.86,Inactive,Delhi,64,Standard,u1378@yahoo.com,user_1378,2024-04-18 23:05:29,S005
U1797,2025-06-21,West,Electronics,4561.98,62.87,Active,Bangalore,36,Free,u1797@yahoo.com,user_1797,2025-06-21 16:59:00,S008
U1202,2024-04-12,East,Groceries,2461.79,1167.61,Active,Kolkata,43,Basic,u1202@company.com,user_1202,2024-04-12 08:48:26,S020
U1673,2024-04-02,South,Toys,4221.61,1146.24,Active,Bangalore,52,Standard,u1673@gmail.com,user_1673,2024-04-02 03:49:51,S011
U1000,2024-06-23,East,Office Supplies,3183.88,804.73,,Bangalore,53,Standard,u1000@gmail.com,user_1000,2024-06-23 10:17:07,S007
U1450,2025-04-15,South,Office Supplies,2686.32,1223.23,Active,Chennai,19,Free,u1450@yahoo.com,user_1450,2025-04-15 16:33:48,S024
U1514,2024-01-20,West,Toys,4684.1,47.76,Inactive,Delhi,60,Free,u1514@outlook.com,user_1514,2024-01-20 01:31:55,S001
U1472,2025-03-13,South,Clothing,2466.17,728.15,,Mumbai,64,Standard,u1472@outlook.com,user_1472,2025-03-13 02:37:22,S008
U1068,2024-01-06,North,Toys,978.99,1080.09,Pending,Mumbai,54,Free,u1068@gmail.com,user_1068,2024-01-06 17:56:14,S012
U1545,2025-03-20,West,Groceries,1043.21,488.34,Pending,Hyderabad,41,Standard,u1545@gmail.com,user_1545,2025-03-20 13:17:52,S010
U1114,2024-03-07,South,Groceries,2694.66,348.13,Pending,Delhi,24,Premium,u1114@gmail.com,user_1114,2024-03-07 18:03:52,S013
U1139,2024-01-30,North,Office Supplies,3310.42,1706.52,,Pune,18,Premium,u1139@outlook.com,user_1139,2024-01-30 13:57:23,S022
U1068,2024-11-27,South,Groceries,1482.14,1887.24,Inactive,Delhi,15,Standard,u1068@outlook.com,user_1068,2024-11-27 21:39:27,S020
U1603,2025-03-16,North,Electronics,1821.94,123.75,Pending,Bangalore,49,Standard,u1603@outlook.com,user_1603,2025-03-16 16:21:40,S017
U1799,2024-09-02,West,Electronics,3125.85,626.04,Inactive,Mumbai,32,Free,,user_1799,2024-09-02 17:30:09,S024
U1660,2025-01-02,West,Clothing,1415.61,1898.53,,Mumbai,28,Premium,,user_1660,2025-01-02 04:50:36,S007
U1819,2024-01-31,South,Groceries,4305.22,1105.79,,Bangalore,16,Basic,,user_1819,2024-01-31 04:10:07,S008
U1110,2024-02-16,West,Toys,4607.58,1822.24,,Kolkata,42,Standard,u1110@yahoo.com,user_1110,2024-02-16 23:49:37,S017
U1674,2024-07-03,West,Groceries,747.5,1619.24,Inactive,Mumbai,26,Premium,u1674@gmail.com,,2024-07-03 05:39:16,S018
U1305,2024-12-28,West,Electronics,1781.12,810.12,Active,Mumbai,46,Basic,u1305@yahoo.com,user_1305,2024-12-28 15:00:09,S025
U1762,2024-11-13,North,Electronics,892.0,805.53,,Mumbai,56,Premium,u1762@yahoo.com,user_1762,2024-11-13 21:44:29,S022
U1641,2025-01-15,South,Electronics,4231.47,317.49,Active,Mumbai,38,Basic,u1641@gmail.com,user_1641,2025-01-15 19:38:42,S020
U1108,2025-03-04,South,Electronics,1430.57,850.29,Active,Mumbai,57,Standard,u1108@yahoo.com,user_1108,2025-03-04 04:07:01,S006
U1171,2024-09-01,East,Toys,3693.51,1279.79,,Mumbai,16,Free,u1171@company.com,user_1171,2024-09-01 14:40:45,S004
U1264,2024-06-22,North,Toys,1322.61,858.63,Inactive,Delhi,63,Standard,u1264@gmail.com,user_1264,2024-06-22 04:55:07,S001
U1429,2025-04-09,South,Electronics,1848.72,539.18,,Chennai,39,Free,,user_1429,2025-04-09 17:37:53,S008
U1779,2024-11-24,East,Furniture,2268.68,239.45,,Kolkata,40,Free,u1779@company.com,user_1779,2024-11-24 00:24:17,S008
U1314,2024-04-16,East,Groceries,4916.42,1922.76,Inactive,Chennai,20,Premium,u1314@company.com,user_1314,2024-04-16 11:29:47,S003
U1340,2025-01-21,South,Office Supplies,4354.53,485.22,,Delhi,64,Free,,user_1340,2025-01-21 22:58:51,S013
U1683,2024-02-26,West,Office Supplies,2149.46,1693.72,,Mumbai,31,Standard,u1683@gmail.com,user_1683,2024-02-26 02:54:14,S001
U1564,2025-05-05,East,Office Supplies,3630.48,998.23,Inactive,Chennai,42,Free,u1564@yahoo.com,,2025-05-05 01:01:49,S007
U1611,2025-03-19,East,Clothing,378.83,1630.16,Pending,Mumbai,35,Basic,u1611@company.com,user_1611,2025-03-19 02:00:08,S021
U1687,2024-02-25,South,Toys,2770.84,144.05,Active,Mumbai,52,Free,u1687@outlook.com,user_1687,2024-02-25 20:15:06,S010
U1006,2024-11-03,East,Furniture,4285.82,,Pending,Lucknow,47,Basic,u1006@company.com,user_1006,2024-11-03 04:16:23,S019
U1080,2024-05-10,North,Electronics,633.74,1206.96,Pending,Mumbai,33,Standard,u1080@outlook.com,user_1080,2024-05-10 05:18:04,S018
U1266,2025-01-06,North,Clothing,721.55,1146.73,Active,Delhi,54,Premium,u1266@company.com,user_1266,2025-01-06 21:35:15,S024
U1609,2024-03-27,North,Groceries,1914.56,1628.24,Active,Chennai,42,Standard,,user_1609,2024-03-27 06:21:49,S016
U1754,2024-05-16,East,Electronics,675.16,1758.54,Active,Bangalore,54,Premium,,user_1754,2024-05-16 02:33:15,S014
U1444,2024-11-28,West,Furniture,3982.23,797.66,Inactive,Mumbai,17,Free,u1444@yahoo.com,user_1444,2024-11-28 02:15:10,S016
U1124,2024-05-12,North,Office Supplies,3637.55,1729.55,Pending,Bangalore,45,Premium,,user_1124,2024-05-12 07:13:20,S023
U1117,2024-05-19,North,Toys,3755.95,145.79,Inactive,Chennai,43,Basic,u1117@outlook.com,user_1117,2024-05-19 05:53:01,S020
U1657,2025-02-09,East,Groceries,4123.09,902.51,Active,Kolkata,31,Basic,u1657@gmail.com,user_1657,2025-02-09 22:14:30,S002
U1734,2024-10-22,South,Electronics,1544.53,1772.64,Inactive,Bangalore,28,Basic,,user_1734,2024-10-22 03:04:51,S015
U1687,2024-02-19,West,Groceries,1234.83,753.61,Inactive,Bangalore,46,Premium,u1687@gmail.com,user_1687,2024-02-19 00:11:45,S019
U1774,2025-03-06,South,Toys,1517.24,1213.27,,Mumbai,48,Standard,u1774@outlook.com,user_1774,2025-03-06 20:36:15,S005
U1309,2024-01-05,West,Electronics,3759.02,1600.51,Pending,Delhi,49,Premium,u1309@yahoo.com,user_1309,2024-01-05 02:04:26,S018
U1552,2024-06-15,North,Electronics,4606.15,1003.84,Inactive,Lucknow,35,Basic,,user_1552,2024-06-15 16:21:41,S023
U1657,2024-03-02,West,Furniture,4760.71,1158.38,Active,Delhi,55,Premium,u1657@gmail.com,user_1657,2024-03-02 02:22:25,S013
U1076,2024-12-29,East,Clothing,2816.66,119.79,Pending,Delhi,56,Standard,u1076@yahoo.com,user_1076,2024-12-29 08:18:59,S025
U1612,2024-09-24,North,Office Supplies,533.46,1547.4,Pending,Delhi,21,Standard,u1612@gmail.com,user_1612,2024-09-24 00:57:49,S016
U1690,2024-07-30,South,Office Supplies,1212.12,,Pending,Bangalore,48,Standard,u1690@outlook.com,user_1690,2024-07-30 13:42:27,S008
U1873,2024-03-16,South,Furniture,4498.46,184.7,Pending,Chennai,60,Premium,u1873@outlook.com,user_1873,2024-03-16 05:45:45,S023
U1782,2024-10-05,North,Toys,3727.49,831.68,Active,Mumbai,33,Premium,u1782@company.com,user_1782,2024-10-05 19:31:12,S011
U1719,2025-04-09,North,Office Supplies,1294.45,393.24,Active,Kolkata,63,Basic,u1719@company.com,user_1719,2025-04-09 18:48:33,S020
U1028,2024-01-15,North,Furniture,3415.8,,Active,Pune,57,Basic,u1028@gmail.com,user_1028,2024-01-15 03:52:20,S011
U1379,2024-07-24,East,Furniture,843.59,196.36,Inactive,Delhi,15,Premium,u1379@gmail.com,user_1379,2024-07-24 04:29:31,S022
U1116,2024-01-22,South,Electronics,1387.98,607.82,Active,Mumbai,54,Free,u1116@company.com,user_1116,2024-01-22 01:14:13,S013
U1046,2024-08-02,North,Office Supplies,2127.06,860.06,Pending,Bangalore,18,Basic,u1046@outlook.com,user_1046,2024-08-02 14:27:47,S019
U1402,2024-02-22,South,Furniture,4699.99,1458.94,,Jaipur,48,Basic,u1402@gmail.com,user_1402,2024-02-22 04:32:07,S021
U1164,2024-03-09,North,Electronics,2016.53,1071.74,Active,Ahmedabad,27,Basic,u1164@gmail.com,user_1164,2024-03-09 10:22:45,S006
U1350,2024-11-23,North,Furniture,4147.45,1287.66,Inactive,Chennai,33,Premium,u1350@gmail.com,,2024-11-23 11:58:57,S013
U1589,2024-09-04,North,Clothing,3112.29,1784.7,,Lucknow,31,Premium,,user_1589,2024-09-04 06:21:56,S025
U1887,2024-04-10,South,Clothing,2020.74,1319.82,Inactive,Delhi,30,Free,u1887@outlook.com,,2024-04-10 23:41:25,S025
U1640,2024-01-13,North,Clothing,1134.65,1052.29,Pending,Kolkata,58,Premium,u1640@company.com,user_1640,2024-01-13 12:34:01,S021
U1757,2024-05-23,West,Groceries,3740.01,204.39,Inactive,Hyderabad,36,Free,u1757@outlook.com,,2024-05-23 08:50:28,S016
U1685,2024-04-16,West,Clothing,4004.99,1513.97,Active,Pune,54,Premium,u1685@gmail.com,user_1685,2024-04-16 05:40:07,S007
U1139,2025-06-01,North,Furniture,2437.85,75.68,,Hyderabad,31,Standard,u1139@outlook.com,user_1139,2025-06-01 15:49:21,S008
U1821,2024-08-10,West,Groceries,509.01,48.87,Pending,Hyderabad,25,Free,,user_1821,2024-08-10 18:57:23,S019
U1841,2024-12-09,South,Electronics,1362.8,144.91,Pending,Pune,61,Premium,,user_1841,2024-12-09 13:10:56,S014
U1592,2025-01-16,South,Groceries,1927.57,1299.75,Pending,Delhi,57,Premium,u1592@gmail.com,user_1592,2025-01-16 18:59:00,S002
U1793,2024-01-25,North,Furniture,2190.15,269.25,Inactive,Bangalore,15,Free,u1793@gmail.com,user_1793,2024-01-25 00:02:06,S003
U1337,2025-02-03,East,Clothing,1129.14,436.08,Pending,Delhi,31,Premium,u1337@outlook.com,user_1337,2025-02-03 03:20:34,S014
U1023,2024-10-17,South,Furniture,1907.66,763.07,Active,Mumbai,28,Basic,u1023@outlook.com,user_1023,2024-10-17 05:49:49,S024
U1278,2025-03-29,South,Clothing,3055.03,438.98,Active,Delhi,22,Standard,u1278@company.com,user_1278,2025-03-29 09:02:14,S013
U1784,2024-10-18,North,Electronics,189.33,,Pending,Delhi,62,Premium,u1784@outlook.com,user_1784,2024-10-18 13:22:22,S014
U1879,2024-03-26,North,Groceries,4389.99,386.15,Active,Bangalore,22,Premium,u1879@yahoo.com,user_1879,2024-03-26 10:26:23,S004
U1574,2024-01-06,North,Furniture,4998.81,1556.24,,Mumbai,43,Standard,u1574@company.com,user_1574,2024-01-06 04:05:22,S019
U1681,2024-05-20,North,Toys,2796.29,1350.28,Active,Chennai,47,Premium,u1681@company.com,user_1681,2024-05-20 19:43:39,S004
U1098,2024-05-06,East,Groceries,4510.82,709.55,Active,Mumbai,62,Standard,u1098@outlook.com,user_1098,2024-05-06 16:49:46,S020
U1535,2025-03-22,North,Furniture,3948.86,1500.45,,Mumbai,49,Standard,u1535@yahoo.com,user_1535,2025-03-22 23:24:01,S024
U1382,2025-02-19,South,Groceries,1253.88,606.95,Active,Chennai,56,Premium,u1382@company.com,user_1382,2025-02-19 15:03:40,S001
U1768,2025-02-06,West,Toys,235.5,1757.9,,Bangalore,49,Premium,u1768@yahoo.com,user_1768,2025-02-06 09:51:49,S021
U1199,2024-01-02,East,Furniture,4882.0,891.21,Active,Delhi,48,Free,u1199@outlook.com,,2024-01-02 14:01:51,S006
U1333,2025-06-12,South,Toys,2996.39,1455.67,Inactive,Lucknow,45,Standard,u1333@outlook.com,user_1333,2025-06-12 11:53:47,S011
U1676,2024-03-16,East,Office Supplies,2667.64,1220.79,,Jaipur,44,Premium,u1676@outlook.com,user_1676,2024-03-16 08:59:21,S004
U1775,2025-01-14,South,Toys,3007.41,233.11,Inactive,Ahmedabad,17,Premium,u1775@company.com,,2025-01-14 14:22:58,S016
U1067,2024-11-20,East,Electronics,1314.83,85.42,Pending,Chennai,53,Free,u1067@company.com,user_1067,2024-11-20 16:31:40,S008
U1779,2025-06-05,East,Office Supplies,838.15,292.63,,Jaipur,59,Free,u1779@gmail.com,user_1779,2025-06-05 10:34:52,S009
U1856,2025-04-07,South,Clothing,1393.97,368.04,Pending,Jaipur,22,Basic,u1856@company.com,user_1856,2025-04-07 09:47:37,S008
U1325,2024-05-06,East,Groceries,1100.94,470.72,Pending,Delhi,63,Premium,u1325@outlook.com,user_1325,2024-05-06 21:19:06,S013
U1067,2024-05-09,North,Groceries,3183.73,657.12,Pending,Bangalore,53,Free,u1067@gmail.com,user_1067,2024-05-09 20:56:49,S018
U1339,2024-04-02,North,Office Supplies,1054.88,433.89,Active,Delhi,35,Free,u1339@yahoo.com,user_1339,2024-04-02 03:51:35,S006
U1452,2024-11-11,North,Clothing,1336.04,10.18,Inactive,Delhi,45,Premium,u1452@company.com,user_1452,2024-11-11 15:19:00,S025
U1821,2025-05-20,South,Electronics,4951.79,256.94,Inactive,Bangalore,52,Free,u1821@gmail.com,user_1821,2025-05-20 20:50:54,S019
U1535,2025-01-05,South,Clothing,4476.76,849.76,Inactive,Pune,53,Standard,u1535@gmail.com,user_1535,2025-01-05 13:51:04,S016
U1617,2024-06-27,West,Office Supplies,1849.77,1390.05,Inactive,Pune,29,Basic,u1617@company.com,user_1617,2024-06-27 11:02:30,S013
U1546,2024-08-13,East,Toys,1985.41,1095.99,Inactive,Delhi,65,Standard,u1546@gmail.com,user_1546,2024-08-13 17:09:07,S002
U1228,2024-10-13,West,Electronics,4543.82,,Inactive,Bangalore,20,Free,u1228@yahoo.com,user_1228,2024-10-13 03:33:12,S001
U1562,2024-07-28,East,Groceries,436.91,629.81,Inactive,Delhi,26,Basic,u1562@company.com,user_1562,2024-07-28 06:17:55,S016
U1337,2024-06-15,North,Office Supplies,841.0,333.66,Active,Delhi,50,Basic,u1337@company.com,user_1337,2024-06-15 07:22:58,S009
U1590,2024-03-04,North,Toys,4126.23,,Inactive,Chennai,30,Free,u1590@yahoo.com,user_1590,2024-03-04 13:56:59,S019
U1530,2025-06-21,South,Office Supplies,1647.86,365.05,Inactive,Mumbai,62,Basic,u1530@outlook.com,user_1530,2025-06-21 19:20:06,S012
U1529,2024-05-30,West,Clothing,905.75,1944.61,Inactive,Mumbai,42,Premium,u1529@company.com,user_1529,2024-05-30 20:09:53,S020
U1477,2024-03-29,South,Electronics,625.5,1461.81,Inactive,Delhi,55,Premium,u1477@gmail.com,user_1477,2024-03-29 11:29:05,S024
U1808,2024-08-31,North,Electronics,912.52,,,Bangalore,62,Premium,u1808@outlook.com,user_1808,2024-08-31 03:28:32,S008
U1863,2025-03-06,West,Electronics,3833.87,315.94,Active,Delhi,59,Basic,u1863@outlook.com,user_1863,2025-03-06 05:53:38,S018
U1445,2024-07-04,South,Clothing,3535.42,362.56,Active,Mumbai,43,Standard,u1445@gmail.com,user_1445,2024-07-04 00:16:58,S012
U1507,2024-06-23,South,Furniture,3757.52,804.82,Pending,Mumbai,33,Standard,u1507@outlook.com,user_1507,2024-06-23 05:09:18,S017
U1350,2024-09-09,South,Groceries,584.66,637.5,Pending,Hyderabad,52,Premium,u1350@company.com,user_1350,2024-09-09 12:00:10,S009
U1787,2024-02-10,North,Clothing,3597.29,1302.76,,Pune,21,Basic,u1787@gmail.com,user_1787,2024-02-10 11:26:42,S011
U1837,2024-07-21,South,Groceries,3546.06,1465.81,Active,Delhi,47,Premium,u1837@yahoo.com,user_1837,2024-07-21 17:36:12,S023
U1698,2024-01-21,South,Office Supplies,3990.62,1930.86,,Bangalore,29,Standard,u1698@gmail.com,user_1698,2024-01-21 19:28:43,S002
U1619,2025-01-01,North,Clothing,995.36,1601.58,Pending,Bangalore,47,Premium,u1619@gmail.com,,2025-01-01 13:25:54,S004
U1661,2024-06-13,North,Toys,3026.1,235.98,Inactive,Mumbai,34,Free,u1661@company.com,user_1661,2024-06-13 01:12:10,S009
U1550,2024-11-02,North,Groceries,165.04,1845.07,Inactive,Surat,36,Free,u1550@yahoo.com,user_1550,2024-11-02 02:34:24,S007
U1159,2024-03-27,South,Office Supplies,1185.31,891.89,Inactive,Mumbai,25,Premium,,user_1159,2024-03-27 10:55:30,S015
U1673,2024-06-07,East,Furniture,1637.05,960.14,,Bangalore,44,Free,u1673@yahoo.com,user_1673,2024-06-07 13:00:19,S004
U1562,2024-05-22,West,Furniture,1962.07,442.91,Pending,Delhi,56,Standard,u1562@company.com,,2024-05-22 17:39:49,S001
U1611,2025-06-20,East,Groceries,3771.66,672.96,Active,Ahmedabad,34,Basic,u1611@company.com,user_1611,2025-06-20 14:00:42,S005
U1539,2024-05-20,West,Groceries,543.66,228.97,Active,Kolkata,56,Premium,u1539@gmail.com,user_1539,2024-05-20 20:38:00,S001
U1423,2024-09-22,South,Toys,3892.13,1835.52,,Delhi,31,Free,u1423@yahoo.com,user_1423,2024-09-22 01:24:23,S021
U1376,2025-03-27,South,Office Supplies,3901.71,843.14,Inactive,Pune,53,Basic,u1376@gmail.com,user_1376,2025-03-27 11:35:59,S004
U1048,2025-01-06,North,Groceries,509.09,621.44,,Mumbai,38,Basic,u1048@yahoo.com,user_1048,2025-01-06 16:46:47,S024
U1667,2024-04-10,South,Clothing,4788.64,1843.2,Inactive,Delhi,16,Premium,u1667@yahoo.com,user_1667,2024-04-10 05:09:12,S007
U1096,2024-05-07,North,Furniture,3352.97,954.0,,Kolkata,37,Premium,u1096@gmail.com,user_1096,2024-05-07 15:27:30,S023
U1654,2024-04-24,West,Toys,1411.4,1475.58,Active,Bangalore,17,Premium,u1654@yahoo.com,user_1654,2024-04-24 00:35:12,S023
U1437,2024-10-29,West,Groceries,428.84,,Active,Bangalore,41,Premium,u1437@outlook.com,user_1437,2024-10-29 18:05:49,S017
U1572,2024-01-26,East,Clothing,2813.64,1338.59,Active,Mumbai,57,Free,u1572@yahoo.com,user_1572,2024-01-26 12:38:36,S001
U1720,2024-03-11,West,Groceries,1458.24,1830.87,Pending,Delhi,32,Basic,u1720@yahoo.com,user_1720,2024-03-11 12:36:00,S009
U1333,2024-03-13,North,Groceries,2331.83,484.76,Inactive,Bangalore,45,Free,u1333@yahoo.com,user_1333,2024-03-13 18:27:50,S014
U1299,2025-02-27,East,Toys,81.51,1035.47,Inactive,Lucknow,33,Basic,u1299@gmail.com,user_1299,2025-02-27 05:45:34,S004
U1771,2024-09-25,East,Furniture,1088.61,441.21,Inactive,Mumbai,25,Premium,u1771@outlook.com,user_1771,2024-09-25 04:22:35,S022
U1895,2024-02-10,North,Office Supplies,4017.9,1479.69,Active,Hyderabad,17,Premium,u1895@yahoo.com,user_1895,2024-02-10 14:39:17,S024
U1700,2024-06-19,South,Groceries,4111.13,890.26,Pending,Bangalore,58,Free,u1700@outlook.com,user_1700,2024-06-19 18:10:19,S013
U1775,2025-01-27,North,Toys,3840.05,,Pending,Lucknow,52,Premium,u1775@yahoo.com,user_1775,2025-01-27 14:41:47,S012
U1547,2024-04-14,West,Clothing,431.0,1603.57,Pending,Delhi,30,Premium,u1547@yahoo.com,user_1547,2024-04-14 05:38:29,S012
U1890,2024-07-20,West,Electronics,742.72,1869.96,,Delhi,49,Free,u1890@gmail.com,user_1890,2024-07-20 12:48:13,S008
U1170,2024-10-07,East,Office Supplies,274.95,1590.84,Inactive,Kolkata,40,Free,u1170@gmail.com,user_1170,2024-10-07 16:24:35,S025
U1192,2024-07-25,West,Furniture,1382.38,1133.95,,Mumbai,35,Premium,u1192@gmail.com,user_1192,2024-07-25 09:25:32,S007
U1302,2024-04-22,West,Clothing,4449.95,182.86,Inactive,Indore,61,Premium,u1302@gmail.com,user_1302,2024-04-22 07:46:04,S011
U1526,2024-05-23,South,Furniture,936.77,1322.23,Inactive,Kolkata,45,Standard,,user_1526,2024-05-23 07:04:16,S012
U1594,2024-11-26,North,Electronics,3154.24,997.84,Pending,Mumbai,48,Premium,u1594@gmail.com,user_1594,2024-11-26 23:13:29,S017
U1781,2024-04-24,West,Electronics,3884.73,94.61,Active,Mumbai,57,Premium,u1781@outlook.com,,2024-04-24 09:42:00,S025
U1412,2024-06-29,North,Groceries,3056.87,227.28,Active,Chennai,22,Basic,u1412@gmail.com,user_1412,2024-06-29 07:04:34,S004
U1785,2024-01-10,South,Furniture,3254.49,26.84,Pending,Bangalore,34,Standard,u1785@company.com,user_1785,2024-01-10 14:16:13,S015
U1085,2025-06-19,West,Clothing,2295.52,413.19,Inactive,Ahmedabad,38,Basic,u1085@yahoo.com,user_1085,2025-06-19 07:01:40,S012
U1669,2024-09-07,North,Furniture,2824.66,638.77,,Mumbai,41,Premium,u1669@outlook.com,user_1669,2024-09-07 19:36:45,S020
U1309,2024-08-19,North,Office Supplies,3018.79,1480.4,Pending,Pune,60,Free,u1309@gmail.com,user_1309,2024-08-19 15:32:25,S002
U1870,2024-02-07,West,Electronics,2300.67,967.28,Inactive,Bangalore,24,Free,u1870@yahoo.com,user_1870,2024-02-07 22:32:42,S014
U1639,2024-07-24,East,Furniture,4197.05,1522.88,Inactive,Surat,60,Premium,u1639@outlook.com,user_1639,2024-07-24 15:42:15,S014
U1738,2024-06-06,West,Furniture,998.95,512.53,Pending,Jaipur,43,Premium,u1738@gmail.com,user_1738,2024-06-06 16:59:32,S001
U1006,2024-02-13,South,Office Supplies,3122.3,1970.87,Pending,Bangalore,63,Standard,u1006@yahoo.com,user_1006,2024-02-13 13:30:34,S002
U1572,2025-03-06,East,Furniture,953.9,1690.32,,Delhi,49,Free,u1572@yahoo.com,user_1572,2025-03-06 20:10:15,S015
U1122,2024-01-13,East,Toys,106.19,699.94,Pending,Mumbai,23,Standard,u1122@gmail.com,user_1122,2024-01-13 00:21:51,S014
U1082,2024-10-24,East,Electronics,2392.23,1625.3,,Delhi,21,Standard,u1082@outlook.com,user_1082,2024-10-24 13:43:56,S011
U1460,2024-11-11,South,Groceries,1998.03,1526.82,,Mumbai,41,Standard,u1460@yahoo.com,user_1460,2024-11-11 08:01:52,S023
U1827,2024-03-27,South,Toys,1155.57,1115.49,Active,Bangalore,52,Free,u1827@gmail.com,user_1827,2024-03-27 20:50:06,S012
U1303,2024-01-30,North,Furniture,1930.72,1751.93,Inactive,Mumbai,19,Standard,u1303@gmail.com,user_1303,2024-01-30 00:40:08,S001
U1394,2025-05-27,North,Toys,3278.05,926.55,Active,Delhi,58,Basic,u1394@company.com,,2025-05-27 16:02:47,S025
U1198,2024-08-31,East,Groceries,3686.72,154.41,Inactive,Bangalore,39,Basic,u1198@outlook.com,user_1198,2024-08-31 15:05:10,S006
U1721,2024-05-22,East,Toys,4636.48,1439.33,Active,Mumbai,65,Basic,u1721@gmail.com,user_1721,2024-05-22 20:33:12,S016
U1345,2025-03-16,West,Groceries,1172.12,977.87,Pending,Pune,64,Premium,u1345@outlook.com,user_1345,2025-03-16 22:55:32,S020
U1222,2024-04-25,North,Toys,2453.71,1761.15,Active,Mumbai,54,Free,u1222@company.com,user_1222,2024-04-25 19:39:17,S019
U1361,2024-09-12,West,Furniture,872.51,335.42,Pending,Bangalore,64,Basic,u1361@gmail.com,,2024-09-12 06:09:38,S019
U1467,2025-04-24,East,Toys,1095.57,55.49,Inactive,Mumbai,47,Standard,u1467@company.com,user_1467,2025-04-24 11:49:05,S022
U1639,2025-06-11,East,Clothing,1050.81,1081.46,Inactive,Jaipur,61,Premium,,user_1639,2025-06-11 04:22:49,S018
U1732,2025-05-28,North,Office Supplies,117.59,823.51,Pending,Mumbai,50,Standard,u1732@gmail.com,user_1732,2025-05-28 07:05:48,S005
U1538,2024-02-28,South,Electronics,4435.65,143.4,Pending,Mumbai,65,Standard,u1538@yahoo.com,user_1538,2024-02-28 01:28:32,S021
U1728,2025-03-11,South,Electronics,506.63,268.83,Inactive,Delhi,38,Free,u1728@company.com,user_1728,2025-03-11 18:31:40,S014
U1049,2024-08-09,South,Office Supplies,2104.02,,Inactive,Kolkata,28,Standard,u1049@outlook.com,user_1049,2024-08-09 19:16:25,S017
U1444,2024-08-24,East,Office Supplies,691.12,716.36,,Mumbai,64,Basic,u1444@yahoo.com,user_1444,2024-08-24 05:11:21,S025
U1413,2025-06-21,South,Toys,4719.26,1214.98,,Kolkata,48,Free,u1413@company.com,user_1413,2025-06-21 01:13:04,S020
U1253,2024-09-07,North,Toys,954.29,1716.47,Inactive,Chennai,44,Basic,,user_1253,2024-09-07 17:17:05,S024
U1554,2024-08-20,South,Furniture,3953.67,305.19,Active,Mumbai,35,Premium,u1554@outlook.com,user_1554,2024-08-20 17:18:45,S009
U1144,2024-09-02,South,Furniture,3980.57,,Active,Jaipur,45,Premium,u1144@gmail.com,user_1144,2024-09-02 10:58:33,S019
U1673,2024-05-26,North,Furniture,3305.27,821.57,Active,Bangalore,24,Basic,u1673@yahoo.com,,2024-05-26 17:58:17,S019
U1764,2024-08-08,South,Clothing,2295.55,630.16,Pending,Kolkata,51,Premium,u1764@yahoo.com,user_1764,2024-08-08 19:03:43,S003
U1016,2025-03-03,East,Office Supplies,4263.7,567.69,Active,Bangalore,25,Premium,u1016@outlook.com,user_1016,2025-03-03 13:21:02,S009
U1728,2024-09-27,East,Clothing,4248.2,287.74,Inactive,Bangalore,47,Free,u1728@yahoo.com,user_1728,2024-09-27 13:03:53,S006
U1553,2025-01-25,North,Furniture,1375.61,1664.97,Inactive,Bangalore,25,Basic,u1553@gmail.com,user_1553,2025-01-25 03:41:42,S018
U1641,2025-02-08,West,Toys,3847.28,1382.1,Active,Bangalore,22,Basic,u1641@company.com,user_1641,2025-02-08 17:20:10,S024
U1148,2025-03-21,West,Office Supplies,4639.75,1360.2,Active,Mumbai,49,Standard,u1148@company.com,user_1148,2025-03-21 20:54:17,S011
U1513,2024-02-16,South,Furniture,3407.13,820.29,Active,Pune,57,Basic,u1513@company.com,user_1513,2024-02-16 20:20:06,S008
U1604,2025-06-14,East,Electronics,2513.37,1994.71,Pending,Lucknow,57,Free,u1604@gmail.com,user_1604,2025-06-14 02:21:15,S012
U1659,2024-01-20,South,Groceries,2170.94,1650.25,Active,Mumbai,39,Free,u1659@gmail.com,user_1659,2024-01-20 07:30:32,S009
U1287,2024-12-25,South,Furniture,1633.21,,Active,Mumbai,57,Standard,u1287@company.com,user_1287,2024-12-25 19:06:27,S006
U1879,2024-05-23,East,Office Supplies,3681.05,1457.58,Active,Hyderabad,55,Premium,u1879@company.com,user_1879,2024-05-23 06:58:02,S018
U1329,2024-04-22,East,Toys,4641.97,,,Bangalore,42,Free,u1329@yahoo.com,user_1329,2024-04-22 07:48:10,S019
U1234,2025-04-05,West,Clothing,3938.76,1441.17,,Delhi,22,Free,u1234@gmail.com,user_1234,2025-04-05 15:15:57,S013
U1450,2025-05-16,South,Furniture,764.51,1425.19,Inactive,Ahmedabad,47,Premium,u1450@company.com,user_1450,2025-05-16 23:10:35,S012
U1759,2024-06-04,East,Furniture,3443.28,918.93,,Kolkata,54,Premium,u1759@outlook.com,user_1759,2024-06-04 02:54:55,S018
U1843,2025-05-17,North,Toys,3564.39,1044.6,Active,Hyderabad,18,Basic,u1843@company.com,user_1843,2025-05-17 14:46:34,S020
U1129,2024-12-21,North,Clothing,2209.01,175.1,Inactive,Delhi,47,Basic,u1129@yahoo.com,user_1129,2024-12-21 06:46:47,S012
U1345,2024-02-13,South,Electronics,1097.81,1051.01,Inactive,Kolkata,29,Premium,,user_1345,2024-02-13 20:01:30,S020
U1898,2024-11-03,East,Office Supplies,3356.48,1263.75,Pending,Bangalore,33,Premium,u1898@outlook.com,user_1898,2024-11-03 14:20:15,S022
U1564,2024-12-13,East,Furniture,1483.7,1417.08,,Bangalore,52,Basic,u1564@outlook.com,user_1564,2024-12-13 05:41:29,S021
U1787,2025-05-22,East,Electronics,2174.5,238.89,Pending,Pune,36,Free,u1787@gmail.com,user_1787,2025-05-22 18:45:24,S021
U1620,2025-05-18,West,Clothing,4718.12,477.09,Active,Indore,37,Standard,u1620@yahoo.com,user_1620,2025-05-18 16:02:51,S003
U1597,2025-01-25,East,Clothing,460.34,787.91,Pending,Pune,33,Standard,u1597@gmail.com,user_1597,2025-01-25 08:44:35,S005
U1584,2024-04-05,West,Furniture,3232.41,1854.45,Pending,Chennai,20,Standard,u1584@outlook.com,user_1584,2024-04-05 23:32:12,S002
U1821,2025-06-05,South,Office Supplies,1999.87,1971.64,Inactive,Kolkata,64,Basic,u1821@yahoo.com,user_1821,2025-06-05 06:21:49,S016
U1534,2024-07-19,South,Toys,2085.12,1462.65,Inactive,Bangalore,32,Premium,u1534@company.com,user_1534,2024-07-19 09:25:10,S002
U1363,2025-01-04,North,Electronics,2199.04,608.38,Active,Chennai,39,Free,,user_1363,2025-01-04 23:41:57,S011
U1271,2025-05-15,South,Groceries,2542.13,882.36,Inactive,Chennai,61,Standard,u1271@outlook.com,user_1271,2025-05-15 20:34:25,S002
U1348,2024-02-29,North,Furniture,3311.23,1521.73,Active,Mumbai,65,Basic,u1348@outlook.com,user_1348,2024-02-29 01:26:42,S003
U1766,2024-06-02,North,Toys,1681.07,481.04,Active,Delhi,20,Basic,u1766@yahoo.com,user_1766,2024-06-02 04:27:59,S009
U1339,2025-06-08,West,Toys,4652.25,1895.97,,Mumbai,39,Premium,u1339@gmail.com,user_1339,2025-06-08 05:16:00,S014
U1426,2024-11-15,North,Toys,3214.36,1818.63,Pending,Mumbai,24,Premium,u1426@gmail.com,user_1426,2024-11-15 03:12:03,S017
U1702,2024-08-22,West,Toys,1386.25,870.12,,Mumbai,62,Basic,u1702@gmail.com,user_1702,2024-08-22 15:08:57,S021
U1588,2025-06-18,South,Groceries,3233.83,279.6,Inactive,Delhi,55,Free,u1588@company.com,user_1588,2025-06-18 00:31:06,S011
U1291,2024-06-21,South,Office Supplies,811.49,1659.41,Active,Mumbai,34,Premium,u1291@outlook.com,user_1291,2024-06-21 13:39:32,S017
U1680,2024-10-27,East,Clothing,890.12,1666.88,,Chennai,19,Free,u1680@gmail.com,user_1680,2024-10-27 01:51:54,S003
U1472,2024-05-23,North,Clothing,3047.05,1387.92,Pending,Hyderabad,24,Premium,u1472@yahoo.com,user_1472,2024-05-23 08:40:51,S022
U1830,2024-08-15,North,Office Supplies,394.68,1479.92,Active,Mumbai,23,Standard,u1830@company.com,user_1830,2024-08-15 07:00:51,S018
U1559,2024-01-19,West,Clothing,4406.62,905.73,,Delhi,17,Premium,u1559@outlook.com,user_1559,2024-01-19 05:31:27,S005
U1446,2024-04-21,South,Toys,4244.79,1127.13,Inactive,Bangalore,48,Standard,u1446@gmail.com,user_1446,2024-04-21 09:57:35,S001
U1858,2025-05-09,East,Toys,2913.84,265.48,,Chennai,53,Standard,u1858@company.com,user_1858,2025-05-09 19:58:44,S025
U1313,2024-01-06,South,Office Supplies,3318.25,,Pending,Mumbai,33,Basic,u1313@outlook.com,user_1313,2024-01-06 23:12:27,S019
U1140,2024-09-10,East,Toys,2333.0,,Active,Kolkata,35,Premium,u1140@company.com,user_1140,2024-09-10 02:17:41,S002
U1163,2024-06-21,North,Electronics,601.83,1818.57,Pending,Kolkata,49,Basic,u1163@gmail.com,user_1163,2024-06-21 02:45:38,S022
U1476,2024-11-03,West,Toys,712.99,1656.05,Pending,Bangalore,37,Premium,u1476@yahoo.com,user_1476,2024-11-03 18:42:07,S011
U1899,2024-04-12,East,Groceries,3252.85,1290.72,Active,Bangalore,23,Premium,u1899@company.com,,2024-04-12 12:24:45,S025
U1794,2024-08-23,North,Furniture,3201.26,1358.75,Inactive,Bangalore,55,Premium,u1794@company.com,,2024-08-23 11:46:08,S003
U1705,2025-01-21,North,Toys,716.92,975.75,,Bangalore,49,Free,u1705@yahoo.com,user_1705,2025-01-21 10:46:29,S009
U1686,2024-01-24,East,Clothing,528.8,1831.43,Pending,Bangalore,50,Premium,,user_1686,2024-01-24 15:52:15,S023
U1016,2024-02-08,West,Clothing,1538.04,144.43,Pending,Delhi,43,Free,u1016@outlook.com,user_1016,2024-02-08 21:03:45,S010
U1508,2025-04-07,North,Clothing,4470.56,139.12,,Bangalore,64,Standard,u1508@company.com,user_1508,2025-04-07 07:16:30,S004
U1843,2024-08-23,East,Clothing,1763.49,1875.45,Active,Mumbai,57,Free,u1843@gmail.com,user_1843,2024-08-23 02:06:38,S002
U1507,2025-04-09,North,Toys,809.81,1309.51,Inactive,Mumbai,39,Basic,u1507@gmail.com,user_1507,2025-04-09 21:31:41,S017
U1285,2024-12-25,South,Toys,4906.69,1879.08,Active,Hyderabad,31,Basic,u1285@outlook.com,,2024-12-25 19:27:22,S024
U1639,2024-08-29,South,Groceries,3075.19,914.48,Active,Mumbai,25,Standard,u1639@gmail.com,user_1639,2024-08-29 08:22:43,S022
U1067,2024-11-12,South,Toys,3608.4,1540.64,Active,Mumbai,35,Premium,u1067@outlook.com,user_1067,2024-11-12 17:40:37,S006
U1814,2024-05-19,East,Clothing,3450.74,,,Delhi,43,Premium,,user_1814,2024-05-19 15:04:41,S017
U1186,2025-04-06,South,Toys,3510.11,335.06,Inactive,Pune,48,Standard,u1186@outlook.com,user_1186,2025-04-06 20:10:21,S013
U1294,2025-06-15,South,Groceries,715.08,980.42,Inactive,Bangalore,34,Standard,u1294@gmail.com,user_1294,2025-06-15 21:44:35,S012
U1564,2024-08-30,South,Office Supplies,4175.37,220.91,Pending,Delhi,30,Premium,u1564@company.com,user_1564,2024-08-30 00:03:00,S007
U1597,2024-09-10,South,Electronics,2434.81,511.62,,Surat,26,Premium,u1597@gmail.com,user_1597,2024-09-10 15:21:34,S002
U1320,2025-02-27,West,Groceries,4327.22,42.28,,Delhi,27,Standard,u1320@yahoo.com,user_1320,2025-02-27 20:43:21,S009
U1037,2025-01-02,South,Toys,4229.41,126.58,Active,Delhi,54,Standard,u1037@company.com,user_1037,2025-01-02 08:16:55,S016
U1650,2025-01-01,West,Groceries,2018.69,1651.45,,Delhi,33,Standard,u1650@yahoo.com,user_1650,2025-01-01 15:50:21,S022
U1152,2024-01-10,South,Office Supplies,4108.4,663.23,Pending,Chennai,23,Free,,user_1152,2024-01-10 10:27:36,S023
U1136,2024-12-22,West,Furniture,4964.59,263.42,Inactive,Hyderabad,63,Premium,u1136@company.com,user_1136,2024-12-22 17:27:34,S013
U1319,2024-11-26,East,Toys,3654.77,1103.66,Active,Delhi,55,Standard,u1319@gmail.com,user_1319,2024-11-26 06:07:15,S021
U1844,2025-02-12,East,Groceries,1678.01,987.01,,Bangalore,62,Premium,u1844@company.com,user_1844,2025-02-12 22:50:19,S013
U1732,2024-12-19,East,Toys,2938.12,1554.96,Inactive,Ahmedabad,22,Basic,u1732@company.com,user_1732,2024-12-19 17:20:34,S012
U1584,2024-10-03,West,Office Supplies,595.28,,Active,Mumbai,47,Standard,u1584@company.com,user_1584,2024-10-03 18:12:37,S004
U1196,2024-08-19,East,Furniture,431.97,211.27,Active,Chennai,64,Basic,u1196@yahoo.com,user_1196,2024-08-19 22:49:39,S006
U1614,2024-10-18,West,Toys,4385.34,1217.78,Inactive,Kolkata,33,Premium,u1614@yahoo.com,user_1614,2024-10-18 03:15:31,S021
U1658,2024-02-17,North,Toys,215.81,802.87,Inactive,Delhi,33,Standard,u1658@outlook.com,user_1658,2024-02-17 13:23:15,S011
U1794,2024-09-09,North,Toys,2946.25,171.79,Inactive,Mumbai,32,Basic,u1794@company.com,user_1794,2024-09-09 21:51:13,S022
U1069,2024-05-23,East,Electronics,2637.76,477.68,Pending,Ahmedabad,36,Premium,u1069@gmail.com,user_1069,2024-05-23 17:03:33,S014
U1550,2024-11-04,South,Groceries,3667.22,400.59,Active,Mumbai,48,Standard,u1550@company.com,user_1550,2024-11-04 10:42:18,S023
U1688,2024-05-11,East,Furniture,424.02,341.12,Inactive,Pune,20,Premium,u1688@yahoo.com,user_1688,2024-05-11 19:55:19,S013
U1411,2025-01-25,East,Furniture,155.59,1784.15,Inactive,Delhi,40,Standard,u1411@gmail.com,user_1411,2025-01-25 00:28:38,S021
U1806,2024-04-27,North,Furniture,752.21,687.43,,Delhi,15,Premium,u1806@outlook.com,user_1806,2024-04-27 17:13:26,S021
U1433,2025-04-07,West,Electronics,4072.59,1245.25,Inactive,Mumbai,45,Standard,u1433@company.com,user_1433,2025-04-07 20:13:37,S017
U1450,2025-06-03,North,Clothing,4665.91,132.81,Active,Delhi,17,Free,u1450@company.com,user_1450,2025-06-03 05:53:12,S013
U1638,2024-05-29,South,Electronics,4624.86,1373.86,Inactive,Kolkata,20,Premium,u1638@yahoo.com,user_1638,2024-05-29 04:55:53,S010
U1787,2025-03-13,North,Office Supplies,851.73,,Active,Delhi,36,Premium,u1787@outlook.com,user_1787,2025-03-13 02:31:59,S007
U1882,2024-10-10,North,Toys,3569.91,604.59,Inactive,Bangalore,30,Premium,u1882@company.com,user_1882,2024-10-10 21:08:46,S001
U1393,2024-11-12,North,Toys,654.17,1716.72,,Mumbai,40,Standard,u1393@yahoo.com,user_1393,2024-11-12 05:58:28,S021
U1303,2024-10-04,East,Toys,4926.99,,Pending,Delhi,63,Standard,,user_1303,2024-10-04 14:26:22,S023
U1466,2024-10-06,North,Electronics,3529.24,1465.55,Inactive,Mumbai,40,Free,,user_1466,2024-10-06 14:26:11,S001
U1134,2024-08-15,North,Clothing,552.07,1440.02,Active,Chennai,21,Standard,u1134@outlook.com,user_1134,2024-08-15 00:00:44,S003
U1403,2024-08-05,South,Toys,1912.64,493.06,Active,Delhi,35,Basic,u1403@outlook.com,user_1403,2024-08-05 21:46:55,S014
U1177,2024-06-20,North,Furniture,1196.98,1141.68,Active,Hyderabad,55,Basic,u1177@gmail.com,user_1177,2024-06-20 07:50:50,S010
U1682,2024-06-06,East,Furniture,628.74,1153.31,,Delhi,26,Basic,u1682@gmail.com,user_1682,2024-06-06 11:09:23,S015
U1078,2024-11-14,West,Office Supplies,4444.43,1306.29,Active,Kolkata,29,Standard,u1078@yahoo.com,user_1078,2024-11-14 14:07:20,S021
U1844,2024-08-17,South,Groceries,4299.44,384.3,Active,Mumbai,30,Standard,u1844@outlook.com,user_1844,2024-08-17 05:25:22,S006
U1596,2024-07-11,West,Furniture,2971.64,711.43,,Delhi,20,Free,u1596@gmail.com,user_1596,2024-07-11 09:33:27,S002
U1614,2024-04-14,East,Electronics,4757.66,930.77,,Mumbai,58,Premium,u1614@outlook.com,user_1614,2024-04-14 14:43:24,S002
U1250,2025-06-24,West,Groceries,2270.83,1861.07,Inactive,Mumbai,38,Basic,u1250@gmail.com,user_1250,2025-06-24 12:10:23,S004
U1559,2024-06-02,East,Electronics,4031.15,,Inactive,Bangalore,40,Basic,u1559@gmail.com,user_1559,2024-06-02 11:58:52,S018
U1385,2024-10-13,East,Clothing,2128.95,1856.9,Inactive,Mumbai,43,Basic,u1385@company.com,user_1385,2024-10-13 18:13:42,S021
U1725,2025-01-12,North,Furniture,2354.04,15.77,Pending,Mumbai,64,Standard,u1725@company.com,,2025-01-12 20:09:06,S015
U1837,2024-07-07,West,Electronics,2010.21,84.9,Pending,Bangalore,56,Basic,u1837@outlook.com,user_1837,2024-07-07 16:17:48,S018
U1856,2024-08-18,East,Clothing,3093.73,1778.6,Inactive,Delhi,48,Standard,u1856@gmail.com,user_1856,2024-08-18 00:26:04,S018
U1196,2025-03-06,South,Toys,3753.27,1142.52,,Bangalore,15,Standard,u1196@company.com,user_1196,2025-03-06 19:41:20,S015
U1265,2025-01-07,South,Clothing,3111.38,694.98,Inactive,Bangalore,47,Standard,u1265@company.com,user_1265,2025-01-07 15:41:10,S017
U1277,2024-09-21,East,Toys,589.56,1818.46,Active,Delhi,16,Free,u1277@outlook.com,user_1277,2024-09-21 06:43:53,S021
U1262,2025-02-11,North,Groceries,1467.87,530.38,Active,Delhi,27,Premium,u1262@company.com,user_1262,2025-02-11 16:02:30,S016
U1106,2025-02-14,West,Office Supplies,2912.79,1329.2,Active,Kolkata,18,Standard,u1106@yahoo.com,user_1106,2025-02-14 01:09:33,S018
U1851,2025-05-07,North,Electronics,3348.2,1396.97,Active,Bangalore,19,Free,u1851@outlook.com,user_1851,2025-05-07 18:43:44,S009
U1158,2024-03-17,South,Office Supplies,1725.88,1303.17,Pending,Hyderabad,49,Free,u1158@company.com,user_1158,2024-03-17 01:39:04,S008
U1629,2025-04-04,West,Office Supplies,848.09,221.85,Active,Mumbai,49,Free,u1629@company.com,user_1629,2025-04-04 23:06:35,S020
U1895,2024-04-28,East,Electronics,1187.2,1899.63,Active,Bangalore,40,Basic,,user_1895,2024-04-28 07:51:08,S008
U1268,2024-12-28,South,Office Supplies,1607.78,1531.5,,Delhi,45,Standard,u1268@company.com,user_1268,2024-12-28 00:14:13,S015
U1764,2025-03-17,South,Toys,1179.91,364.85,Active,Ahmedabad,25,Standard,u1764@outlook.com,user_1764,2025-03-17 14:58:44,S015
U1154,2024-05-11,South,Clothing,2363.83,1879.07,,Jaipur,47,Premium,u1154@company.com,user_1154,2024-05-11 23:30:01,S015
U1435,2025-05-06,North,Clothing,1262.47,,Pending,Chennai,30,Free,u1435@gmail.com,user_1435,2025-05-06 07:28:05,S004
U1140,2024-09-14,South,Clothing,63.52,,Active,Kolkata,65,Premium,,,2024-09-14 23:50:26,S018
U1227,2024-07-26,East,Electronics,926.54,884.18,,Chennai,44,Basic,u1227@gmail.com,user_1227,2024-07-26 12:46:20,S013
U1653,2024-06-27,North,Groceries,1160.0,1586.21,Inactive,Pune,16,Standard,u1653@outlook.com,user_1653,2024-06-27 17:08:39,S003
U1535,2024-03-28,North,Electronics,3327.66,745.07,Pending,Delhi,24,Standard,u1535@gmail.com,user_1535,2024-03-28 08:51:54,S022
U1024,2024-06-19,West,Furniture,2598.74,782.35,,Delhi,40,Basic,u1024@gmail.com,user_1024,2024-06-19 10:37:38,S020
U1353,2024-03-26,East,Toys,4925.1,590.73,Pending,Bangalore,44,Premium,u1353@yahoo.com,user_1353,2024-03-26 18:27:26,S025
U1223,2025-04-16,South,Clothing,613.85,,Inactive,Bangalore,58,Free,u1223@company.com,user_1223,2025-04-16 11:54:38,S024
U1760,2024-05-13,South,Toys,3175.93,487.05,Inactive,Delhi,49,Basic,u1760@company.com,user_1760,2024-05-13 21:03:17,S003
U1898,2024-12-18,North,Furniture,558.41,619.17,Active,Pune,34,Standard,u1898@outlook.com,user_1898,2024-12-18 21:08:21,S016
U1809,2025-05-05,East,Electronics,4282.66,120.29,,Chennai,46,Standard,u1809@yahoo.com,,2025-05-05 21:20:14,S018
U1575,2024-08-21,East,Office Supplies,3367.23,729.99,Inactive,Jaipur,48,Basic,u1575@gmail.com,user_1575,2024-08-21 09:52:00,S012
U1728,2025-05-17,South,Electronics,510.61,1386.66,Pending,Chennai,38,Free,u1728@outlook.com,user_1728,2025-05-17 23:35:21,S012
U1129,2024-03-09,East,Toys,1863.33,1138.82,Inactive,Chennai,38,Standard,u1129@gmail.com,user_1129,2024-03-09 16:23:25,S011
U1547,2024-04-14,West,Clothing,431.0,1603.57,Pending,Delhi,30,Premium,u1547@yahoo.com,user_1547,2024-04-14 05:38:29,S012
U1752,2025-03-31,East,Groceries,4670.99,,Inactive,Mumbai,59,Premium,u1752@yahoo.com,user_1752,2025-03-31 18:35:03,S010
U1343,2024-01-06,South,Furniture,753.6,656.79,Inactive,Chennai,50,Standard,u1343@outlook.com,user_1343,2024-01-06 03:13:39,S025
U1105,2025-03-27,East,Furniture,3703.22,202.74,Pending,Mumbai,52,Free,u1105@outlook.com,user_1105,2025-03-27 14:57:13,S003
U1493,2025-01-16,East,Toys,2033.87,1711.39,Pending,Bangalore,24,Free,u1493@gmail.com,user_1493,2025-01-16 04:44:01,S020
U1385,2024-08-17,West,Clothing,841.55,892.77,Inactive,Jaipur,15,Basic,u1385@gmail.com,user_1385,2024-08-17 10:16:03,S006
U1089,2024-04-26,East,Office Supplies,3718.02,474.11,Pending,Bangalore,27,Basic,u1089@company.com,user_1089,2024-04-26 14:27:34,S014
U1144,2024-10-14,South,Groceries,4798.35,1611.39,Active,Chennai,46,Free,u1144@gmail.com,user_1144,2024-10-14 06:02:19,S007
U1470,2024-02-11,East,Office Supplies,3672.22,1705.05,Pending,Delhi,43,Standard,u1470@gmail.com,user_1470,2024-02-11 15:27:01,S015
U1817,2024-02-11,East,Electronics,1426.74,1845.86,Active,Pune,65,Standard,u1817@gmail.com,user_1817,2024-02-11 05:13:55,S024
U1765,2024-06-14,North,Furniture,2742.66,201.76,Pending,Bangalore,35,Basic,u1765@yahoo.com,user_1765,2024-06-14 00:59:22,S018
U1022,2025-02-05,North,Clothing,3405.6,1517.85,,Mumbai,61,Standard,u1022@yahoo.com,user_1022,2025-02-05 17:25:06,S005
U1869,2024-02-06,South,Groceries,3555.62,917.5,Inactive,Bangalore,61,Basic,u1869@gmail.com,user_1869,2024-02-06 01:47:02,S015
U1882,2024-10-27,East,Toys,4583.24,827.34,Pending,Jaipur,18,Basic,u1882@yahoo.com,user_1882,2024-10-27 15:42:27,S025
U1155,2024-06-16,South,Electronics,2684.91,324.98,,Chennai,32,Basic,u1155@yahoo.com,user_1155,2024-06-16 03:48:02,S005
U1854,2024-02-27,East,Clothing,3379.15,1501.97,Pending,Bangalore,36,Basic,u1854@company.com,user_1854,2024-02-27 07:43:38,S019
U1746,2024-03-07,South,Electronics,3391.92,1193.09,Active,Lucknow,15,Free,u1746@gmail.com,user_1746,2024-03-07 13:07:04,S010
U1543,2024-12-08,East,Toys,2154.96,1377.45,Pending,Delhi,21,Standard,u1543@outlook.com,user_1543,2024-12-08 22:51:04,S001
U1841,2024-12-07,East,Electronics,3889.96,1530.56,,Bangalore,20,Premium,u1841@company.com,user_1841,2024-12-07 22:04:50,S005
U1071,2025-01-30,North,Furniture,1203.55,149.26,Active,Delhi,15,Basic,u1071@company.com,user_1071,2025-01-30 03:08:34,S014
U1138,2025-03-16,East,Toys,4668.5,641.82,Active,Mumbai,24,Premium,u1138@company.com,user_1138,2025-03-16 09:28:47,S021
U1580,2024-12-16,East,Furniture,3329.93,,,Mumbai,53,Free,u1580@gmail.com,user_1580,2024-12-16 05:19:25,S003
U1109,2025-03-11,East,Furniture,4030.34,934.45,Inactive,Jaipur,22,Free,u1109@company.com,user_1109,2025-03-11 17:38:20,S025
U1018,2024-04-15,South,Clothing,227.37,1653.56,Pending,Jaipur,50,Basic,u1018@company.com,user_1018,2024-04-15 11:52:03,S008
U1218,2024-11-23,West,Groceries,3882.32,,Pending,Pune,45,Basic,,user_1218,2024-11-23 21:27:17,S009
U1703,2025-03-29,East,Electronics,4488.14,255.08,,Delhi,42,Standard,u1703@yahoo.com,user_1703,2025-03-29 02:15:35,S020
U1236,2025-03-26,South,Clothing,1811.5,200.95,Inactive,Mumbai,19,Premium,u1236@gmail.com,user_1236,2025-03-26 21:47:04,S016
U1515,2025-02-14,East,Office Supplies,3685.63,893.98,Pending,Delhi,51,Free,u1515@outlook.com,user_1515,2025-02-14 07:20:09,S015
U1046,2024-05-24,East,Furniture,2844.67,319.96,,Kolkata,18,Basic,u1046@outlook.com,user_1046,2024-05-24 13:52:10,S014
U1631,2024-07-14,South,Office Supplies,936.08,31.24,,Delhi,27,Premium,u1631@outlook.com,user_1631,2024-07-14 11:58:16,S017
U1739,2024-08-19,South,Toys,1167.02,173.35,,Delhi,46,Free,u1739@yahoo.com,user_1739,2024-08-19 06:58:23,S003
U1198,2024-11-13,East,Electronics,4960.89,1425.1,Pending,Mumbai,47,Basic,u1198@outlook.com,,2024-11-13 12:21:51,S020
U1322,2024-05-20,East,Electronics,1828.55,1071.9,Inactive,Jaipur,30,Standard,u1322@outlook.com,user_1322,2024-05-20 00:46:08,S005
U1444,2024-11-10,East,Clothing,4077.1,773.62,,Kolkata,39,Basic,u1444@outlook.com,user_1444,2024-11-10 20:24:57,S020
U1865,2024-06-23,East,Office Supplies,533.14,524.72,Inactive,Lucknow,36,Premium,u1865@yahoo.com,user_1865,2024-06-23 09:26:50,S011
U1612,2025-02-13,North,Groceries,278.4,1394.57,Pending,Delhi,65,Free,u1612@outlook.com,user_1612,2025-02-13 01:35:47,S020
U1643,2024-01-15,East,Office Supplies,1456.73,858.07,Pending,Delhi,64,Free,u1643@yahoo.com,user_1643,2024-01-15 04:06:46,S007
U1236,2024-02-24,West,Toys,4789.45,1262.76,Active,Jaipur,58,Standard,u1236@yahoo.com,user_1236,2024-02-24 22:07:48,S015
U1188,2025-03-17,West,Toys,1560.48,702.13,Active,Jaipur,63,Standard,u1188@outlook.com,user_1188,2025-03-17 18:13:48,S001
U1570,2024-07-31,West,Furniture,783.87,83.07,Active,Chennai,53,Standard,u1570@gmail.com,,2024-07-31 13:11:10,S022
U1681,2024-08-27,North,Office Supplies,1458.45,1432.56,Inactive,Chennai,48,Basic,u1681@yahoo.com,user_1681,2024-08-27 11:29:06,S005
U1510,2024-07-23,East,Toys,1248.18,466.12,Inactive,Hyderabad,37,Basic,u1510@gmail.com,user_1510,2024-07-23 21:42:31,S020
U1652,2024-09-08,North,Toys,1785.49,1992.95,Inactive,Bangalore,45,Basic,u1652@company.com,user_1652,2024-09-08 12:42:31,S019
U1355,2025-01-06,West,Clothing,3052.55,502.22,Active,Bangalore,28,Free,u1355@company.com,,2025-01-06 19:45:52,S009
U1252,2024-11-11,East,Toys,3791.37,116.14,Pending,Mumbai,23,Standard,u1252@yahoo.com,user_1252,2024-11-11 06:11:18,S009
U1841,2024-05-15,North,Electronics,4103.33,188.65,Pending,Delhi,46,Premium,u1841@outlook.com,user_1841,2024-05-15 22:03:17,S005
U1716,2024-09-21,North,Groceries,226.94,1048.34,Active,Mumbai,38,Standard,u1716@outlook.com,user_1716,2024-09-21 05:36:40,S010
U1889,2024-05-28,East,Toys,303.99,1463.02,,Delhi,26,Premium,u1889@yahoo.com,,2024-05-28 08:00:29,S016
U1621,2025-04-09,North,Furniture,2953.08,43.74,Active,Hyderabad,50,Free,u1621@outlook.com,user_1621,2025-04-09 12:35:01,S021
U1567,2024-12-03,North,Electronics,2276.35,1644.17,Active,Bangalore,37,Basic,u1567@outlook.com,user_1567,2024-12-03 15:53:40,S001
U1484,2024-04-16,West,Office Supplies,192.74,314.85,Inactive,Hyderabad,23,Premium,u1484@gmail.com,user_1484,2024-04-16 20:45:03,S011
U1059,2024-09-18,East,Toys,2459.92,61.4,Inactive,Bangalore,61,Basic,u1059@outlook.com,user_1059,2024-09-18 07:12:49,S001
U1294,2024-09-07,South,Electronics,3922.74,598.46,Pending,Mumbai,54,Premium,u1294@company.com,user_1294,2024-09-07 13:26:45,S014
U1235,2024-08-09,East,Toys,2691.71,1164.89,Inactive,Kolkata,22,Basic,u1235@company.com,user_1235,2024-08-09 23:33:02,S023
U1061,2024-12-23,North,Furniture,1508.75,1708.09,,Delhi,29,Premium,u1061@gmail.com,user_1061,2024-12-23 22:09:24,S024
U1106,2024-09-14,North,Furniture,3010.98,1795.83,Active,Bangalore,26,Basic,u1106@company.com,user_1106,2024-09-14 23:16:15,S008
U1407,2024-03-20,East,Furniture,2524.75,,Pending,Delhi,36,Free,u1407@company.com,user_1407,2024-03-20 09:24:43,S016
U1070,2024-07-31,East,Furniture,1676.37,1802.06,Active,Delhi,24,Basic,u1070@yahoo.com,user_1070,2024-07-31 00:08:00,S012
U1536,2025-02-11,North,Furniture,3226.33,1756.28,Inactive,Delhi,37,Standard,u1536@gmail.com,user_1536,2025-02-11 15:33:00,S012
U1278,2024-11-08,South,Clothing,4422.34,54.98,Inactive,Delhi,55,Standard,u1278@yahoo.com,user_1278,2024-11-08 15:26:05,S021
U1385,2024-03-01,North,Furniture,4148.03,1467.99,Inactive,Chennai,18,Basic,u1385@company.com,user_1385,2024-03-01 21:58:54,S006
U1078,2025-04-04,South,Office Supplies,4045.54,1188.63,,Bangalore,36,Standard,u1078@company.com,user_1078,2025-04-04 20:02:48,S022
U1099,2024-10-11,East,Toys,3089.32,,Pending,Jaipur,25,Standard,u1099@company.com,user_1099,2024-10-11 21:42:03,S003
U1633,2024-03-05,West,Toys,4248.84,1010.65,Pending,Pune,34,Premium,u1633@company.com,user_1633,2024-03-05 21:01:30,S006
U1200,2024-05-23,North,Groceries,1506.11,1271.56,Inactive,Chennai,62,Standard,u1200@yahoo.com,user_1200,2024-05-23 06:34:57,S019
U1801,2025-01-02,North,Clothing,1354.28,804.29,Pending,Mumbai,52,Premium,u1801@gmail.com,user_1801,2025-01-02 23:37:32,S011
U1029,2025-03-07,West,Office Supplies,2351.45,303.75,,Bangalore,53,Free,u1029@gmail.com,user_1029,2025-03-07 14:17:12,S023
U1115,2024-03-09,East,Furniture,183.98,107.53,Pending,Bangalore,32,Basic,u1115@outlook.com,user_1115,2024-03-09 17:13:13,S025
U1370,2025-06-13,West,Toys,1161.51,845.92,,Delhi,40,Basic,u1370@gmail.com,user_1370,2025-06-13 07:44:27,S003
U1683,2024-10-08,South,Clothing,3503.38,839.62,,Mumbai,33,Free,u1683@company.com,,2024-10-08 09:02:41,S021
U1288,2024-08-15,West,Electronics,1038.48,299.07,,Delhi,21,Standard,u1288@outlook.com,user_1288,2024-08-15 10:10:51,S013
U1010,2025-01-18,South,Groceries,3437.56,,Pending,Mumbai,58,Free,u1010@yahoo.com,user_1010,2025-01-18 20:42:13,S006
U1513,2024-05-22,South,Furniture,1188.45,568.81,Inactive,Mumbai,38,Premium,u1513@company.com,user_1513,2024-05-22 23:07:30,S022
U1076,2025-05-07,West,Electronics,3126.09,658.8,,Ahmedabad,28,Basic,u1076@company.com,user_1076,2025-05-07 15:10:58,S017
U1109,2024-04-29,West,Office Supplies,875.26,628.93,Inactive,Bangalore,15,Standard,u1109@company.com,user_1109,2024-04-29 09:08:23,S011
U1239,2024-11-16,South,Office Supplies,2797.23,668.81,Inactive,Jaipur,35,Basic,u1239@yahoo.com,user_1239,2024-11-16 07:31:36,S016
U1505,2025-05-21,West,Office Supplies,3512.09,477.12,,Mumbai,41,Basic,u1505@company.com,,2025-05-21 00:18:28,S021
U1306,2024-05-20,South,Furniture,3225.8,146.14,Active,Bangalore,25,Free,u1306@yahoo.com,user_1306,2024-05-20 04:58:26,S020
U1770,2025-03-20,West,Electronics,2911.71,1971.82,Active,Delhi,36,Premium,u1770@gmail.com,user_1770,2025-03-20 19:42:58,S024
U1192,2024-08-10,South,Furniture,4353.9,1914.47,Active,Mumbai,27,Premium,u1192@company.com,user_1192,2024-08-10 22:38:45,S007
U1685,2024-04-07,East,Furniture,2413.4,23.59,,Delhi,63,Standard,u1685@outlook.com,user_1685,2024-04-07 18:00:16,S021
U1309,2025-02-22,West,Furniture,274.47,,,Mumbai,30,Basic,u1309@outlook.com,user_1309,2025-02-22 23:44:34,S014
U1092,2025-01-19,North,Electronics,2772.45,516.04,Inactive,Bangalore,39,Premium,u1092@yahoo.com,user_1092,2025-01-19 12:54:30,S023
U1451,2024-04-21,East,Electronics,1500.97,560.76,Pending,Mumbai,30,Free,u1451@gmail.com,,2024-04-21 08:48:00,S022
U1498,2025-05-18,South,Groceries,1109.44,477.87,Inactive,Bangalore,25,Standard,u1498@outlook.com,user_1498,2025-05-18 02:06:05,S003
U1801,2024-06-14,South,Clothing,900.89,855.98,,Delhi,59,Premium,u1801@yahoo.com,user_1801,2024-06-14 12:05:25,S011
U1738,2024-12-27,East,Furniture,1172.88,1134.55,Active,Pune,51,Basic,u1738@outlook.com,user_1738,2024-12-27 18:58:06,S011
U1767,2024-01-08,North,Clothing,471.87,1193.35,Active,Bangalore,45,Free,u1767@outlook.com,user_1767,2024-01-08 01:50:53,S021
U1770,2025-02-05,South,Toys,3195.17,1181.79,Inactive,Chennai,31,Premium,u1770@company.com,user_1770,2025-02-05 13:02:31,S018
U1653,2024-01-13,East,Toys,1052.52,803.0,Active,Ahmedabad,47,Premium,u1653@gmail.com,user_1653,2024-01-13 01:28:36,S017
U1218,2024-06-14,West,Clothing,749.21,1489.84,,Mumbai,54,Basic,u1218@yahoo.com,user_1218,2024-06-14 02:50:20,S015
U1696,2024-05-12,South,Office Supplies,2586.77,634.15,Active,Chennai,47,Free,u1696@gmail.com,user_1696,2024-05-12 20:03:47,S008
U1091,2024-04-18,South,Toys,194.65,659.74,,Kolkata,29,Standard,u1091@gmail.com,user_1091,2024-04-18 17:40:46,S016
U1701,2025-05-18,South,Toys,4207.46,174.51,Active,Pune,29,Standard,,user_1701,2025-05-18 09:10:49,S015
U1799,2025-05-14,South,Groceries,2618.89,771.35,Active,Bangalore,65,Premium,u1799@gmail.com,user_1799,2025-05-14 07:23:37,S022
U1292,2024-03-01,West,Toys,2891.96,1449.0,Active,Jaipur,26,Free,u1292@yahoo.com,user_1292,2024-03-01 01:53:25,S016
U1738,2025-05-13,South,Furniture,469.08,837.55,,Jaipur,59,Free,u1738@company.com,user_1738,2025-05-13 17:52:28,S013
U1544,2024-10-15,East,Furniture,3732.54,356.48,Pending,Bangalore,64,Premium,u1544@company.com,user_1544,2024-10-15 09:07:46,S011
U1633,2024-03-23,North,Furniture,329.57,111.73,Inactive,Mumbai,64,Free,u1633@yahoo.com,user_1633,2024-03-23 17:39:02,S007
U1625,2024-05-30,South,Clothing,3237.2,1252.48,,Chennai,65,Free,u1625@outlook.com,user_1625,2024-05-30 17:21:24,S024
U1735,2024-11-02,South,Clothing,4168.18,111.94,,Delhi,43,Standard,u1735@outlook.com,user_1735,2024-11-02 14:09:32,S019
U1008,2024-02-10,East,Furniture,3300.37,318.18,,Chennai,23,Premium,u1008@outlook.com,user_1008,2024-02-10 05:52:36,S017
U1348,2024-02-08,North,Toys,3213.45,589.84,Inactive,Jaipur,28,Standard,u1348@outlook.com,user_1348,2024-02-08 22:07:25,S024
U1621,2025-05-21,North,Toys,3369.24,1098.41,Active,Delhi,44,Premium,u1621@yahoo.com,user_1621,2025-05-21 22:30:54,S016
U1786,2024-05-12,South,Groceries,4558.03,,Active,Bangalore,34,Basic,u1786@yahoo.com,user_1786,2024-05-12 16:57:18,S003
U1575,2024-07-13,East,Groceries,2005.57,472.49,Active,Delhi,26,Premium,u1575@outlook.com,,2024-07-13 06:29:14,S003
U1875,2024-08-26,West,Clothing,1425.97,736.02,Pending,Delhi,57,Standard,u1875@gmail.com,user_1875,2024-08-26 05:34:46,S008
U1738,2025-03-24,West,Clothing,1853.28,1939.48,Pending,Kolkata,65,Free,u1738@yahoo.com,user_1738,2025-03-24 15:57:53,S007
U1111,2024-04-24,East,Electronics,4173.82,1527.46,Active,Delhi,54,Standard,u1111@yahoo.com,user_1111,2024-04-24 01:42:59,S017
U1630,2024-05-22,East,Furniture,4036.93,1069.24,Inactive,Delhi,60,Standard,u1630@outlook.com,user_1630,2024-05-22 16:57:43,S004
U1232,2025-05-10,North,Office Supplies,3860.26,,Pending,Delhi,25,Basic,u1232@outlook.com,user_1232,2025-05-10 05:53:45,S023
U1624,2025-01-21,East,Furniture,1473.48,44.76,Pending,Mumbai,33,Basic,u1624@company.com,user_1624,2025-01-21 11:12:49,S015
U1318,2024-10-03,East,Clothing,3970.93,557.67,Pending,Delhi,43,Standard,u1318@yahoo.com,user_1318,2024-10-03 04:46:41,S020
U1805,2024-09-05,North,Furniture,3123.4,1756.83,Active,Kolkata,40,Basic,u1805@gmail.com,user_1805,2024-09-05 16:29:53,S002
U1885,2024-12-09,South,Clothing,4642.56,,Pending,Bangalore,58,Standard,u1885@gmail.com,user_1885,2024-12-09 21:21:51,S012
U1140,2024-07-24,North,Clothing,4936.6,1973.43,Inactive,Delhi,60,Basic,u1140@company.com,user_1140,2024-07-24 05:20:40,S002
U1307,2024-03-16,East,Electronics,2953.16,1452.29,Pending,Chennai,53,Basic,u1307@yahoo.com,user_1307,2024-03-16 03:14:13,S016
U1515,2024-10-23,West,Electronics,4854.02,1789.39,Pending,Bangalore,25,Premium,u1515@outlook.com,user_1515,2024-10-23 23:59:14,S019
U1363,2024-08-15,South,Office Supplies,2531.1,,,Pune,64,Standard,u1363@yahoo.com,user_1363,2024-08-15 22:17:53,S017
U1834,2025-05-08,West,Groceries,4486.38,557.45,Inactive,Mumbai,22,Standard,u1834@yahoo.com,user_1834,2025-05-08 09:50:49,S015
U1446,2025-03-12,East,Furniture,3404.83,849.33,,Mumbai,36,Standard,u1446@outlook.com,user_1446,2025-03-12 05:49:28,S014
U1779,2024-02-14,South,Office Supplies,1541.73,702.02,Pending,Bangalore,65,Free,u1779@company.com,user_1779,2024-02-14 04:54:49,S005
U1273,2025-03-30,South,Electronics,3695.02,858.12,Active,Bangalore,39,Premium,u1273@yahoo.com,user_1273,2025-03-30 14:02:03,S009
U1510,2024-07-23,East,Toys,1248.18,466.12,Inactive,Hyderabad,37,Basic,u1510@gmail.com,user_1510,2024-07-23 21:42:31,S020
U1720,2024-11-05,West,Toys,4094.67,1330.14,Inactive,Delhi,21,Basic,u1720@yahoo.com,user_1720,2024-11-05 06:43:40,S009
U1586,2024-09-14,West,Office Supplies,2943.17,1101.53,Inactive,Chennai,42,Premium,u1586@outlook.com,user_1586,2024-09-14 20:55:51,S002
U1249,2025-03-03,North,Groceries,4761.58,1358.25,Active,Mumbai,47,Basic,u1249@outlook.com,,2025-03-03 02:28:02,S005
U1052,2024-10-21,North,Office Supplies,562.82,317.91,,Mumbai,21,Standard,u1052@outlook.com,user_1052,2024-10-21 08:36:14,S014
U1569,2024-12-22,North,Toys,1465.68,1559.6,Pending,Mumbai,45,Premium,u1569@yahoo.com,,2024-12-22 04:47:54,S003
U1503,2024-11-03,East,Clothing,916.15,59.33,,Mumbai,49,Standard,u1503@company.com,user_1503,2024-11-03 15:01:13,S004
U1467,2024-02-29,South,Toys,4044.23,797.94,Active,Kolkata,52,Premium,,user_1467,2024-02-29 02:34:03,S003
U1360,2024-01-25,North,Clothing,4047.39,572.75,,Pune,33,Free,,,2024-01-25 04:26:35,S015
U1039,2025-02-09,North,Toys,1226.02,1842.46,Pending,Mumbai,65,Standard,u1039@company.com,user_1039,2025-02-09 21:06:55,S008
U1253,2024-12-30,South,Groceries,3141.54,1776.35,Active,Mumbai,58,Premium,u1253@outlook.com,user_1253,2024-12-30 06:29:17,S007
U1537,2025-01-31,East,Electronics,1433.69,288.24,,Delhi,59,Premium,u1537@gmail.com,user_1537,2025-01-31 05:38:08,S005
U1668,2024-07-10,North,Furniture,2224.52,1247.68,Inactive,Mumbai,49,Standard,u1668@gmail.com,user_1668,2024-07-10 21:11:01,S019
U1755,2025-01-16,North,Furniture,412.59,1151.88,Inactive,Lucknow,28,Free,u1755@company.com,user_1755,2025-01-16 15:11:31,S013
U1120,2024-05-24,North,Clothing,4460.58,1978.12,Inactive,Hyderabad,15,Premium,u1120@outlook.com,user_1120,2024-05-24 16:55:36,S012
U1763,2025-01-12,West,Clothing,1192.25,1603.28,Inactive,Bangalore,20,Free,u1763@company.com,user_1763,2025-01-12 00:50:15,S019
U1792,2024-05-24,East,Electronics,661.28,308.35,Active,Mumbai,47,Free,u1792@gmail.com,user_1792,2024-05-24 05:36:48,S001
U1790,2025-04-27,East,Toys,2219.45,1087.11,,Mumbai,63,Standard,u1790@gmail.com,user_1790,2025-04-27 08:07:40,S015
U1199,2024-07-06,West,Clothing,72.22,1406.15,Inactive,Bangalore,34,Standard,u1199@yahoo.com,user_1199,2024-07-06 04:43:10,S024
U1837,2024-11-06,North,Clothing,319.12,1138.02,Pending,Mumbai,16,Standard,,user_1837,2024-11-06 10:13:31,S024
U1452,2025-03-28,East,Groceries,2392.27,1594.09,Inactive,Chennai,33,Standard,u1452@yahoo.com,user_1452,2025-03-28 07:51:12,S005
U1155,2024-11-02,North,Clothing,1562.46,,Inactive,Delhi,38,Premium,u1155@yahoo.com,user_1155,2024-11-02 01:31:49,S017
U1250,2024-02-04,West,Furniture,2013.39,1196.35,Inactive,Chennai,39,Premium,u1250@company.com,user_1250,2024-02-04 20:28:23,S001
U1358,2024-11-28,West,Toys,3037.93,457.48,,Chennai,63,Free,u1358@gmail.com,user_1358,2024-11-28 18:07:52,S013
U1353,2024-09-03,West,Groceries,3689.18,98.23,Pending,Pune,26,Free,u1353@company.com,user_1353,2024-09-03 04:04:45,S025
U1888,2025-03-30,West,Clothing,731.13,1523.3,Inactive,Bangalore,41,Premium,u1888@gmail.com,user_1888,2025-03-30 15:53:09,S005
U1846,2024-04-13,West,Electronics,1452.86,,Inactive,Delhi,60,Free,u1846@gmail.com,user_1846,2024-04-13 22:50:50,S017
U1108,2025-01-27,West,Electronics,2161.01,1196.28,,Bangalore,34,Standard,u1108@gmail.com,user_1108,2025-01-27 14:36:08,S003
U1081,2024-01-11,East,Groceries,671.97,953.88,Inactive,Chennai,35,Standard,u1081@company.com,,2024-01-11 01:44:33,S011
U1687,2024-08-26,North,Office Supplies,1842.04,1900.55,Active,Mumbai,42,Standard,u1687@outlook.com,user_1687,2024-08-26 14:21:47,S005
U1362,2024-08-15,East,Toys,493.72,1335.78,,Lucknow,63,Standard,u1362@outlook.com,user_1362,2024-08-15 15:12:20,S015
U1165,2025-01-31,North,Toys,1676.11,1233.37,,Delhi,52,Premium,u1165@outlook.com,user_1165,2025-01-31 21:48:14,S020
U1878,2024-06-06,East,Furniture,3684.55,123.75,Inactive,Pune,54,Standard,u1878@gmail.com,user_1878,2024-06-06 07:53:57,S021
U1613,2024-05-04,West,Electronics,4289.38,1316.23,Inactive,Jaipur,59,Basic,u1613@company.com,user_1613,2024-05-04 02:40:29,S009
U1432,2025-03-12,South,Groceries,2382.66,28.41,Inactive,Hyderabad,31,Standard,u1432@outlook.com,user_1432,2025-03-12 00:24:06,S014
U1233,2024-11-17,North,Toys,1492.21,1292.84,Pending,Jaipur,64,Standard,u1233@company.com,user_1233,2024-11-17 05:54:01,S005
U1523,2024-02-27,East,Toys,3697.21,1753.03,Inactive,Bangalore,16,Standard,,user_1523,2024-02-27 10:02:55,S016
U1219,2024-01-09,North,Furniture,2458.7,277.3,Active,Delhi,31,Standard,u1219@yahoo.com,user_1219,2024-01-09 06:59:01,S019
U1452,2024-09-28,West,Toys,1908.11,1493.22,Inactive,Mumbai,35,Free,u1452@outlook.com,user_1452,2024-09-28 03:36:59,S024
U1770,2024-12-05,South,Electronics,102.21,1026.25,Inactive,Delhi,40,Free,u1770@yahoo.com,user_1770,2024-12-05 00:30:06,S010
U1648,2025-05-17,East,Office Supplies,1911.47,791.94,Active,Lucknow,27,Basic,u1648@gmail.com,user_1648,2025-05-17 14:45:13,S015
U1657,2025-06-24,South,Furniture,4170.39,952.73,Pending,Delhi,50,Basic,u1657@company.com,user_1657,2025-06-24 12:55:04,S019
U1193,2025-03-09,East,Clothing,1301.71,1935.69,,Bangalore,61,Free,u1193@gmail.com,user_1193,2025-03-09 18:49:51,S012
U1390,2024-05-01,West,Office Supplies,1964.22,,Inactive,Hyderabad,19,Premium,u1390@yahoo.com,user_1390,2024-05-01 23:01:50,S011
U1294,2024-10-02,East,Groceries,4287.89,846.25,,Mumbai,22,Free,u1294@outlook.com,user_1294,2024-10-02 18:11:52,S021
U1079,2024-12-16,North,Clothing,1394.51,1344.35,,Bangalore,28,Standard,u1079@company.com,user_1079,2024-12-16 05:03:30,S001
U1279,2024-05-07,North,Clothing,4452.96,1790.33,,Delhi,26,Free,u1279@outlook.com,user_1279,2024-05-07 16:17:51,S003
U1328,2025-05-26,South,Electronics,4212.51,701.96,Active,Kolkata,39,Basic,u1328@company.com,user_1328,2025-05-26 01:10:59,S012
U1541,2025-02-27,North,Clothing,3459.39,1782.93,Pending,Kolkata,57,Basic,u1541@yahoo.com,user_1541,2025-02-27 05:45:34,S001
U1517,2024-01-24,East,Toys,589.38,1397.84,Inactive,Pune,32,Standard,u1517@yahoo.com,user_1517,2024-01-24 22:03:43,S023
U1731,2024-05-10,North,Clothing,2534.2,1687.7,,Mumbai,21,Premium,u1731@outlook.com,user_1731,2024-05-10 21:15:03,S022
U1444,2024-11-28,West,Furniture,3982.23,797.66,Inactive,Mumbai,17,Free,u1444@yahoo.com,user_1444,2024-11-28 02:15:10,S016
U1674,2025-05-29,South,Clothing,3082.4,962.71,Pending,Mumbai,57,Basic,u1674@company.com,user_1674,2025-05-29 18:04:56,S011
U1816,2024-10-25,West,Clothing,3381.24,612.64,Pending,Chennai,60,Free,u1816@gmail.com,user_1816,2024-10-25 19:30:37,S013
U1895,2024-12-25,South,Office Supplies,3689.99,1315.09,,Delhi,31,Standard,u1895@gmail.com,user_1895,2024-12-25 20:51:47,S008
U1174,2024-06-29,North,Furniture,3535.03,372.15,Active,Delhi,28,Basic,u1174@yahoo.com,user_1174,2024-06-29 06:16:57,S014
U1426,2024-11-16,West,Electronics,3731.17,1739.01,,Pune,55,Standard,u1426@yahoo.com,user_1426,2024-11-16 06:18:28,S006
U1153,2025-06-19,North,Groceries,2812.8,978.78,Active,Pune,15,Free,,user_1153,2025-06-19 18:07:03,S016
U1372,2025-02-26,West,Furniture,270.74,,Active,Bangalore,25,Premium,u1372@gmail.com,user_1372,2025-02-26 09:56:52,S008
U1338,2024-06-15,South,Toys,1323.46,1475.87,Pending,Bangalore,63,Basic,u1338@company.com,user_1338,2024-06-15 16:20:05,S013
U1131,2025-05-22,North,Office Supplies,3548.51,899.02,Inactive,Mumbai,45,Standard,u1131@yahoo.com,user_1131,2025-05-22 12:35:23,S020
U1471,2024-09-27,East,Groceries,2198.95,1813.16,Pending,Mumbai,18,Standard,u1471@yahoo.com,user_1471,2024-09-27 21:22:22,S010
U1684,2025-01-09,South,Furniture,4984.72,1503.48,Active,Jaipur,56,Free,u1684@yahoo.com,,2025-01-09 01:08:22,S017
U1427,2024-10-19,South,Electronics,2637.51,,Inactive,Mumbai,18,Basic,u1427@yahoo.com,user_1427,2024-10-19 21:16:09,S002
U1614,2024-07-03,West,Groceries,3711.0,,Pending,Chennai,55,Free,u1614@gmail.com,user_1614,2024-07-03 13:25:10,S018
U1530,2024-05-30,West,Office Supplies,3834.45,295.82,Inactive,Mumbai,55,Standard,u1530@yahoo.com,user_1530,2024-05-30 12:43:55,S022
U1277,2024-05-14,West,Furniture,2723.91,1893.63,Active,Mumbai,60,Basic,u1277@yahoo.com,user_1277,2024-05-14 11:03:28,S024
U1764,2025-01-21,West,Office Supplies,475.78,,Pending,Delhi,24,Free,u1764@company.com,user_1764,2025-01-21 06:46:03,S021
U1237,2024-08-30,West,Furniture,3654.41,1946.91,Active,Mumbai,31,Premium,,user_1237,2024-08-30 14:48:23,S020
U1359,2024-02-27,East,Furniture,1211.38,179.03,Active,Hyderabad,22,Standard,u1359@outlook.com,,2024-02-27 21:55:27,S019
U1754,2024-02-05,South,Toys,287.69,372.52,Inactive,Bangalore,65,Basic,u1754@outlook.com,,2024-02-05 15:30:54,S012
U1850,2024-06-23,West,Groceries,691.49,723.74,Pending,Pune,56,Free,u1850@company.com,user_1850,2024-06-23 23:49:12,S004
U1180,2024-09-11,West,Clothing,3115.25,1451.0,Active,Kolkata,43,Standard,u1180@outlook.com,user_1180,2024-09-11 07:39:12,S010
U1890,2024-07-25,North,Electronics,2157.44,1895.57,,Delhi,17,Free,u1890@company.com,user_1890,2024-07-25 23:53:55,S023
U1776,2024-11-22,South,Office Supplies,3164.43,1830.28,Inactive,Mumbai,58,Standard,u1776@gmail.com,user_1776,2024-11-22 03:51:49,S023
U1539,2025-01-30,East,Clothing,2246.63,1679.67,Active,Pune,54,Free,u1539@outlook.com,user_1539,2025-01-30 19:26:22,S011
U1394,2024-12-27,North,Clothing,2147.97,833.75,Pending,Mumbai,56,Basic,u1394@company.com,user_1394,2024-12-27 15:34:34,S008
U1538,2024-06-04,West,Groceries,1845.15,1894.86,Inactive,Delhi,21,Basic,u1538@yahoo.com,user_1538,2024-06-04 22:09:34,S020
U1441,2024-02-19,West,Groceries,455.25,1462.43,Inactive,Hyderabad,54,Basic,u1441@yahoo.com,user_1441,2024-02-19 18:55:47,S017
U1377,2024-04-25,South,Toys,446.31,1057.55,Pending,Bangalore,20,Premium,u1377@gmail.com,user_1377,2024-04-25 17:51:37,S010
U1843,2024-01-27,West,Electronics,1907.2,,Pending,Mumbai,55,Premium,u1843@outlook.com,user_1843,2024-01-27 13:49:11,S021
U1606,2024-06-13,South,Electronics,1887.32,1349.86,Active,Hyderabad,24,Standard,u1606@yahoo.com,user_1606,2024-06-13 09:21:20,S001
U1134,2025-02-09,South,Toys,2150.53,1881.87,Pending,Mumbai,41,Basic,u1134@gmail.com,user_1134,2025-02-09 03:16:27,S012
U1735,2024-11-02,South,Clothing,4168.18,111.94,,Delhi,43,Standard,u1735@outlook.com,user_1735,2024-11-02 14:09:32,S019
U1851,2025-06-19,East,Office Supplies,3532.01,88.42,,Jaipur,59,Free,u1851@gmail.com,,2025-06-19 02:58:07,S019
U1875,2025-05-25,West,Groceries,4419.38,1181.84,,Bangalore,43,Premium,u1875@gmail.com,user_1875,2025-05-25 17:17:39,S021
U1435,2024-04-07,East,Electronics,3506.91,1009.08,Active,Mumbai,59,Free,u1435@gmail.com,user_1435,2024-04-07 18:05:20,S003
U1844,2024-01-26,East,Office Supplies,948.3,836.01,,Pune,31,Premium,u1844@company.com,user_1844,2024-01-26 18:06:05,S005
U1367,2024-07-11,East,Clothing,144.67,1969.91,Inactive,Kolkata,52,Basic,u1367@gmail.com,user_1367,2024-07-11 20:16:49,S018
U1616,2024-08-05,East,Electronics,2826.75,1893.08,Active,Bangalore,56,Free,u1616@company.com,user_1616,2024-08-05 10:12:12,S002
U1682,2025-02-18,South,Groceries,1430.51,224.99,Pending,Bangalore,29,Basic,,user_1682,2025-02-18 02:31:43,S001
U1048,2025-06-08,East,Toys,3830.72,612.88,,Pune,54,Premium,u1048@company.com,user_1048,2025-06-08 06:43:59,S007
U1631,2025-02-25,West,Clothing,3762.22,1094.02,,Bangalore,17,Standard,u1631@yahoo.com,user_1631,2025-02-25 14:35:24,S004
U1290,2024-01-14,North,Clothing,1667.37,393.28,Pending,Mumbai,32,Premium,,user_1290,2024-01-14 08:28:38,S004
U1406,2024-07-07,North,Toys,1425.96,1160.52,Inactive,Delhi,59,Standard,u1406@company.com,user_1406,2024-07-07 06:38:06,S015
U1268,2024-06-14,West,Office Supplies,1608.0,985.16,,Delhi,16,Free,u1268@outlook.com,user_1268,2024-06-14 07:12:50,S017
U1711,2024-05-08,East,Toys,1009.53,620.45,Pending,Hyderabad,16,Premium,u1711@company.com,user_1711,2024-05-08 05:21:20,S001
U1769,2024-09-10,North,Electronics,2276.18,1635.29,,Hyderabad,22,Basic,u1769@outlook.com,user_1769,2024-09-10 19:40:27,S006
U1004,2024-11-14,West,Toys,4248.21,673.25,Active,Mumbai,64,Standard,,user_1004,2024-11-14 20:57:13,S011
U1393,2024-03-26,South,Groceries,2910.49,1499.08,Active,Delhi,15,Basic,u1393@gmail.com,user_1393,2024-03-26 15:08:58,S004
U1569,2024-01-06,North,Toys,3679.76,1291.12,,Bangalore,30,Basic,u1569@yahoo.com,user_1569,2024-01-06 02:25:17,S008
U1130,2024-08-20,East,Furniture,4362.63,473.02,Active,Mumbai,47,Free,u1130@gmail.com,user_1130,2024-08-20 07:03:45,S009
U1694,2024-12-07,North,Furniture,2708.38,1212.78,,Kolkata,26,Standard,u1694@gmail.com,user_1694,2024-12-07 19:12:03,S023
U1297,2024-06-14,East,Toys,2342.38,195.65,Inactive,Jaipur,58,Basic,u1297@yahoo.com,user_1297,2024-06-14 16:33:46,S020
U1092,2024-12-06,East,Groceries,3843.37,1291.53,,Jaipur,62,Free,u1092@company.com,user_1092,2024-12-06 07:16:07,S010
U1851,2024-09-02,East,Electronics,4389.15,1989.88,,Chennai,57,Free,u1851@yahoo.com,user_1851,2024-09-02 04:19:25,S018
U1176,2025-03-05,West,Electronics,2691.17,80.54,Pending,Delhi,42,Premium,u1176@yahoo.com,user_1176,2025-03-05 00:09:34,S013
U1211,2025-02-02,North,Furniture,4356.26,1327.98,,Bangalore,32,Free,,,2025-02-02 14:10:03,S002
U1810,2024-01-19,West,Groceries,3039.45,1117.17,Pending,Bangalore,48,Free,,user_1810,2024-01-19 15:00:44,S017
U1223,2024-04-14,East,Toys,4153.05,122.15,Inactive,Delhi,57,Basic,u1223@gmail.com,user_1223,2024-04-14 15:15:59,S025
U1613,2025-06-02,South,Electronics,2966.92,636.84,Pending,Mumbai,33,Basic,u1613@company.com,user_1613,2025-06-02 13:18:13,S005
U1888,2024-06-13,West,Groceries,817.38,534.07,Pending,Bangalore,64,Free,u1888@gmail.com,user_1888,2024-06-13 11:49:39,S008
U1892,2025-01-12,West,Furniture,2464.87,638.69,Pending,Mumbai,30,Free,u1892@outlook.com,user_1892,2025-01-12 10:59:48,S013
U1035,2024-03-27,West,Groceries,1527.96,351.49,Active,Delhi,17,Standard,u1035@company.com,user_1035,2024-03-27 15:44:20,S017
U1454,2024-03-12,West,Electronics,4734.44,1976.83,Active,Mumbai,53,Free,u1454@gmail.com,user_1454,2024-03-12 20:58:10,S010
U1779,2024-10-09,South,Clothing,1334.9,986.26,,Hyderabad,22,Standard,u1779@outlook.com,user_1779,2024-10-09 03:08:34,S025
U1254,2024-10-07,South,Office Supplies,4853.93,275.41,,Bangalore,62,Standard,u1254@outlook.com,user_1254,2024-10-07 17:40:13,S007
U1584,2024-09-24,North,Groceries,2594.5,495.07,Active,Delhi,45,Basic,u1584@company.com,user_1584,2024-09-24 22:49:11,S009
U1618,2025-05-05,East,Clothing,570.41,663.44,,Lucknow,65,Basic,u1618@company.com,user_1618,2025-05-05 16:43:22,S005
U1808,2024-09-29,East,Clothing,2506.88,1050.91,,Surat,21,Premium,u1808@yahoo.com,user_1808,2024-09-29 06:33:32,S011
U1346,2024-09-12,West,Office Supplies,1530.93,434.0,,Mumbai,34,Premium,u1346@company.com,user_1346,2024-09-12 00:39:29,S011
U1118,2024-01-02,North,Toys,3045.54,175.66,Pending,Kolkata,41,Standard,u1118@gmail.com,user_1118,2024-01-02 00:52:22,S008
U1688,2024-09-25,South,Toys,4704.44,475.31,Active,Bangalore,50,Standard,u1688@yahoo.com,user_1688,2024-09-25 20:52:29,S023
U1875,2024-08-28,South,Groceries,3642.32,1315.64,Active,Chennai,20,Standard,u1875@company.com,,2024-08-28 04:59:47,S024
U1754,2024-02-01,East,Toys,1313.77,588.06,Inactive,Jaipur,16,Free,u1754@company.com,user_1754,2024-02-01 11:22:50,S012
U1369,2024-10-09,West,Groceries,2573.66,899.03,Pending,Bangalore,51,Standard,,user_1369,2024-10-09 01:12:19,S011
U1281,2024-01-09,East,Furniture,4554.45,153.26,Pending,Hyderabad,43,Basic,u1281@company.com,user_1281,2024-01-09 23:31:06,S012
U1046,2024-09-05,East,Electronics,902.63,,Pending,Pune,21,Free,u1046@gmail.com,user_1046,2024-09-05 03:07:31,S020
U1019,2024-11-16,West,Clothing,3763.45,171.8,,Bangalore,61,Standard,u1019@company.com,user_1019,2024-11-16 08:45:09,S012
U1342,2025-04-06,North,Groceries,4310.48,1190.9,,Delhi,40,Premium,u1342@yahoo.com,user_1342,2025-04-06 05:51:00,S023
U1309,2025-05-22,East,Office Supplies,666.62,642.59,Active,Hyderabad,59,Standard,u1309@company.com,user_1309,2025-05-22 02:30:48,S024
U1280,2024-04-12,North,Electronics,4136.35,1385.8,Active,Kolkata,19,Free,u1280@yahoo.com,,2024-04-12 08:58:34,S003
U1331,2024-07-28,North,Groceries,4367.35,606.23,Pending,Mumbai,38,Premium,,user_1331,2024-07-28 17:00:08,S016
U1488,2024-05-17,South,Toys,3265.36,781.05,,Mumbai,27,Basic,,user_1488,2024-05-17 00:59:17,S014
U1246,2024-01-08,North,Office Supplies,3783.77,,Active,Bangalore,61,Premium,u1246@company.com,user_1246,2024-01-08 22:28:00,S024
U1812,2024-08-19,North,Toys,1653.57,,Pending,Jaipur,24,Premium,u1812@company.com,user_1812,2024-08-19 06:59:18,S020
U1382,2024-12-05,South,Furniture,2787.11,37.15,Active,Kolkata,48,Premium,u1382@company.com,,2024-12-05 09:19:01,S008
U1349,2024-12-13,North,Clothing,4858.17,359.15,,Bangalore,30,Free,u1349@outlook.com,user_1349,2024-12-13 07:31:28,S003
U1643,2025-05-02,West,Office Supplies,2587.0,1692.11,Inactive,Bangalore,24,Standard,u1643@yahoo.com,user_1643,2025-05-02 01:17:23,S014
U1359,2024-03-24,North,Clothing,3771.49,50.6,Active,Surat,18,Standard,u1359@gmail.com,user_1359,2024-03-24 16:00:00,S011
U1006,2024-11-22,South,Clothing,857.5,,,Chennai,21,Free,u1006@yahoo.com,user_1006,2024-11-22 03:48:14,S007
U1315,2025-04-19,North,Electronics,497.58,615.39,Active,Mumbai,35,Basic,u1315@yahoo.com,user_1315,2025-04-19 12:32:03,S022
U1148,2025-04-06,East,Toys,4850.12,863.07,Pending,Bangalore,31,Basic,u1148@yahoo.com,user_1148,2025-04-06 18:02:14,S020
U1596,2024-02-12,West,Furniture,2635.56,,Pending,Lucknow,45,Standard,u1596@outlook.com,user_1596,2024-02-12 10:20:52,S008
U1775,2025-02-28,West,Toys,4195.46,1546.57,,Bangalore,52,Basic,u1775@gmail.com,user_1775,2025-02-28 01:35:59,S014
U1017,2024-07-07,East,Furniture,357.24,1898.31,Active,Delhi,44,Premium,u1017@company.com,,2024-07-07 23:04:21,S022
U1443,2024-03-13,East,Toys,2562.56,1037.27,Inactive,Mumbai,46,Standard,u1443@gmail.com,user_1443,2024-03-13 23:15:46,S019
U1494,2025-04-26,West,Electronics,2492.63,1749.59,Pending,Bangalore,33,Standard,u1494@company.com,user_1494,2025-04-26 08:59:46,S004
U1096,2025-01-30,North,Office Supplies,3632.48,1813.62,Inactive,Delhi,52,Basic,u1096@outlook.com,user_1096,2025-01-30 22:42:25,S005
U1219,2025-04-19,South,Electronics,4543.88,545.78,,Delhi,47,Basic,u1219@gmail.com,user_1219,2025-04-19 03:36:02,S016
U1390,2025-04-29,South,Clothing,893.77,,Pending,Lucknow,52,Basic,u1390@gmail.com,user_1390,2025-04-29 21:36:22,S011
U1092,2024-10-18,West,Clothing,295.77,1561.86,Inactive,Hyderabad,56,Basic,u1092@outlook.com,user_1092,2024-10-18 16:01:55,S025
U1616,2025-06-05,South,Groceries,249.26,,Pending,Pune,48,Free,u1616@yahoo.com,user_1616,2025-06-05 19:20:10,S013
U1126,2024-03-11,North,Groceries,2890.65,1987.01,Inactive,Bangalore,44,Premium,u1126@yahoo.com,user_1126,2024-03-11 10:59:15,S003
U1286,2024-10-09,North,Toys,2563.73,1674.23,Pending,Mumbai,21,Free,u1286@company.com,user_1286,2024-10-09 13:42:17,S004
U1521,2025-05-20,West,Electronics,4312.46,328.36,,Bangalore,39,Free,u1521@company.com,user_1521,2025-05-20 17:55:00,S022
U1563,2024-03-27,North,Clothing,1099.73,867.39,Pending,Mumbai,32,Standard,u1563@company.com,user_1563,2024-03-27 13:12:18,S007
U1288,2024-02-16,East,Toys,2693.74,,Active,Delhi,22,Basic,u1288@outlook.com,user_1288,2024-02-16 06:39:32,S011
U1419,2025-04-14,North,Electronics,2240.76,1438.08,Active,Mumbai,35,Free,u1419@yahoo.com,user_1419,2025-04-14 12:48:02,S022
U1564,2024-09-12,West,Toys,780.0,1514.09,Active,Hyderabad,35,Premium,u1564@company.com,user_1564,2024-09-12 04:10:55,S005
U1486,2024-04-21,North,Groceries,4811.59,616.24,Inactive,Mumbai,50,Basic,,user_1486,2024-04-21 15:01:11,S007
U1462,2025-02-16,East,Toys,2158.91,1544.66,Pending,Delhi,29,Standard,u1462@outlook.com,user_1462,2025-02-16 03:44:25,S001
U1512,2025-04-13,West,Electronics,1274.59,673.8,,Kolkata,16,Standard,u1512@outlook.com,user_1512,2025-04-13 07:32:17,S002
U1874,2024-03-15,West,Toys,3382.41,1200.71,,Ahmedabad,24,Standard,u1874@yahoo.com,user_1874,2024-03-15 05:27:22,S010
U1785,2024-07-12,East,Toys,1623.71,1897.69,Pending,Hyderabad,31,Basic,u1785@yahoo.com,user_1785,2024-07-12 01:25:24,S005
U1365,2024-03-30,West,Furniture,4469.75,87.5,Active,Surat,54,Premium,u1365@yahoo.com,user_1365,2024-03-30 12:52:31,S004
U1227,2024-12-22,West,Office Supplies,4875.95,864.18,Inactive,Pune,60,Free,u1227@outlook.com,user_1227,2024-12-22 14:55:10,S018
U1059,2024-03-19,North,Groceries,401.02,1056.66,Pending,Mumbai,33,Basic,u1059@company.com,user_1059,2024-03-19 00:37:08,S025
U1066,2024-09-13,East,Clothing,2432.84,1266.3,Active,Bangalore,50,Premium,u1066@gmail.com,,2024-09-13 21:25:40,S017
U1628,2025-04-25,South,Office Supplies,2668.23,1181.47,Inactive,Mumbai,51,Standard,u1628@gmail.com,,2025-04-25 13:40:08,S011
U1554,2024-10-28,South,Clothing,2868.94,964.91,Active,Chennai,48,Free,u1554@gmail.com,,2024-10-28 20:48:13,S014
U1010,2025-04-09,South,Clothing,3986.07,1242.27,Pending,Chennai,58,Premium,u1010@outlook.com,user_1010,2025-04-09 03:06:00,S020
U1331,2024-09-30,West,Electronics,600.9,1087.99,,Mumbai,15,Free,u1331@company.com,user_1331,2024-09-30 14:58:30,S002
U1494,2025-06-10,West,Electronics,2157.23,,Inactive,Kolkata,25,Premium,u1494@company.com,user_1494,2025-06-10 03:02:56,S014
U1514,2024-01-06,South,Toys,1915.68,1330.01,Active,Delhi,56,Premium,u1514@outlook.com,user_1514,2024-01-06 18:58:46,S022
U1320,2025-05-31,West,Toys,2350.16,1539.92,Pending,Mumbai,58,Free,,user_1320,2025-05-31 03:36:15,S019
U1526,2024-01-11,East,Groceries,1197.93,742.43,Inactive,Kolkata,34,Basic,u1526@gmail.com,,2024-01-11 11:28:15,S011
U1231,2024-01-07,East,Furniture,2185.67,206.96,Inactive,Mumbai,48,Premium,u1231@company.com,user_1231,2024-01-07 21:23:36,S004
U1508,2024-07-26,West,Office Supplies,4017.12,1139.09,,Mumbai,22,Free,u1508@company.com,user_1508,2024-07-26 03:27:00,S008
U1550,2024-11-02,North,Groceries,165.04,1845.07,Inactive,Surat,36,Free,u1550@yahoo.com,user_1550,2024-11-02 02:34:24,S007
U1680,2024-06-15,South,Clothing,1825.82,594.37,,Delhi,30,Standard,u1680@yahoo.com,user_1680,2024-06-15 04:45:09,S002
U1050,2024-11-01,North,Furniture,2623.12,864.01,,Mumbai,18,Free,u1050@company.com,user_1050,2024-11-01 14:48:17,S012
U1615,2024-10-17,East,Toys,3343.49,1408.9,Pending,Delhi,59,Premium,u1615@company.com,user_1615,2024-10-17 06:31:18,S023
U1810,2024-04-18,North,Toys,470.58,1521.75,,Pune,34,Standard,u1810@yahoo.com,user_1810,2024-04-18 22:17:40,S018
U1407,2024-02-18,South,Clothing,63.33,1179.79,Active,Kolkata,35,Standard,u1407@outlook.com,user_1407,2024-02-18 07:38:59,S023
U1126,2024-01-22,West,Electronics,2745.98,1774.05,,Mumbai,29,Premium,u1126@company.com,user_1126,2024-01-22 20:18:14,S022
U1094,2025-03-05,West,Electronics,4845.22,836.0,,Mumbai,53,Premium,u1094@company.com,user_1094,2025-03-05 08:08:20,S022
U1409,2024-03-22,North,Clothing,3080.99,1395.95,,Bangalore,56,Premium,u1409@gmail.com,,2024-03-22 01:52:00,S005
U1495,2024-03-07,East,Toys,1330.52,1508.49,Active,Bangalore,61,Premium,u1495@company.com,user_1495,2024-03-07 04:06:17,S003
U1834,2024-08-16,North,Office Supplies,3758.58,61.57,Pending,Pune,45,Basic,u1834@gmail.com,user_1834,2024-08-16 00:04:11,S010
U1402,2024-05-30,North,Groceries,2378.43,1235.66,Active,Delhi,37,Basic,u1402@gmail.com,user_1402,2024-05-30 16:41:12,S023
U1501,2024-03-26,South,Furniture,3348.72,775.99,Active,Lucknow,54,Standard,u1501@outlook.com,user_1501,2024-03-26 01:46:42,S002
U1232,2024-01-01,North,Office Supplies,3648.43,282.07,Inactive,Mumbai,39,Free,u1232@gmail.com,user_1232,2024-01-01 12:18:28,S024
U1713,2024-04-21,North,Electronics,224.2,918.7,Active,Chennai,48,Free,u1713@yahoo.com,user_1713,2024-04-21 00:17:23,S005
U1478,2024-12-29,West,Office Supplies,3004.03,603.11,Active,Delhi,45,Basic,u1478@yahoo.com,user_1478,2024-12-29 18:03:50,S002
U1044,2024-01-31,East,Furniture,1456.3,531.38,Inactive,Delhi,50,Basic,u1044@gmail.com,user_1044,2024-01-31 08:58:06,S001
U1586,2024-06-19,West,Clothing,2366.65,,Pending,Mumbai,42,Free,u1586@yahoo.com,user_1586,2024-06-19 11:05:40,S022
U1109,2024-08-30,South,Groceries,1826.85,1401.57,Active,Surat,57,Free,u1109@gmail.com,user_1109,2024-08-30 23:31:53,S010
U1021,2025-02-15,North,Electronics,3137.26,26.99,Pending,Delhi,31,Basic,u1021@outlook.com,user_1021,2025-02-15 20:42:12,S025
U1083,2024-09-30,North,Clothing,4505.89,1668.58,Pending,Bangalore,64,Free,u1083@gmail.com,user_1083,2024-09-30 04:30:01,S023
U1264,2025-03-01,South,Office Supplies,2541.18,1483.9,Pending,Bangalore,15,Free,u1264@gmail.com,user_1264,2025-03-01 08:28:09,S023
U1032,2024-04-30,East,Office Supplies,3154.3,606.19,,Mumbai,19,Basic,u1032@gmail.com,user_1032,2024-04-30 01:34:11,S022
U1085,2025-01-28,South,Furniture,86.67,719.09,Pending,Kolkata,58,Free,u1085@outlook.com,user_1085,2025-01-28 16:25:20,S011
U1497,2024-05-06,North,Groceries,818.8,763.32,Pending,Chennai,38,Free,u1497@company.com,user_1497,2024-05-06 09:54:09,S020
U1830,2024-12-28,South,Electronics,4817.39,755.82,Active,Delhi,56,Premium,u1830@gmail.com,user_1830,2024-12-28 12:40:50,S024
U1070,2025-05-10,West,Electronics,4298.37,1100.23,Active,Bangalore,47,Free,u1070@outlook.com,user_1070,2025-05-10 00:07:15,S024
U1894,2025-03-05,West,Furniture,2747.51,703.87,Inactive,Ahmedabad,31,Premium,u1894@yahoo.com,user_1894,2025-03-05 07:57:05,S020
U1872,2024-10-28,West,Office Supplies,4510.32,11.68,Pending,Mumbai,33,Premium,u1872@company.com,user_1872,2024-10-28 22:24:25,S013
U1548,2025-03-02,West,Groceries,4349.3,1535.89,Pending,Kolkata,57,Premium,u1548@yahoo.com,user_1548,2025-03-02 17:18:49,S004
U1767,2024-11-07,North,Electronics,3165.04,1149.99,Pending,Pune,54,Premium,u1767@gmail.com,user_1767,2024-11-07 02:54:50,S009
U1893,2024-07-31,South,Groceries,1197.18,1574.35,Active,Lucknow,35,Free,,user_1893,2024-07-31 06:16:01,S025
U1810,2024-05-07,South,Groceries,1983.06,866.54,Pending,Delhi,56,Premium,u1810@yahoo.com,user_1810,2024-05-07 14:38:08,S004
U1484,2024-12-09,North,Electronics,3938.2,1068.11,,Hyderabad,20,Basic,,user_1484,2024-12-09 22:37:16,S007
U1487,2024-01-05,West,Toys,909.0,1396.01,,Kolkata,49,Premium,u1487@gmail.com,user_1487,2024-01-05 21:28:43,S004
U1051,2025-06-04,West,Furniture,2718.06,1054.9,Active,Delhi,36,Basic,u1051@gmail.com,user_1051,2025-06-04 06:08:51,S008
U1191,2024-06-02,East,Furniture,1573.19,148.79,Active,Bangalore,56,Free,u1191@gmail.com,user_1191,2024-06-02 00:40:48,S018
U1611,2024-08-24,North,Toys,157.84,1557.48,Pending,Chennai,32,Basic,u1611@gmail.com,user_1611,2024-08-24 21:23:57,S001
U1576,2024-03-28,North,Groceries,2045.99,1339.29,Inactive,Bangalore,46,Standard,u1576@company.com,user_1576,2024-03-28 16:09:29,S024
U1380,2024-04-26,North,Office Supplies,4193.89,1111.38,Active,Delhi,21,Free,u1380@gmail.com,user_1380,2024-04-26 05:11:01,S006
U1824,2024-01-30,South,Furniture,1250.46,523.6,,Hyderabad,65,Basic,u1824@yahoo.com,user_1824,2024-01-30 10:44:18,S002
U1818,2024-08-13,West,Furniture,2159.75,1964.56,,Delhi,58,Basic,u1818@yahoo.com,user_1818,2024-08-13 18:11:21,S003
U1713,2024-12-20,South,Toys,3090.24,1782.8,Active,Bangalore,18,Free,u1713@gmail.com,user_1713,2024-12-20 07:38:09,S012
U1278,2025-06-11,West,Toys,3946.73,1406.64,Pending,Delhi,37,Free,u1278@outlook.com,user_1278,2025-06-11 18:06:26,S018
U1421,2024-02-15,South,Clothing,2040.55,1722.52,Active,Bangalore,26,Standard,u1421@company.com,user_1421,2024-02-15 10:48:22,S004
U1731,2024-03-21,North,Clothing,3297.06,435.83,Pending,Lucknow,59,Standard,u1731@yahoo.com,user_1731,2024-03-21 21:57:33,S008
U1846,2024-08-06,South,Toys,411.56,997.09,Pending,Delhi,60,Free,u1846@gmail.com,user_1846,2024-08-06 03:04:44,S006
U1694,2024-10-26,South,Groceries,1872.32,1389.51,Active,Mumbai,44,Premium,u1694@yahoo.com,user_1694,2024-10-26 02:06:10,S009
U1434,2025-06-04,North,Clothing,2566.51,1736.29,,Kolkata,17,Standard,u1434@company.com,user_1434,2025-06-04 11:32:24,S016
U1571,2024-10-03,West,Clothing,3393.68,,,Bangalore,34,Standard,u1571@yahoo.com,user_1571,2024-10-03 08:50:21,S011
U1245,2024-03-08,North,Furniture,611.19,251.66,,Bangalore,45,Standard,u1245@outlook.com,user_1245,2024-03-08 11:11:24,S007
U1563,2024-10-10,South,Furniture,1365.22,1259.94,,Bangalore,45,Free,u1563@gmail.com,user_1563,2024-10-10 03:23:48,S002
U1291,2024-06-30,South,Toys,2915.88,195.32,Pending,Delhi,39,Premium,u1291@gmail.com,user_1291,2024-06-30 04:07:44,S009
U1131,2024-11-07,West,Electronics,4071.47,671.27,Inactive,Lucknow,15,Premium,,user_1131,2024-11-07 11:40:14,S019
U1435,2025-03-14,South,Groceries,4351.58,,Inactive,Mumbai,65,Standard,u1435@company.com,user_1435,2025-03-14 12:27:37,S018
U1105,2024-11-29,North,Groceries,3808.89,1357.24,Pending,Mumbai,58,Free,u1105@outlook.com,user_1105,2024-11-29 19:18:00,S007
U1049,2024-11-08,North,Furniture,956.23,14.15,Pending,Mumbai,17,Free,u1049@outlook.com,user_1049,2024-11-08 10:50:24,S016
U1093,2024-05-30,East,Furniture,2403.55,,Active,Jaipur,18,Basic,u1093@company.com,user_1093,2024-05-30 15:20:19,S017
U1419,2025-04-06,East,Office Supplies,1076.49,,Active,Mumbai,59,Free,u1419@company.com,user_1419,2025-04-06 12:02:00,S009
U1861,2025-06-03,East,Furniture,1900.87,1907.46,Active,Bangalore,46,Premium,u1861@outlook.com,user_1861,2025-06-03 09:15:03,S008
U1223,2024-06-13,North,Electronics,410.75,765.17,Pending,Mumbai,40,Basic,u1223@company.com,user_1223,2024-06-13 05:37:03,S021
U1639,2024-04-04,West,Groceries,1717.35,,,Delhi,37,Premium,u1639@outlook.com,user_1639,2024-04-04 09:27:42,S018
U1718,2024-03-12,West,Electronics,3949.75,634.57,Inactive,Mumbai,38,Basic,u1718@company.com,user_1718,2024-03-12 21:25:00,S004
U1590,2024-03-27,West,Clothing,3443.83,747.46,,Bangalore,65,Free,u1590@company.com,user_1590,2024-03-27 15:46:27,S013
U1769,2025-01-02,South,Office Supplies,544.39,516.98,,Delhi,15,Premium,u1769@company.com,user_1769,2025-01-02 13:51:33,S005
U1215,2024-04-23,West,Clothing,579.42,297.32,Active,Hyderabad,35,Free,u1215@outlook.com,user_1215,2024-04-23 06:54:40,S005
U1472,2024-03-31,West,Furniture,164.45,953.23,,Mumbai,59,Basic,u1472@gmail.com,user_1472,2024-03-31 08:34:39,S014
U1648,2025-05-17,East,Office Supplies,1911.47,791.94,Active,Lucknow,27,Basic,u1648@gmail.com,user_1648,2025-05-17 14:45:13,S015
U1484,2024-07-12,North,Groceries,647.21,234.88,,Delhi,43,Standard,u1484@yahoo.com,user_1484,2024-07-12 19:59:39,S022
U1672,2025-01-15,North,Furniture,3908.6,643.99,Active,Kolkata,28,Free,u1672@outlook.com,user_1672,2025-01-15 17:04:24,S010
U1444,2024-11-27,South,Furniture,1666.72,78.72,Pending,Delhi,63,Premium,u1444@gmail.com,user_1444,2024-11-27 22:08:31,S003
U1338,2025-03-26,North,Furniture,753.95,195.45,,Delhi,29,Premium,,,2025-03-26 04:12:26,S019
U1514,2024-11-25,South,Office Supplies,940.09,445.85,Pending,Mumbai,45,Standard,u1514@yahoo.com,user_1514,2024-11-25 03:15:42,S008
U1767,2024-02-06,South,Clothing,2885.25,1153.5,,Bangalore,59,Basic,u1767@outlook.com,user_1767,2024-02-06 03:25:57,S023
U1139,2024-09-24,East,Clothing,3273.48,526.53,,Delhi,45,Standard,u1139@outlook.com,user_1139,2024-09-24 22:05:51,S021
U1613,2024-02-26,West,Furniture,1542.03,283.1,Pending,Delhi,22,Premium,u1613@company.com,user_1613,2024-02-26 12:34:45,S008
U1841,2025-02-06,North,Furniture,835.18,1391.77,Pending,Pune,33,Free,u1841@gmail.com,user_1841,2025-02-06 04:15:17,S016
U1161,2025-03-23,South,Toys,1620.55,1128.33,Pending,Mumbai,52,Basic,u1161@outlook.com,user_1161,2025-03-23 23:00:44,S019
U1781,2024-06-05,North,Office Supplies,1721.87,1047.2,Inactive,Surat,65,Free,u1781@company.com,user_1781,2024-06-05 09:06:06,S014
U1210,2024-03-02,South,Clothing,4354.75,,Pending,Bangalore,32,Free,u1210@company.com,user_1210,2024-03-02 19:15:55,S023
U1081,2025-06-21,South,Clothing,4823.9,1696.75,,Bangalore,42,Standard,u1081@gmail.com,user_1081,2025-06-21 06:56:20,S023
U1330,2024-02-26,West,Groceries,4761.91,803.73,Inactive,Delhi,64,Free,u1330@yahoo.com,user_1330,2024-02-26 12:18:41,S025
U1490,2025-05-05,East,Groceries,848.17,54.67,Active,Mumbai,52,Basic,u1490@gmail.com,user_1490,2025-05-05 04:03:10,S009
U1714,2025-03-04,East,Toys,3145.22,654.72,Inactive,Lucknow,33,Free,u1714@company.com,user_1714,2025-03-04 18:01:26,S004
U1861,2024-11-22,West,Furniture,1180.49,1671.08,Active,Mumbai,50,Standard,u1861@outlook.com,user_1861,2024-11-22 10:46:55,S025
U1719,2024-06-24,West,Clothing,4234.38,669.23,Active,Jaipur,17,Basic,u1719@company.com,user_1719,2024-06-24 02:43:59,S009
U1865,2024-01-24,North,Furniture,2746.61,1350.1,,Chennai,25,Free,u1865@company.com,user_1865,2024-01-24 06:40:25,S011
U1702,2025-01-05,North,Furniture,4000.25,355.1,Pending,Bangalore,28,Standard,u1702@company.com,user_1702,2025-01-05 12:30:45,S009
U1270,2024-06-11,East,Electronics,1703.61,1837.14,Active,Bangalore,16,Free,u1270@yahoo.com,user_1270,2024-06-11 21:32:15,S014
U1101,2025-04-13,East,Furniture,3576.43,,Inactive,Bangalore,51,Premium,,user_1101,2025-04-13 22:07:59,S010
U1339,2025-04-12,West,Electronics,3381.41,1800.54,Inactive,Pune,36,Standard,u1339@yahoo.com,user_1339,2025-04-12 12:29:37,S013
U1627,2024-09-13,North,Toys,2302.17,314.74,Pending,Mumbai,33,Basic,u1627@company.com,user_1627,2024-09-13 05:23:47,S001
U1343,2024-09-15,West,Office Supplies,4840.61,79.9,Inactive,Delhi,34,Basic,u1343@yahoo.com,user_1343,2024-09-15 21:11:51,S021
U1796,2024-09-12,South,Toys,2316.04,714.46,,Bangalore,32,Free,u1796@yahoo.com,user_1796,2024-09-12 02:19:26,S025
U1390,2025-01-13,East,Clothing,270.85,534.17,Pending,Bangalore,24,Premium,u1390@outlook.com,user_1390,2025-01-13 13:48:37,S008
U1005,2025-02-07,West,Office Supplies,1089.76,1454.62,Inactive,Delhi,56,Basic,u1005@yahoo.com,user_1005,2025-02-07 08:12:07,S006
U1694,2024-01-08,North,Office Supplies,3119.95,1033.0,Active,Mumbai,43,Basic,u1694@company.com,user_1694,2024-01-08 08:15:47,S003
U1405,2024-11-09,North,Groceries,3343.64,807.82,,Bangalore,34,Premium,u1405@yahoo.com,user_1405,2024-11-09 11:27:44,S002
U1040,2024-06-06,North,Groceries,301.73,1235.06,Pending,Bangalore,51,Standard,u1040@outlook.com,user_1040,2024-06-06 05:33:04,S017
U1663,2024-03-07,East,Clothing,2972.07,1629.19,,Bangalore,62,Standard,u1663@company.com,user_1663,2024-03-07 04:13:31,S010
U1282,2024-08-05,South,Electronics,2011.09,1089.04,,Hyderabad,37,Free,u1282@company.com,user_1282,2024-08-05 04:43:56,S013
U1015,2025-01-11,East,Clothing,2127.47,1112.38,,Bangalore,51,Free,u1015@company.com,user_1015,2025-01-11 16:14:34,S014
U1301,2025-05-28,West,Office Supplies,4636.7,151.98,Active,Bangalore,36,Basic,u1301@outlook.com,user_1301,2025-05-28 21:54:17,S007
U1579,2025-05-22,West,Groceries,615.32,1648.33,Pending,Bangalore,63,Premium,u1579@company.com,user_1579,2025-05-22 13:06:47,S021
U1023,2024-08-30,East,Electronics,4719.18,1763.55,Pending,Bangalore,55,Basic,u1023@outlook.com,user_1023,2024-08-30 17:54:00,S025
U1350,2024-10-31,East,Furniture,1778.92,956.24,Inactive,Ahmedabad,42,Standard,u1350@company.com,user_1350,2024-10-31 17:50:57,S020
U1359,2025-02-13,East,Furniture,1416.51,,,Jaipur,41,Free,u1359@outlook.com,user_1359,2025-02-13 09:30:29,S003
U1004,2025-04-17,North,Furniture,4216.13,1792.7,Active,Delhi,16,Premium,u1004@company.com,user_1004,2025-04-17 08:20:48,S012
U1658,2024-01-26,West,Furniture,4925.97,863.89,Active,Delhi,63,Standard,u1658@outlook.com,user_1658,2024-01-26 00:55:22,S023
U1559,2024-12-24,West,Electronics,215.39,1527.32,Inactive,Bangalore,20,Premium,u1559@yahoo.com,user_1559,2024-12-24 05:25:18,S002
U1546,2024-07-06,North,Toys,3989.28,817.41,Pending,Delhi,50,Free,u1546@outlook.com,user_1546,2024-07-06 20:00:05,S006
U1642,2024-09-20,North,Furniture,1840.85,1104.72,Pending,Bangalore,50,Standard,,,2024-09-20 22:44:38,S009
U1295,2024-03-16,South,Groceries,2279.25,1652.37,Active,Mumbai,21,Free,u1295@outlook.com,user_1295,2024-03-16 11:48:09,S007
U1847,2024-02-09,North,Groceries,1753.57,1318.57,Inactive,Mumbai,38,Basic,u1847@outlook.com,,2024-02-09 21:09:35,S006
U1850,2024-06-12,West,Electronics,1263.3,1611.65,Pending,Bangalore,65,Free,u1850@outlook.com,user_1850,2024-06-12 23:04:18,S019
U1792,2024-11-14,North,Electronics,2787.8,,Inactive,Delhi,65,Standard,u1792@yahoo.com,user_1792,2024-11-14 18:31:49,S025
U1880,2024-12-05,North,Electronics,1623.09,1442.39,Inactive,Mumbai,55,Premium,u1880@gmail.com,user_1880,2024-12-05 14:31:58,S019
U1610,2024-10-22,West,Furniture,4806.81,77.02,Pending,Bangalore,19,Free,u1610@outlook.com,user_1610,2024-10-22 14:14:50,S012
U1227,2025-03-18,South,Toys,2488.51,826.95,Inactive,Ahmedabad,61,Premium,u1227@outlook.com,user_1227,2025-03-18 01:31:25,S023
U1298,2025-06-01,West,Furniture,960.62,1319.44,,Mumbai,43,Premium,u1298@outlook.com,user_1298,2025-06-01 04:35:20,S002
U1569,2025-02-27,North,Furniture,119.03,242.13,,Delhi,29,Basic,u1569@gmail.com,user_1569,2025-02-27 21:21:59,S015
U1580,2025-01-31,East,Toys,2730.8,1714.07,,Mumbai,40,Premium,,user_1580,2025-01-31 18:56:09,S014
U1136,2025-02-04,West,Office Supplies,346.97,234.38,Pending,Bangalore,15,Standard,u1136@yahoo.com,user_1136,2025-02-04 07:55:30,S007
U1666,2024-07-19,East,Furniture,4707.75,608.98,Pending,Jaipur,28,Premium,u1666@company.com,user_1666,2024-07-19 14:14:06,S022
U1581,2025-04-15,North,Furniture,1310.89,,Active,Ahmedabad,50,Free,,user_1581,2025-04-15 08:59:31,S015
U1013,2024-10-06,West,Toys,1411.01,97.4,Pending,Delhi,18,Premium,u1013@company.com,user_1013,2024-10-06 20:29:31,S006
U1431,2024-05-21,East,Office Supplies,1581.18,1181.52,Active,Mumbai,27,Premium,u1431@company.com,user_1431,2024-05-21 00:23:52,S009
U1287,2024-04-05,East,Electronics,2602.56,1717.15,Active,Delhi,36,Premium,u1287@yahoo.com,user_1287,2024-04-05 20:07:28,S019
U1775,2025-02-28,West,Toys,4195.46,1546.57,,Bangalore,52,Basic,u1775@gmail.com,user_1775,2025-02-28 01:35:59,S014
U1022,2025-03-04,East,Office Supplies,2295.76,308.08,,Lucknow,18,Basic,u1022@company.com,user_1022,2025-03-04 04:29:46,S011
U1180,2024-09-11,West,Clothing,3115.25,1451.0,Active,Kolkata,43,Standard,u1180@outlook.com,user_1180,2024-09-11 07:39:12,S010
U1593,2024-07-31,West,Electronics,1203.73,948.35,Active,Mumbai,59,Standard,u1593@yahoo.com,user_1593,2024-07-31 01:13:47,S015
U1690,2024-04-28,East,Toys,2568.68,,Active,Delhi,45,Standard,u1690@yahoo.com,user_1690,2024-04-28 01:35:51,S023
U1188,2024-07-09,South,Clothing,194.5,402.68,,Delhi,60,Basic,u1188@gmail.com,user_1188,2024-07-09 17:11:23,S011
U1715,2024-04-01,East,Groceries,2239.62,1271.37,Active,Kolkata,35,Free,u1715@outlook.com,user_1715,2024-04-01 10:01:02,S025
U1156,2024-10-27,South,Office Supplies,157.11,754.87,,Mumbai,30,Basic,u1156@outlook.com,user_1156,2024-10-27 12:03:08,S008
U1400,2024-09-27,South,Electronics,201.61,587.4,Pending,Bangalore,21,Standard,u1400@gmail.com,user_1400,2024-09-27 09:09:37,S014
U1720,2024-01-04,West,Toys,4442.86,739.48,Pending,Mumbai,32,Free,u1720@gmail.com,user_1720,2024-01-04 08:25:26,S005
U1819,2025-04-28,South,Clothing,705.54,1065.46,Active,Delhi,22,Free,,user_1819,2025-04-28 05:59:26,S007
U1309,2024-05-26,East,Clothing,1537.48,,Inactive,Bangalore,42,Free,,user_1309,2024-05-26 20:42:24,S017
U1483,2024-02-02,North,Clothing,940.91,1286.63,,Delhi,39,Free,u1483@company.com,user_1483,2024-02-02 21:42:55,S018
U1373,2025-04-14,West,Office Supplies,1540.61,1040.48,,Mumbai,58,Premium,u1373@company.com,user_1373,2025-04-14 21:09:22,S016
U1027,2024-11-05,West,Clothing,2346.85,361.9,Active,Delhi,30,Basic,u1027@company.com,user_1027,2024-11-05 15:54:53,S001
U1310,2024-10-08,West,Office Supplies,2561.32,909.31,Active,Delhi,33,Premium,u1310@gmail.com,user_1310,2024-10-08 16:24:29,S019
U1147,2024-01-24,West,Electronics,2322.68,223.08,Pending,Delhi,26,Premium,u1147@outlook.com,user_1147,2024-01-24 06:25:06,S016
U1057,2025-01-04,West,Electronics,3606.08,546.84,Inactive,Bangalore,43,Free,u1057@company.com,user_1057,2025-01-04 20:14:41,S001
U1682,2024-01-10,South,Office Supplies,3404.17,889.04,Pending,Surat,34,Free,u1682@company.com,user_1682,2024-01-10 06:24:54,S016
U1854,2024-12-18,South,Toys,3009.13,730.63,Active,Chennai,40,Premium,u1854@outlook.com,user_1854,2024-12-18 03:49:12,S014
U1512,2024-12-28,West,Clothing,4315.73,,Active,Bangalore,19,Standard,u1512@company.com,user_1512,2024-12-28 13:18:07,S013
U1864,2024-07-30,South,Toys,3958.54,436.84,,Delhi,62,Premium,u1864@gmail.com,user_1864,2024-07-30 17:58:51,S025
U1678,2025-04-15,North,Toys,2676.7,357.67,Active,Mumbai,37,Premium,u1678@outlook.com,user_1678,2025-04-15 23:33:26,S021
U1246,2024-11-01,West,Office Supplies,1092.02,938.58,Active,Chennai,22,Premium,u1246@outlook.com,user_1246,2024-11-01 07:49:18,S020
U1278,2024-07-13,West,Groceries,2367.07,338.29,Pending,Surat,29,Free,u1278@yahoo.com,user_1278,2024-07-13 22:49:46,S019
U1474,2024-02-18,North,Toys,1504.1,68.0,Inactive,Mumbai,39,Free,u1474@company.com,user_1474,2024-02-18 08:38:51,S022
U1802,2024-01-27,North,Electronics,4449.66,,Inactive,Jaipur,17,Free,u1802@yahoo.com,user_1802,2024-01-27 00:22:57,S008
U1681,2024-10-21,South,Furniture,2484.84,497.05,Active,Kolkata,46,Premium,u1681@outlook.com,user_1681,2024-10-21 18:27:55,S009
U1499,2024-06-09,West,Toys,3209.68,1349.73,Pending,Delhi,55,Basic,u1499@outlook.com,user_1499,2024-06-09 00:29:33,S008
U1648,2024-12-08,North,Groceries,3801.77,977.08,,Delhi,31,Premium,u1648@gmail.com,,2024-12-08 17:20:00,S006
U1631,2024-05-07,North,Furniture,3702.67,1243.33,Active,Mumbai,46,Standard,u1631@company.com,user_1631,2024-05-07 01:15:59,S024
U1632,2024-08-13,South,Office Supplies,507.78,,Inactive,Bangalore,29,Standard,u1632@gmail.com,user_1632,2024-08-13 14:43:42,S003
U1517,2024-07-26,East,Furniture,1674.18,241.32,Inactive,Kolkata,46,Premium,u1517@company.com,user_1517,2024-07-26 14:08:32,S014
U1756,2024-10-07,East,Furniture,578.52,1527.27,Pending,Bangalore,54,Basic,u1756@yahoo.com,user_1756,2024-10-07 11:05:44,S025
U1200,2024-09-08,East,Electronics,4665.37,,Pending,Bangalore,59,Premium,u1200@gmail.com,user_1200,2024-09-08 12:54:47,S024
U1787,2024-05-02,East,Toys,224.22,49.39,,Lucknow,56,Free,u1787@company.com,user_1787,2024-05-02 23:15:43,S016
U1097,2024-02-17,West,Electronics,3802.92,620.43,Inactive,Bangalore,27,Basic,u1097@outlook.com,user_1097,2024-02-17 12:07:50,S007
U1762,2024-11-13,North,Electronics,892.0,805.53,,Mumbai,56,Premium,u1762@yahoo.com,user_1762,2024-11-13 21:44:29,S022
U1089,2024-01-03,South,Electronics,4011.13,1640.35,Pending,Pune,60,Premium,u1089@gmail.com,user_1089,2024-01-03 15:14:33,S022
U1361,2025-01-20,North,Clothing,927.07,1397.09,Active,Mumbai,38,Basic,u1361@yahoo.com,user_1361,2025-01-20 08:43:58,S023
U1148,2024-09-03,West,Electronics,1327.58,518.12,Pending,Bangalore,41,Free,u1148@outlook.com,user_1148,2024-09-03 23:30:45,S009
U1338,2024-02-23,South,Furniture,255.57,873.61,Active,Delhi,23,Premium,u1338@company.com,user_1338,2024-02-23 00:39:34,S019
U1534,2024-07-19,South,Toys,2085.12,1462.65,Inactive,Bangalore,32,Premium,u1534@company.com,user_1534,2024-07-19 09:25:10,S002
U1011,2024-09-30,East,Furniture,1204.45,1368.77,Inactive,Bangalore,38,Free,u1011@gmail.com,user_1011,2024-09-30 20:31:57,S018
U1541,2025-05-26,South,Electronics,1900.62,745.89,,Pune,39,Standard,u1541@company.com,user_1541,2025-05-26 22:57:46,S009
U1094,2024-11-02,North,Clothing,1512.21,306.39,Inactive,Mumbai,57,Basic,u1094@company.com,user_1094,2024-11-02 08:29:12,S001
U1885,2025-01-12,West,Groceries,1341.75,34.58,Pending,Delhi,56,Basic,u1885@yahoo.com,user_1885,2025-01-12 04:59:53,S021
U1514,2024-12-21,South,Toys,3890.72,249.53,,Delhi,15,Premium,u1514@company.com,user_1514,2024-12-21 10:23:39,S009
U1854,2025-01-21,North,Toys,1171.5,803.67,Pending,Chennai,27,Standard,u1854@company.com,user_1854,2025-01-21 04:38:19,S003
U1331,2025-05-07,West,Toys,4424.61,240.85,Inactive,Pune,21,Standard,u1331@gmail.com,user_1331,2025-05-07 09:57:29,S022
U1818,2024-03-29,West,Electronics,1759.05,1327.48,Pending,Bangalore,63,Basic,u1818@company.com,,2024-03-29 06:10:09,S001
U1411,2024-12-18,East,Furniture,852.15,822.07,Inactive,Pune,55,Premium,u1411@gmail.com,,2024-12-18 15:40:12,S001
U1273,2024-10-25,West,Groceries,1458.0,,Pending,Mumbai,64,Premium,u1273@yahoo.com,user_1273,2024-10-25 01:25:54,S011
U1235,2024-06-28,West,Electronics,109.18,1244.01,,Delhi,54,Free,u1235@company.com,user_1235,2024-06-28 20:42:55,S011
U1208,2024-01-18,East,Electronics,2877.64,1948.43,,Mumbai,30,Free,u1208@company.com,user_1208,2024-01-18 05:58:14,S009
U1629,2025-05-23,South,Clothing,4049.5,473.12,Pending,Surat,15,Premium,,user_1629,2025-05-23 03:47:54,S007
U1871,2024-12-04,West,Groceries,3474.38,1685.11,,Surat,53,Standard,u1871@outlook.com,user_1871,2024-12-04 09:56:38,S011
U1135,2024-08-19,South,Electronics,89.91,249.98,,Chennai,45,Premium,u1135@gmail.com,user_1135,2024-08-19 03:06:20,S012
U1799,2025-01-21,East,Furniture,569.51,,Inactive,Mumbai,38,Free,u1799@gmail.com,user_1799,2025-01-21 23:57:03,S015
U1058,2024-05-09,South,Furniture,1448.85,1208.81,Inactive,Indore,23,Free,u1058@gmail.com,user_1058,2024-05-09 02:16:34,S007
U1064,2024-06-27,East,Office Supplies,3296.87,924.37,Inactive,Delhi,63,Standard,u1064@gmail.com,user_1064,2024-06-27 20:30:24,S016
U1348,2025-03-23,East,Clothing,169.08,770.2,Active,Mumbai,21,Basic,u1348@yahoo.com,user_1348,2025-03-23 02:09:19,S014
U1449,2024-01-03,East,Groceries,912.94,,Active,Delhi,57,Free,u1449@company.com,user_1449,2024-01-03 06:31:45,S011
U1160,2025-06-03,North,Office Supplies,2294.65,1347.44,Active,Chennai,35,Premium,u1160@outlook.com,user_1160,2025-06-03 17:42:53,S021
U1341,2024-06-21,West,Groceries,3184.46,395.87,Pending,Delhi,56,Basic,u1341@yahoo.com,user_1341,2024-06-21 05:38:09,S025
U1093,2024-04-30,South,Toys,372.37,1979.49,Active,Bangalore,51,Standard,u1093@company.com,user_1093,2024-04-30 19:34:39,S023
U1128,2024-06-21,North,Office Supplies,4623.69,1278.92,Pending,Kolkata,20,Free,u1128@yahoo.com,user_1128,2024-06-21 11:00:48,S004
U1561,2025-02-20,West,Office Supplies,3218.88,673.7,Pending,Mumbai,29,Standard,,user_1561,2025-02-20 07:24:06,S004
U1324,2024-11-09,West,Toys,497.64,1247.38,Inactive,Kolkata,27,Standard,u1324@company.com,user_1324,2024-11-09 14:57:23,S025
U1471,2024-12-21,North,Office Supplies,1871.44,1175.39,,Kolkata,42,Premium,u1471@gmail.com,user_1471,2024-12-21 04:59:52,S013
U1500,2025-05-09,North,Office Supplies,3904.09,787.13,Inactive,Mumbai,42,Standard,u1500@gmail.com,user_1500,2025-05-09 12:36:34,S017
U1766,2024-10-22,South,Electronics,2370.05,810.99,Pending,Bangalore,46,Free,u1766@gmail.com,user_1766,2024-10-22 23:20:38,S009
U1736,2024-05-09,North,Furniture,509.46,1047.46,Inactive,Mumbai,65,Standard,u1736@outlook.com,user_1736,2024-05-09 16:07:46,S002
U1831,2024-01-28,North,Groceries,3745.77,1293.77,Active,Mumbai,65,Standard,u1831@gmail.com,user_1831,2024-01-28 18:03:28,S025
U1776,2025-02-03,South,Furniture,3855.2,876.42,Inactive,Delhi,48,Basic,u1776@company.com,user_1776,2025-02-03 19:58:40,S022
U1659,2024-01-11,South,Electronics,3988.32,677.79,Inactive,Mumbai,40,Free,u1659@outlook.com,user_1659,2024-01-11 03:39:40,S015
U1744,2024-12-27,South,Office Supplies,3215.37,124.14,,Delhi,62,Basic,u1744@yahoo.com,user_1744,2024-12-27 21:50:28,S002
U1731,2025-04-04,East,Toys,2045.94,1346.07,Inactive,Delhi,50,Premium,u1731@company.com,user_1731,2025-04-04 15:59:24,S002
U1317,2024-11-28,South,Toys,3193.36,1687.09,,Kolkata,17,Basic,u1317@outlook.com,user_1317,2024-11-28 13:47:53,S024
U1109,2024-05-31,East,Furniture,4409.69,1811.3,Active,Chennai,47,Standard,u1109@company.com,user_1109,2024-05-31 10:19:05,S008
U1533,2025-02-04,South,Office Supplies,3139.99,1385.15,Inactive,Bangalore,53,Premium,u1533@company.com,user_1533,2025-02-04 21:20:38,S004
U1212,2024-02-18,West,Furniture,2120.79,277.93,Inactive,Delhi,24,Basic,,user_1212,2024-02-18 21:17:43,S005
U1141,2025-05-19,North,Groceries,1719.56,1341.94,Pending,Kolkata,42,Standard,u1141@outlook.com,user_1141,2025-05-19 19:18:11,S017
U1374,2024-01-16,North,Groceries,4944.92,1376.63,,Bangalore,61,Premium,u1374@yahoo.com,user_1374,2024-01-16 18:08:20,S019
U1694,2024-06-22,West,Groceries,4807.56,1429.47,Pending,Delhi,35,Basic,u1694@outlook.com,user_1694,2024-06-22 03:03:12,S008
U1368,2024-08-29,West,Toys,635.21,816.78,Pending,Chennai,55,Standard,u1368@yahoo.com,user_1368,2024-08-29 04:30:09,S015
U1730,2024-09-11,East,Toys,3049.75,,,Mumbai,33,Free,u1730@company.com,user_1730,2024-09-11 12:35:34,S024
U1391,2025-01-22,North,Clothing,3170.25,441.1,,Pune,21,Basic,u1391@outlook.com,user_1391,2025-01-22 03:16:53,S007
U1041,2025-02-24,West,Clothing,1294.81,1949.01,Pending,Lucknow,65,Standard,u1041@company.com,user_1041,2025-02-24 03:49:10,S004
U1554,2024-08-30,West,Office Supplies,1961.71,1119.34,Pending,Delhi,15,Standard,u1554@outlook.com,user_1554,2024-08-30 10:37:21,S002
U1816,2025-06-18,South,Clothing,2985.84,1731.76,,Delhi,53,Standard,u1816@company.com,user_1816,2025-06-18 13:53:46,S003
U1577,2024-08-08,North,Electronics,4133.11,1750.49,Active,Mumbai,36,Standard,u1577@company.com,user_1577,2024-08-08 16:45:44,S023
U1144,2024-01-08,South,Clothing,884.08,231.53,Pending,Hyderabad,57,Basic,u1144@yahoo.com,user_1144,2024-01-08 05:11:35,S005
U1016,2024-11-24,South,Toys,1472.16,25.13,Pending,Bangalore,22,Premium,u1016@gmail.com,user_1016,2024-11-24 19:30:10,S002
U1714,2024-05-31,North,Groceries,2304.58,516.03,Inactive,Mumbai,64,Premium,u1714@company.com,user_1714,2024-05-31 18:57:05,S017
U1736,2025-02-21,West,Office Supplies,973.57,1837.52,Pending,Bangalore,21,Free,u1736@gmail.com,user_1736,2025-02-21 11:58:17,S025
U1580,2024-11-18,East,Toys,2521.19,1289.28,Inactive,Delhi,30,Standard,u1580@company.com,user_1580,2024-11-18 12:23:14,S005
U1507,2024-05-19,East,Toys,3216.36,1260.2,Active,Pune,54,Basic,u1507@gmail.com,user_1507,2024-05-19 03:33:06,S008
U1620,2024-07-03,North,Furniture,3503.96,1165.64,,Mumbai,16,Basic,u1620@gmail.com,user_1620,2024-07-03 21:30:20,S025
U1376,2024-11-01,West,Groceries,4525.62,606.04,Active,Delhi,27,Premium,u1376@yahoo.com,user_1376,2024-11-01 18:50:48,S024
U1264,2024-09-30,East,Clothing,2806.21,1374.5,Inactive,Delhi,65,Free,u1264@outlook.com,user_1264,2024-09-30 23:16:21,S010
U1129,2024-10-14,East,Office Supplies,60.89,363.57,Inactive,Delhi,27,Basic,u1129@yahoo.com,user_1129,2024-10-14 08:13:30,S012
U1455,2024-11-11,North,Office Supplies,434.96,445.86,Pending,Delhi,36,Basic,u1455@company.com,user_1455,2024-11-11 14:36:48,S001
U1190,2024-10-23,West,Electronics,1527.04,1857.63,Pending,Delhi,56,Free,u1190@yahoo.com,user_1190,2024-10-23 14:17:12,S004
U1340,2025-01-24,North,Clothing,1706.94,1720.42,Inactive,Delhi,53,Basic,u1340@yahoo.com,user_1340,2025-01-24 10:18:47,S023
U1290,2025-03-02,East,Electronics,4564.56,1662.75,Pending,Chennai,65,Free,u1290@yahoo.com,user_1290,2025-03-02 07:36:18,S001
U1017,2024-08-17,East,Clothing,3807.43,475.15,Active,Chennai,50,Premium,u1017@company.com,user_1017,2024-08-17 21:53:02,S003
U1831,2024-03-10,North,Furniture,2425.6,29.19,,Mumbai,58,Premium,u1831@gmail.com,user_1831,2024-03-10 09:26:20,S022
U1886,2025-06-13,West,Groceries,589.79,,Active,Pune,51,Free,u1886@outlook.com,user_1886,2025-06-13 13:22:29,S017
U1104,2024-08-11,East,Groceries,1144.51,1795.14,Active,Delhi,19,Premium,u1104@gmail.com,user_1104,2024-08-11 09:44:23,S005
U1644,2024-12-06,East,Clothing,4629.64,604.84,Active,Mumbai,59,Basic,u1644@outlook.com,user_1644,2024-12-06 23:40:59,S022
U1805,2024-11-17,South,Groceries,4921.97,1800.01,Inactive,Delhi,60,Free,,user_1805,2024-11-17 17:43:46,S024
U1612,2024-09-11,South,Toys,735.81,1905.68,,Pune,23,Basic,u1612@gmail.com,user_1612,2024-09-11 16:29:23,S009
U1575,2024-08-22,North,Toys,2757.81,328.44,,Pune,28,Free,u1575@outlook.com,user_1575,2024-08-22 07:09:01,S022
U1072,2024-08-27,North,Toys,2969.46,403.66,Active,Bangalore,56,Basic,u1072@yahoo.com,user_1072,2024-08-27 05:50:19,S020
U1538,2024-02-28,South,Electronics,4435.65,143.4,Pending,Mumbai,65,Standard,u1538@yahoo.com,user_1538,2024-02-28 01:28:32,S021
U1337,2025-02-03,East,Clothing,1129.14,436.08,Pending,Delhi,31,Premium,u1337@outlook.com,user_1337,2025-02-03 03:20:34,S014
U1291,2024-06-18,West,Office Supplies,1405.55,1771.84,Pending,Lucknow,31,Premium,u1291@outlook.com,user_1291,2024-06-18 06:35:53,S017
U1334,2024-09-24,North,Clothing,4409.72,1175.68,,Mumbai,42,Free,u1334@company.com,user_1334,2024-09-24 04:31:08,S002
U1743,2024-04-02,South,Clothing,4054.37,117.4,,Bangalore,38,Basic,u1743@outlook.com,user_1743,2024-04-02 07:37:20,S010
U1710,2024-07-25,North,Electronics,2507.36,1640.06,Active,Delhi,38,Standard,u1710@outlook.com,user_1710,2024-07-25 19:21:56,S012
U1695,2024-01-15,North,Office Supplies,130.15,1009.15,Active,Chennai,56,Free,u1695@outlook.com,user_1695,2024-01-15 17:27:33,S025
U1312,2024-05-04,North,Furniture,117.08,447.31,,Mumbai,57,Premium,u1312@outlook.com,user_1312,2024-05-04 07:36:53,S024
U1641,2024-12-07,North,Clothing,497.22,590.88,Inactive,Mumbai,36,Free,u1641@yahoo.com,user_1641,2024-12-07 18:11:22,S012
U1777,2024-03-18,East,Toys,2495.88,1522.16,,Chennai,51,Standard,u1777@outlook.com,user_1777,2024-03-18 02:30:28,S021
U1457,2024-07-19,East,Toys,4393.26,1590.75,Pending,Lucknow,42,Standard,u1457@gmail.com,user_1457,2024-07-19 16:25:54,S005
U1612,2024-04-21,South,Office Supplies,2496.76,190.16,Inactive,Jaipur,63,Premium,u1612@yahoo.com,user_1612,2024-04-21 09:24:39,S019
U1852,2025-03-06,South,Groceries,4733.01,,,Bangalore,37,Standard,u1852@company.com,user_1852,2025-03-06 23:34:51,S020
U1639,2024-07-24,East,Furniture,4197.05,1522.88,Inactive,Surat,60,Premium,u1639@outlook.com,user_1639,2024-07-24 15:42:15,S014
U1871,2025-01-24,West,Groceries,3837.03,1349.89,,Pune,48,Standard,u1871@company.com,user_1871,2025-01-24 12:53:28,S020
U1490,2025-01-11,West,Furniture,1745.86,969.55,Active,Mumbai,37,Basic,u1490@company.com,user_1490,2025-01-11 06:12:08,S016
U1365,2025-04-26,East,Electronics,4710.52,449.05,Inactive,Mumbai,37,Free,u1365@gmail.com,user_1365,2025-04-26 05:50:16,S002
U1394,2025-05-27,North,Toys,3278.05,926.55,Active,Delhi,58,Basic,u1394@company.com,,2025-05-27 16:02:47,S025
U1072,2024-03-06,South,Toys,847.98,1959.77,Inactive,Hyderabad,16,Free,u1072@outlook.com,user_1072,2024-03-06 12:36:44,S022
U1268,2025-05-16,East,Furniture,3601.85,58.21,Inactive,Kolkata,40,Premium,u1268@yahoo.com,user_1268,2025-05-16 11:30:29,S011
U1527,2025-01-07,West,Electronics,1945.63,91.34,Pending,Mumbai,50,Premium,u1527@yahoo.com,user_1527,2025-01-07 10:15:34,S004
U1436,2024-10-16,East,Electronics,1666.38,676.62,,Jaipur,38,Free,u1436@outlook.com,user_1436,2024-10-16 05:23:02,S010
U1545,2024-12-16,West,Furniture,1941.13,1027.31,Active,Chennai,24,Premium,u1545@gmail.com,user_1545,2024-12-16 06:28:53,S024
U1184,2024-07-24,East,Clothing,2177.69,,Active,Hyderabad,17,Standard,u1184@gmail.com,user_1184,2024-07-24 23:15:52,S010
U1795,2025-04-01,West,Clothing,786.83,1866.46,,Delhi,59,Standard,u1795@gmail.com,user_1795,2025-04-01 15:30:27,S013
U1060,2024-06-17,South,Electronics,4927.28,1570.3,,Delhi,59,Free,u1060@outlook.com,user_1060,2024-06-17 01:37:47,S018
U1773,2025-01-14,East,Electronics,3192.28,1050.07,Pending,Delhi,19,Basic,u1773@company.com,user_1773,2025-01-14 03:29:58,S017
U1469,2025-04-16,West,Clothing,625.53,,Inactive,Chennai,29,Standard,u1469@outlook.com,user_1469,2025-04-16 00:44:53,S009
U1113,2025-01-23,West,Groceries,4993.84,1286.42,Active,Delhi,18,Premium,u1113@gmail.com,user_1113,2025-01-23 06:21:03,S014
U1087,2025-01-13,West,Furniture,717.97,793.3,Inactive,Mumbai,65,Basic,u1087@outlook.com,user_1087,2025-01-13 02:22:38,S016
U1312,2024-01-13,West,Toys,3949.8,1034.26,,Delhi,47,Standard,u1312@gmail.com,user_1312,2024-01-13 11:11:17,S009
U1024,2024-11-03,West,Groceries,1474.11,1887.01,Inactive,Delhi,54,Standard,u1024@yahoo.com,user_1024,2024-11-03 16:48:58,S004
U1112,2024-10-01,North,Groceries,1311.32,1725.38,Pending,Kolkata,16,Premium,u1112@gmail.com,user_1112,2024-10-01 09:16:51,S008
U1875,2025-04-07,East,Groceries,2082.51,,Inactive,Bangalore,58,Premium,u1875@company.com,user_1875,2025-04-07 05:29:17,S023
U1173,2024-07-10,West,Clothing,1492.6,1618.76,Active,Mumbai,36,Free,u1173@yahoo.com,user_1173,2024-07-10 19:53:31,S013
U1009,2024-11-04,South,Toys,549.85,1249.37,Inactive,Delhi,21,Premium,u1009@gmail.com,user_1009,2024-11-04 19:12:49,S009
U1488,2024-03-11,North,Groceries,2135.56,578.12,,Mumbai,40,Standard,u1488@gmail.com,user_1488,2024-03-11 08:32:42,S009
U1832,2024-01-22,West,Clothing,718.0,,Inactive,Hyderabad,30,Standard,u1832@outlook.com,user_1832,2024-01-22 14:11:45,S004
U1574,2025-05-10,South,Office Supplies,2513.19,581.52,Active,Bangalore,17,Basic,u1574@outlook.com,user_1574,2025-05-10 23:57:36,S018
U1269,2024-02-06,South,Clothing,2657.93,904.39,Active,Hyderabad,36,Free,u1269@gmail.com,user_1269,2024-02-06 11:27:02,S012
U1715,2024-12-28,South,Furniture,2415.52,1759.17,,Delhi,64,Basic,u1715@outlook.com,user_1715,2024-12-28 01:14:26,S020
U1613,2025-06-04,East,Electronics,1417.42,835.74,Pending,Pune,33,Standard,u1613@company.com,user_1613,2025-06-04 14:34:30,S012
U1004,2024-03-09,North,Office Supplies,295.87,1399.81,,Mumbai,54,Premium,u1004@outlook.com,user_1004,2024-03-09 21:14:54,S002
U1692,2025-04-25,West,Electronics,2506.99,65.87,Inactive,Mumbai,18,Basic,u1692@outlook.com,user_1692,2025-04-25 05:43:48,S021
U1856,2024-09-06,East,Furniture,3918.68,1428.9,Inactive,Chennai,36,Basic,u1856@yahoo.com,user_1856,2024-09-06 20:51:25,S015
U1205,2024-07-16,North,Office Supplies,2684.77,1345.54,Pending,Mumbai,32,Premium,,user_1205,2024-07-16 16:06:13,S018
U1439,2025-06-09,North,Electronics,2708.44,1725.29,Active,Delhi,57,Basic,u1439@gmail.com,user_1439,2025-06-09 16:15:12,S008
U1287,2024-07-18,South,Toys,2022.42,1283.89,,Delhi,34,Free,u1287@company.com,user_1287,2024-07-18 05:20:51,S001
U1453,2024-10-04,South,Groceries,4246.56,460.68,Pending,Bangalore,40,Free,u1453@company.com,user_1453,2024-10-04 17:39:51,S008
U1819,2024-09-22,East,Office Supplies,2919.71,426.5,Pending,Ahmedabad,55,Premium,u1819@company.com,user_1819,2024-09-22 10:28:32,S025
U1481,2024-05-23,North,Clothing,2087.04,1564.98,Active,Delhi,24,Premium,u1481@gmail.com,user_1481,2024-05-23 05:32:10,S001
U1227,2024-02-01,North,Electronics,2407.73,473.55,,Hyderabad,29,Premium,u1227@company.com,user_1227,2024-02-01 08:05:47,S010
U1854,2024-06-03,West,Office Supplies,3460.54,1744.14,Pending,Chennai,63,Free,u1854@outlook.com,user_1854,2024-06-03 07:20:29,S023
U1288,2025-04-16,East,Office Supplies,3350.22,479.34,Inactive,Delhi,27,Premium,u1288@yahoo.com,user_1288,2025-04-16 22:53:23,S022
U1543,2025-04-20,West,Electronics,4397.06,1928.88,Inactive,Mumbai,28,Basic,u1543@company.com,user_1543,2025-04-20 16:12:17,S015
U1743,2024-09-14,South,Furniture,4716.21,172.53,Inactive,Indore,25,Premium,u1743@outlook.com,user_1743,2024-09-14 08:10:15,S018
U1419,2024-09-28,North,Office Supplies,1225.86,,,Mumbai,38,Premium,u1419@outlook.com,user_1419,2024-09-28 20:38:30,S007
U1685,2025-05-20,East,Electronics,3908.65,,Active,Jaipur,56,Basic,u1685@outlook.com,user_1685,2025-05-20 01:06:52,S006
U1041,2024-06-06,North,Toys,4036.54,1947.12,Active,Bangalore,61,Basic,u1041@outlook.com,user_1041,2024-06-06 22:43:57,S002
U1607,2024-04-30,North,Office Supplies,4035.22,1610.58,,Mumbai,25,Premium,u1607@outlook.com,user_1607,2024-04-30 17:58:20,S001
U1818,2025-02-28,South,Electronics,1702.27,1278.63,Active,Bangalore,59,Standard,u1818@gmail.com,user_1818,2025-02-28 16:35:20,S025
U1096,2025-01-30,North,Office Supplies,3632.48,1813.62,Inactive,Delhi,52,Basic,u1096@outlook.com,user_1096,2025-01-30 22:42:25,S005
U1341,2025-02-06,North,Groceries,3025.66,122.32,Inactive,Delhi,46,Free,u1341@company.com,user_1341,2025-02-06 18:23:17,S006
U1328,2024-03-05,South,Furniture,2644.15,1107.42,Pending,Delhi,56,Standard,u1328@gmail.com,,2024-03-05 04:11:55,S002
U1527,2025-04-10,South,Electronics,2350.58,,,Bangalore,18,Standard,u1527@outlook.com,user_1527,2025-04-10 00:34:17,S006
U1460,2025-01-06,West,Groceries,3551.03,1950.63,Inactive,Delhi,39,Premium,u1460@outlook.com,user_1460,2025-01-06 21:55:09,S006
U1552,2025-01-09,West,Clothing,2489.37,1146.77,Inactive,Mumbai,23,Basic,u1552@gmail.com,user_1552,2025-01-09 22:25:18,S020
U1688,2025-05-20,West,Electronics,3363.61,692.05,Pending,Hyderabad,31,Standard,u1688@outlook.com,user_1688,2025-05-20 21:43:53,S023
U1067,2024-12-27,West,Office Supplies,2495.86,,Pending,Delhi,53,Free,u1067@yahoo.com,user_1067,2024-12-27 17:32:28,S014
U1285,2024-01-15,South,Toys,4369.36,874.15,Inactive,Jaipur,52,Basic,u1285@gmail.com,user_1285,2024-01-15 01:02:30,S024
U1778,2024-04-30,East,Groceries,1996.57,1415.43,Pending,Delhi,48,Standard,u1778@yahoo.com,user_1778,2024-04-30 20:53:17,S023
U1169,2025-06-03,West,Office Supplies,393.78,96.45,Active,Hyderabad,28,Basic,u1169@outlook.com,user_1169,2025-06-03 15:40:39,S002
U1888,2024-01-05,East,Groceries,2800.44,585.76,Active,Mumbai,49,Free,u1888@outlook.com,user_1888,2024-01-05 15:59:44,S003
U1767,2025-03-01,East,Furniture,1610.31,,Active,Chennai,45,Free,u1767@gmail.com,user_1767,2025-03-01 20:02:58,S023
U1529,2024-11-19,South,Office Supplies,1292.32,104.94,Active,Chennai,18,Basic,u1529@company.com,user_1529,2024-11-19 03:28:47,S011
U1275,2024-04-13,East,Groceries,3275.18,1140.81,,Mumbai,55,Basic,u1275@yahoo.com,user_1275,2024-04-13 05:50:15,S018
U1813,2025-01-17,West,Clothing,376.26,1886.51,Active,Mumbai,51,Standard,u1813@yahoo.com,user_1813,2025-01-17 03:52:42,S003
U1547,2025-06-02,South,Groceries,231.99,1406.25,Active,Mumbai,30,Standard,u1547@gmail.com,user_1547,2025-06-02 20:43:41,S013
U1154,2024-05-11,South,Clothing,2363.83,1879.07,,Jaipur,47,Premium,u1154@company.com,user_1154,2024-05-11 23:30:01,S015
U1021,2024-07-02,South,Clothing,272.36,229.25,Pending,Mumbai,34,Standard,u1021@company.com,user_1021,2024-07-02 20:30:12,S017
U1613,2024-05-04,West,Electronics,4289.38,1316.23,Inactive,Jaipur,59,Basic,u1613@company.com,user_1613,2024-05-04 02:40:29,S009
U1511,2024-10-14,North,Clothing,1450.48,1229.73,Pending,Bangalore,42,Basic,u1511@company.com,user_1511,2024-10-14 04:35:54,S022
U1847,2024-02-27,West,Toys,4072.13,862.54,Pending,Hyderabad,60,Free,,user_1847,2024-02-27 08:51:29,S015
U1821,2025-05-31,North,Electronics,2084.22,1679.4,Pending,Mumbai,61,Premium,u1821@outlook.com,user_1821,2025-05-31 17:01:16,S010
U1314,2025-05-28,North,Office Supplies,3843.78,1372.65,Inactive,Bangalore,24,Standard,u1314@company.com,user_1314,2025-05-28 05:39:42,S006
U1445,2024-07-10,West,Clothing,4960.91,1330.49,Inactive,Delhi,57,Free,u1445@company.com,user_1445,2024-07-10 01:35:52,S020
U1754,2024-07-20,North,Clothing,396.37,667.1,Pending,Chennai,22,Standard,u1754@company.com,user_1754,2024-07-20 22:18:35,S005
U1002,2025-04-04,South,Clothing,547.49,1148.02,,Mumbai,63,Standard,u1002@gmail.com,user_1002,2025-04-04 09:31:16,S004
U1595,2024-08-13,South,Groceries,434.38,109.32,,Hyderabad,55,Free,u1595@outlook.com,user_1595,2024-08-13 16:58:33,S009
U1213,2024-07-25,North,Furniture,2150.2,1873.24,Inactive,Kolkata,16,Basic,u1213@company.com,user_1213,2024-07-25 12:01:28,S024
U1106,2025-03-02,South,Groceries,3408.05,765.7,Pending,Bangalore,58,Basic,u1106@company.com,user_1106,2025-03-02 13:28:02,S003
U1330,2024-09-08,East,Toys,2869.21,1182.35,Active,Delhi,51,Premium,u1330@yahoo.com,user_1330,2024-09-08 04:35:15,S019
U1527,2025-03-07,North,Electronics,3494.99,1971.67,,Bangalore,35,Premium,u1527@gmail.com,user_1527,2025-03-07 06:21:31,S017
U1734,2024-05-31,North,Furniture,1403.91,687.0,Pending,Pune,39,Premium,,user_1734,2024-05-31 16:53:39,S010
U1679,2025-01-29,East,Groceries,4465.71,33.17,Inactive,Bangalore,45,Free,u1679@gmail.com,user_1679,2025-01-29 10:15:21,S009
U1027,2025-01-25,South,Groceries,4696.1,1335.95,,Bangalore,17,Free,u1027@yahoo.com,user_1027,2025-01-25 14:11:27,S010
U1835,2024-01-26,South,Office Supplies,4382.79,452.9,,Bangalore,23,Free,u1835@outlook.com,user_1835,2024-01-26 06:29:00,S004
U1456,2024-01-14,South,Clothing,1218.82,349.91,Inactive,Mumbai,36,Standard,u1456@outlook.com,user_1456,2024-01-14 01:22:08,S021
U1159,2024-04-22,North,Groceries,4061.59,1103.86,,Delhi,58,Basic,u1159@yahoo.com,user_1159,2024-04-22 15:15:23,S022
U1565,2024-05-01,East,Furniture,275.78,87.79,Inactive,Lucknow,32,Basic,u1565@gmail.com,user_1565,2024-05-01 07:52:13,S018
U1682,2025-02-18,South,Groceries,1430.51,224.99,Pending,Bangalore,29,Basic,,user_1682,2025-02-18 02:31:43,S001
U1270,2025-06-08,South,Clothing,1006.97,118.47,Pending,Delhi,63,Free,u1270@company.com,user_1270,2025-06-08 07:17:42,S019
U1790,2025-03-21,East,Toys,1695.86,908.8,Pending,Kolkata,37,Basic,u1790@outlook.com,user_1790,2025-03-21 17:09:12,S024
U1517,2025-05-15,North,Electronics,506.88,560.59,Active,Delhi,23,Standard,u1517@company.com,user_1517,2025-05-15 13:35:00,S004
U1307,2025-01-22,North,Groceries,1299.01,,Active,Jaipur,30,Free,u1307@gmail.com,user_1307,2025-01-22 14:51:29,S001
U1089,2024-04-26,South,Toys,2937.78,806.95,Active,Hyderabad,45,Standard,u1089@outlook.com,user_1089,2024-04-26 15:57:18,S019
U1124,2024-07-05,East,Groceries,3918.44,1333.33,Inactive,Delhi,50,Free,u1124@gmail.com,user_1124,2024-07-05 06:14:31,S023
U1198,2024-08-31,East,Groceries,3686.72,154.41,Inactive,Bangalore,39,Basic,u1198@outlook.com,user_1198,2024-08-31 15:05:10,S006
U1868,2024-01-24,North,Toys,2822.57,1876.4,Active,Hyderabad,35,Free,u1868@company.com,user_1868,2024-01-24 21:33:29,S016
U1323,2024-10-13,South,Electronics,4994.03,342.7,Active,Bangalore,15,Free,u1323@yahoo.com,user_1323,2024-10-13 04:52:14,S025
U1654,2025-04-13,West,Electronics,4191.6,1076.75,Inactive,Kolkata,33,Free,,user_1654,2025-04-13 18:26:11,S022
U1083,2024-02-16,North,Toys,1093.5,1240.04,Active,Bangalore,55,Standard,u1083@outlook.com,user_1083,2024-02-16 21:25:19,S015
U1257,2025-02-06,East,Toys,398.96,477.06,Active,Delhi,17,Basic,u1257@gmail.com,user_1257,2025-02-06 01:44:09,S013
U1586,2024-01-31,North,Clothing,2211.88,184.87,Inactive,Delhi,34,Free,u1586@yahoo.com,user_1586,2024-01-31 08:15:52,S009
U1428,2024-06-24,North,Furniture,4437.72,1581.2,Inactive,Bangalore,50,Basic,u1428@company.com,user_1428,2024-06-24 06:37:30,S015
U1710,2025-04-30,North,Clothing,714.97,143.99,Active,Mumbai,26,Standard,u1710@gmail.com,user_1710,2025-04-30 16:52:16,S018
U1745,2024-08-28,North,Toys,3518.45,342.15,Active,Mumbai,45,Premium,,user_1745,2024-08-28 02:06:16,S020
U1003,2024-03-09,South,Electronics,292.5,280.51,,Chennai,48,Premium,u1003@company.com,user_1003,2024-03-09 15:54:31,S002
U1393,2025-02-14,North,Toys,4819.47,,Inactive,Bangalore,43,Premium,u1393@outlook.com,user_1393,2025-02-14 19:32:33,S023
U1163,2024-04-20,South,Electronics,4300.04,1635.01,,Delhi,65,Basic,u1163@yahoo.com,user_1163,2024-04-20 08:55:04,S025
U1166,2025-05-07,West,Office Supplies,4634.32,,,Pune,24,Free,u1166@gmail.com,user_1166,2025-05-07 11:07:19,S008
U1362,2025-01-09,West,Furniture,3348.81,105.81,,Delhi,58,Basic,u1362@gmail.com,user_1362,2025-01-09 18:07:00,S009
U1644,2025-02-25,East,Groceries,3251.78,1519.89,,Hyderabad,18,Free,u1644@outlook.com,user_1644,2025-02-25 23:53:05,S001
U1273,2024-12-31,South,Groceries,1495.02,951.33,Pending,Mumbai,63,Basic,u1273@company.com,user_1273,2024-12-31 13:19:52,S001
U1678,2025-05-04,South,Office Supplies,4785.59,1070.92,Pending,Chennai,61,Standard,u1678@yahoo.com,user_1678,2025-05-04 08:35:19,S008
U1298,2024-05-13,West,Clothing,1538.84,,Inactive,Delhi,61,Basic,u1298@outlook.com,user_1298,2024-05-13 08:34:17,S017
U1005,2025-06-19,North,Groceries,3983.57,383.22,Inactive,Mumbai,28,Free,u1005@outlook.com,user_1005,2025-06-19 12:37:26,S019
U1629,2024-11-10,East,Electronics,2484.01,563.18,,Indore,51,Free,u1629@outlook.com,user_1629,2024-11-10 12:09:32,S020
U1864,2025-04-10,North,Groceries,3848.71,1436.15,Pending,Chennai,22,Premium,u1864@yahoo.com,,2025-04-10 11:53:40,S010
U1194,2024-04-15,North,Toys,724.51,1316.77,Active,Bangalore,33,Premium,u1194@outlook.com,user_1194,2024-04-15 20:52:07,S001
U1088,2024-07-10,East,Clothing,3316.32,1119.16,,Mumbai,65,Basic,u1088@gmail.com,user_1088,2024-07-10 07:12:09,S010
U1779,2024-06-05,East,Office Supplies,618.2,661.8,Inactive,Mumbai,59,Basic,u1779@company.com,user_1779,2024-06-05 02:22:45,S018
U1207,2024-12-19,South,Electronics,2362.6,933.87,Inactive,Hyderabad,25,Premium,u1207@yahoo.com,,2024-12-19 03:14:48,S014
U1831,2024-06-04,South,Toys,1772.01,68.84,,Chennai,26,Premium,u1831@yahoo.com,user_1831,2024-06-04 14:29:07,S020
U1168,2025-05-07,North,Clothing,711.63,1582.98,Inactive,Mumbai,15,Standard,u1168@outlook.com,user_1168,2025-05-07 13:36:10,S022
U1587,2024-08-16,South,Toys,3197.51,562.69,,Mumbai,32,Standard,u1587@outlook.com,user_1587,2024-08-16 23:32:26,S017
U1233,2024-12-30,South,Clothing,969.4,766.34,Pending,Pune,60,Premium,u1233@yahoo.com,user_1233,2024-12-30 20:09:47,S013
U1194,2024-03-06,East,Groceries,1548.67,495.44,,Bangalore,49,Premium,u1194@gmail.com,user_1194,2024-03-06 03:28:05,S016
U1267,2024-11-17,West,Toys,4348.24,1489.81,Inactive,Surat,57,Standard,u1267@gmail.com,user_1267,2024-11-17 23:15:30,S012
U1692,2025-04-25,West,Electronics,2506.99,65.87,Inactive,Mumbai,18,Basic,u1692@outlook.com,user_1692,2025-04-25 05:43:48,S021
U1434,2024-02-04,North,Clothing,3656.75,1035.47,Inactive,Mumbai,56,Free,u1434@company.com,user_1434,2024-02-04 18:53:23,S021
U1141,2025-06-15,East,Furniture,788.74,1507.97,Active,Mumbai,38,Free,u1141@gmail.com,user_1141,2025-06-15 05:02:56,S002
U1804,2024-08-31,West,Furniture,1313.99,1536.55,,Delhi,26,Premium,u1804@outlook.com,user_1804,2024-08-31 00:47:18,S021
U1730,2024-06-07,South,Groceries,3166.32,588.5,,Mumbai,45,Standard,u1730@yahoo.com,user_1730,2024-06-07 09:53:15,S017
U1562,2024-07-28,East,Groceries,436.91,629.81,Inactive,Delhi,26,Basic,u1562@company.com,user_1562,2024-07-28 06:17:55,S016
U1255,2024-07-20,East,Office Supplies,1588.49,202.48,,Delhi,16,Standard,u1255@yahoo.com,user_1255,2024-07-20 07:21:53,S002
U1844,2024-12-18,West,Electronics,109.0,984.54,Inactive,Mumbai,27,Standard,u1844@company.com,user_1844,2024-12-18 18:42:50,S013
U1093,2024-04-30,South,Toys,372.37,1979.49,Active,Bangalore,51,Standard,u1093@company.com,user_1093,2024-04-30 19:34:39,S023
U1278,2024-07-12,South,Clothing,217.93,353.71,,Lucknow,36,Standard,u1278@gmail.com,user_1278,2024-07-12 05:38:22,S009
U1627,2024-02-24,North,Groceries,3903.71,1030.2,,Bangalore,36,Free,u1627@outlook.com,user_1627,2024-02-24 01:44:59,S020
U1232,2024-08-25,East,Toys,3326.8,1133.64,,Surat,36,Standard,u1232@yahoo.com,user_1232,2024-08-25 03:30:49,S022
U1843,2024-06-15,South,Office Supplies,4551.76,977.96,Active,Chennai,58,Premium,,user_1843,2024-06-15 14:35:06,S005
U1838,2024-02-16,North,Clothing,2078.57,341.4,Inactive,Pune,22,Standard,u1838@gmail.com,user_1838,2024-02-16 00:51:24,S003
U1207,2024-08-01,North,Office Supplies,4171.13,,,Pune,35,Basic,u1207@company.com,user_1207,2024-08-01 03:04:15,S006
U1076,2025-01-07,West,Clothing,1576.51,55.24,Pending,Delhi,60,Premium,u1076@gmail.com,user_1076,2025-01-07 03:16:49,S011
U1367,2024-04-05,South,Clothing,1114.51,,Pending,Kolkata,23,Free,u1367@outlook.com,user_1367,2024-04-05 16:25:52,S021
U1663,2024-12-15,South,Electronics,1915.08,687.62,Pending,Chennai,19,Standard,u1663@outlook.com,,2024-12-15 14:37:39,S005
U1224,2025-06-20,East,Electronics,1604.51,38.45,Active,Mumbai,23,Premium,u1224@outlook.com,user_1224,2025-06-20 08:59:49,S012
U1667,2025-02-28,West,Toys,569.56,782.03,Inactive,Kolkata,37,Premium,u1667@outlook.com,user_1667,2025-02-28 20:18:54,S021
U1139,2024-04-27,East,Toys,4325.68,793.03,Pending,Bangalore,53,Free,u1139@outlook.com,user_1139,2024-04-27 15:00:35,S014
U1188,2024-07-05,South,Office Supplies,4561.64,1920.4,Pending,Delhi,65,Premium,u1188@gmail.com,user_1188,2024-07-05 04:58:39,S008
U1620,2024-02-17,East,Electronics,1050.81,155.62,Inactive,Pune,40,Standard,u1620@yahoo.com,user_1620,2024-02-17 10:27:46,S018
U1123,2024-01-12,East,Groceries,266.82,338.17,Inactive,Bangalore,24,Standard,u1123@outlook.com,user_1123,2024-01-12 22:12:49,S015
U1724,2024-03-01,East,Electronics,4531.83,151.01,Inactive,Delhi,46,Basic,u1724@company.com,user_1724,2024-03-01 15:51:26,S007
U1304,2024-02-24,East,Clothing,1387.73,1738.4,,Pune,38,Basic,u1304@company.com,user_1304,2024-02-24 18:59:00,S014
U1024,2024-12-02,West,Office Supplies,4607.31,1460.82,Pending,Delhi,58,Standard,u1024@yahoo.com,user_1024,2024-12-02 01:20:29,S023
U1025,2024-02-17,East,Clothing,3075.81,916.28,Inactive,Kolkata,39,Free,u1025@yahoo.com,user_1025,2024-02-17 00:57:48,S025
U1372,2024-08-25,West,Furniture,3757.75,,Pending,Mumbai,38,Free,u1372@company.com,,2024-08-25 12:33:25,S002
U1623,2024-03-12,East,Groceries,4799.02,17.52,,Pune,30,Basic,u1623@yahoo.com,user_1623,2024-03-12 13:40:46,S025
U1165,2024-02-08,South,Toys,1495.17,1179.45,Inactive,Pune,48,Basic,u1165@company.com,user_1165,2024-02-08 08:11:13,S020
U1393,2024-11-09,West,Groceries,2838.66,1911.87,Inactive,Bangalore,46,Basic,u1393@outlook.com,user_1393,2024-11-09 21:58:09,S020
U1209,2024-04-16,South,Electronics,4172.0,120.75,Active,Delhi,45,Basic,u1209@outlook.com,user_1209,2024-04-16 21:28:54,S022
U1884,2024-10-05,East,Office Supplies,315.56,1758.62,,Bangalore,22,Basic,u1884@company.com,user_1884,2024-10-05 19:47:48,S012
U1812,2025-06-24,South,Furniture,1745.92,1727.04,Inactive,Delhi,28,Basic,u1812@gmail.com,user_1812,2025-06-24 21:23:28,S023
U1460,2024-05-16,North,Toys,4835.15,636.43,Inactive,Mumbai,65,Basic,u1460@company.com,user_1460,2024-05-16 10:09:02,S005
U1238,2024-11-02,West,Furniture,1505.03,815.47,Pending,Bangalore,24,Free,u1238@gmail.com,user_1238,2024-11-02 20:35:12,S025
U1265,2024-10-16,West,Clothing,1533.37,1433.68,,Delhi,33,Premium,u1265@yahoo.com,user_1265,2024-10-16 14:30:42,S013
U1504,2025-01-22,North,Groceries,1907.97,1579.57,Inactive,Mumbai,19,Premium,u1504@outlook.com,user_1504,2025-01-22 03:04:21,S006
U1110,2024-06-25,West,Electronics,1075.67,513.17,Active,Bangalore,53,Free,u1110@gmail.com,user_1110,2024-06-25 23:04:35,S021
U1406,2024-07-22,West,Groceries,3468.54,212.78,Pending,Hyderabad,53,Premium,u1406@gmail.com,user_1406,2024-07-22 13:42:23,S003
U1695,2025-01-24,West,Office Supplies,3950.53,504.59,,Mumbai,20,Premium,u1695@gmail.com,user_1695,2025-01-24 18:53:47,S004
U1444,2024-11-27,South,Furniture,1666.72,78.72,Pending,Delhi,63,Premium,u1444@gmail.com,user_1444,2024-11-27 22:08:31,S003
U1419,2024-02-01,West,Office Supplies,2350.99,69.75,Active,Bangalore,23,Standard,u1419@gmail.com,,2024-02-01 14:13:39,S015
U1275,2024-04-13,East,Groceries,3275.18,1140.81,,Mumbai,55,Basic,u1275@yahoo.com,user_1275,2024-04-13 05:50:15,S018
U1434,2025-03-27,West,Clothing,2396.73,,Inactive,Bangalore,61,Basic,u1434@company.com,user_1434,2025-03-27 13:45:25,S016
U1629,2024-02-14,North,Clothing,3234.54,,,Hyderabad,42,Premium,u1629@company.com,user_1629,2024-02-14 02:20:38,S005
U1787,2025-05-31,West,Clothing,2679.05,1598.05,Active,Bangalore,30,Premium,u1787@gmail.com,user_1787,2025-05-31 13:13:08,S012
U1763,2024-10-28,East,Groceries,2703.72,95.28,Pending,Bangalore,64,Standard,u1763@company.com,user_1763,2024-10-28 23:02:33,S023
U1280,2024-01-01,North,Clothing,1938.03,327.38,Active,Delhi,56,Basic,u1280@outlook.com,user_1280,2024-01-01 13:41:01,S010
U1754,2024-10-24,West,Clothing,2028.42,1451.98,,Mumbai,18,Premium,u1754@outlook.com,user_1754,2024-10-24 08:57:41,S014
U1114,2025-05-04,South,Furniture,563.64,1923.44,Pending,Kolkata,59,Basic,u1114@company.com,user_1114,2025-05-04 04:59:58,S007
U1855,2024-04-16,East,Groceries,4152.31,1485.34,,Chennai,19,Basic,,user_1855,2024-04-16 01:05:04,S002
U1814,2024-10-13,East,Groceries,4843.5,426.38,Active,Pune,65,Premium,u1814@company.com,user_1814,2024-10-13 20:48:32,S012
U1006,2024-01-08,East,Electronics,3548.37,574.63,,Chennai,28,Basic,u1006@company.com,user_1006,2024-01-08 05:39:44,S002
U1382,2024-08-29,South,Electronics,1905.82,,Active,Hyderabad,56,Standard,u1382@yahoo.com,,2024-08-29 15:44:53,S005
U1027,2025-01-30,East,Toys,2305.36,1492.87,Active,Ahmedabad,64,Basic,u1027@outlook.com,user_1027,2025-01-30 13:32:35,S006
U1358,2024-11-22,North,Furniture,4719.23,1152.43,Inactive,Mumbai,54,Standard,u1358@gmail.com,user_1358,2024-11-22 15:57:43,S002
U1550,2024-06-26,East,Clothing,1479.73,1685.55,Active,Hyderabad,15,Free,u1550@company.com,user_1550,2024-06-26 16:41:31,S014
U1733,2025-06-04,West,Groceries,3446.32,1644.35,Inactive,Delhi,65,Standard,u1733@outlook.com,user_1733,2025-06-04 22:44:30,S016
U1631,2024-06-27,North,Office Supplies,3811.83,753.86,Pending,Mumbai,38,Free,u1631@gmail.com,user_1631,2024-06-27 15:36:36,S001
U1084,2024-05-09,South,Office Supplies,1282.11,833.4,,Delhi,17,Basic,u1084@company.com,user_1084,2024-05-09 13:22:21,S017
U1375,2024-05-26,West,Clothing,4476.39,1294.02,Inactive,Kolkata,19,Free,u1375@gmail.com,user_1375,2024-05-26 19:40:45,S006
U1341,2024-09-27,East,Toys,2515.4,15.2,Active,Chennai,62,Basic,,user_1341,2024-09-27 01:05:19,S022
U1633,2024-02-27,East,Clothing,959.28,1123.0,Active,Pune,44,Free,u1633@company.com,user_1633,2024-02-27 05:03:51,S012
U1326,2025-03-02,South,Furniture,1534.45,1080.48,Inactive,Hyderabad,34,Basic,u1326@gmail.com,user_1326,2025-03-02 13:35:33,S005
U1021,2024-11-28,East,Groceries,2327.48,730.09,,Hyderabad,30,Free,u1021@gmail.com,user_1021,2024-11-28 09:47:21,S008
U1330,2024-02-26,West,Groceries,4761.91,803.73,Inactive,Delhi,64,Free,u1330@yahoo.com,user_1330,2024-02-26 12:18:41,S025
U1567,2025-02-12,North,Toys,4861.9,1323.54,Active,Mumbai,35,Basic,u1567@outlook.com,user_1567,2025-02-12 12:18:44,S014
U1809,2024-04-15,South,Groceries,2659.22,1409.54,,Chennai,42,Premium,u1809@company.com,user_1809,2024-04-15 16:27:07,S003
U1066,2025-06-24,North,Groceries,4016.79,1986.21,,Delhi,64,Premium,u1066@gmail.com,user_1066,2025-06-24 01:11:05,S006
U1858,2025-03-25,South,Groceries,2778.57,830.52,,Bangalore,39,Standard,u1858@outlook.com,user_1858,2025-03-25 08:27:23,S012
U1778,2024-04-23,East,Furniture,1265.07,879.21,Pending,Delhi,61,Standard,u1778@company.com,user_1778,2024-04-23 13:40:31,S017
U1811,2024-12-23,South,Office Supplies,4850.26,1247.25,,Chennai,39,Free,u1811@outlook.com,user_1811,2024-12-23 07:17:36,S007
U1834,2024-12-05,South,Furniture,2031.55,23.38,Active,Mumbai,16,Premium,u1834@company.com,user_1834,2024-12-05 18:58:48,S012
U1296,2025-05-17,West,Office Supplies,4181.2,1122.97,,Mumbai,65,Premium,u1296@outlook.com,user_1296,2025-05-17 20:30:07,S021
U1014,2024-12-17,West,Office Supplies,2277.8,,Inactive,Kolkata,28,Basic,u1014@outlook.com,user_1014,2024-12-17 19:46:09,S023
U1184,2025-03-02,West,Furniture,3852.85,1775.86,Active,Delhi,58,Premium,u1184@gmail.com,user_1184,2025-03-02 04:01:05,S015
U1578,2024-06-02,North,Groceries,3503.95,1350.53,,Ahmedabad,63,Premium,u1578@outlook.com,user_1578,2024-06-02 04:08:21,S003
U1230,2024-01-19,North,Furniture,365.43,1426.95,,Bangalore,55,Standard,u1230@company.com,user_1230,2024-01-19 00:21:21,S011
U1099,2024-01-27,East,Furniture,3209.04,952.41,Active,Delhi,40,Free,u1099@outlook.com,user_1099,2024-01-27 17:24:11,S012
U1282,2025-04-06,North,Furniture,2895.85,825.74,Active,Bangalore,58,Basic,u1282@gmail.com,user_1282,2025-04-06 16:26:08,S020
U1730,2024-03-10,East,Groceries,673.61,717.23,,Kolkata,43,Basic,u1730@gmail.com,user_1730,2024-03-10 09:37:27,S017
U1073,2024-09-29,South,Office Supplies,3439.45,233.93,,Delhi,37,Basic,u1073@gmail.com,user_1073,2024-09-29 05:22:39,S015
U1598,2025-01-29,North,Toys,3889.01,1306.94,Pending,Pune,44,Free,u1598@gmail.com,user_1598,2025-01-29 11:21:04,S024
U1096,2024-04-09,South,Office Supplies,2146.71,1460.86,Active,Mumbai,61,Standard,u1096@gmail.com,user_1096,2024-04-09 06:34:28,S005
U1302,2024-11-30,South,Furniture,1043.93,1754.16,Pending,Bangalore,32,Basic,u1302@company.com,user_1302,2024-11-30 09:47:55,S011
U1873,2024-12-14,West,Clothing,3814.24,414.21,Active,Ahmedabad,57,Basic,u1873@company.com,user_1873,2024-12-14 20:44:22,S016
U1193,2024-01-30,East,Furniture,3068.05,170.21,,Lucknow,35,Basic,u1193@company.com,user_1193,2024-01-30 11:01:47,S020
U1096,2025-03-13,West,Toys,2919.14,225.59,Pending,Chennai,42,Standard,u1096@company.com,user_1096,2025-03-13 13:18:02,S020
U1226,2024-08-15,North,Groceries,3059.29,213.42,Active,Bangalore,40,Standard,u1226@company.com,user_1226,2024-08-15 12:54:35,S011
U1348,2024-06-30,North,Electronics,158.47,1835.28,Active,Hyderabad,38,Premium,u1348@company.com,user_1348,2024-06-30 10:19:20,S005
U1651,2025-03-26,West,Furniture,785.67,81.37,Pending,Mumbai,44,Free,u1651@company.com,,2025-03-26 11:45:35,S016
U1754,2024-02-05,South,Toys,287.69,372.52,Inactive,Bangalore,65,Basic,u1754@outlook.com,,2024-02-05 15:30:54,S012
U1425,2024-03-28,West,Toys,751.29,916.11,Inactive,Bangalore,37,Free,u1425@company.com,user_1425,2024-03-28 09:02:51,S023
U1810,2024-11-13,East,Office Supplies,2828.38,484.07,,Mumbai,23,Standard,u1810@yahoo.com,user_1810,2024-11-13 05:19:41,S019
U1463,2024-01-30,South,Toys,723.62,460.46,Pending,Surat,60,Basic,u1463@yahoo.com,user_1463,2024-01-30 23:54:17,S004
U1438,2025-05-19,North,Toys,3139.67,1896.85,Pending,Jaipur,50,Standard,u1438@yahoo.com,,2025-05-19 05:40:02,S015
U1488,2024-05-17,South,Toys,3265.36,781.05,,Mumbai,27,Basic,,user_1488,2024-05-17 00:59:17,S014
U1212,2024-06-06,South,Office Supplies,1555.82,1549.36,Inactive,Chennai,47,Standard,u1212@outlook.com,user_1212,2024-06-06 13:50:03,S020
U1780,2024-10-10,North,Clothing,4732.88,741.28,,Chennai,46,Standard,,user_1780,2024-10-10 15:50:13,S012
U1594,2024-04-07,East,Toys,4108.82,,Active,Delhi,23,Basic,u1594@outlook.com,user_1594,2024-04-07 12:44:53,S024
U1167,2025-04-18,South,Office Supplies,4948.14,1118.33,Pending,Hyderabad,64,Premium,u1167@gmail.com,user_1167,2025-04-18 12:17:04,S007
U1418,2024-08-22,South,Office Supplies,1588.79,1426.75,Pending,Jaipur,65,Free,u1418@yahoo.com,user_1418,2024-08-22 14:07:19,S002
U1703,2024-06-30,East,Toys,167.78,748.19,Inactive,Delhi,32,Premium,u1703@gmail.com,user_1703,2024-06-30 21:08:11,S015
U1097,2024-03-28,South,Toys,2634.23,348.7,Pending,Delhi,62,Standard,u1097@company.com,user_1097,2024-03-28 14:10:35,S012
U1339,2024-04-19,West,Toys,2122.43,,Inactive,Pune,35,Standard,u1339@outlook.com,user_1339,2024-04-19 12:07:56,S002
U1473,2025-06-15,South,Furniture,3037.83,730.19,Active,Delhi,40,Standard,u1473@gmail.com,user_1473,2025-06-15 19:58:36,S002
U1680,2025-05-10,South,Electronics,3407.11,41.44,Inactive,Chennai,22,Free,u1680@company.com,user_1680,2025-05-10 10:51:04,S015
U1047,2024-12-19,South,Toys,2046.32,1740.18,Pending,Bangalore,16,Standard,u1047@gmail.com,user_1047,2024-12-19 18:12:52,S015
U1785,2025-03-29,South,Clothing,2223.21,91.35,Inactive,Bangalore,41,Basic,u1785@company.com,user_1785,2025-03-29 05:56:47,S025
U1417,2024-07-18,East,Toys,830.51,1207.91,Inactive,Mumbai,43,Standard,u1417@company.com,user_1417,2024-07-18 08:59:02,S023
U1319,2025-02-02,South,Electronics,2865.83,1112.03,,Bangalore,25,Premium,u1319@company.com,user_1319,2025-02-02 12:39:43,S012
U1771,2024-03-23,North,Toys,1554.46,733.1,,Mumbai,40,Standard,u1771@gmail.com,user_1771,2024-03-23 14:27:31,S003
U1487,2024-10-05,South,Clothing,2200.15,645.29,Active,Bangalore,38,Standard,u1487@outlook.com,user_1487,2024-10-05 22:13:40,S010
U1066,2025-03-28,West,Electronics,2330.43,,,Mumbai,39,Standard,u1066@company.com,user_1066,2025-03-28 20:48:14,S016
U1179,2025-02-20,West,Groceries,408.31,1894.56,Pending,Hyderabad,65,Standard,u1179@company.com,user_1179,2025-02-20 07:48:21,S025
U1254,2025-03-13,South,Office Supplies,1667.46,201.29,,Delhi,17,Standard,u1254@yahoo.com,,2025-03-13 18:51:37,S011
U1406,2024-09-02,North,Office Supplies,1934.28,724.93,Pending,Delhi,46,Free,u1406@company.com,user_1406,2024-09-02 10:58:13,S012
U1768,2024-11-18,East,Toys,330.49,746.69,Active,Mumbai,26,Basic,u1768@outlook.com,user_1768,2024-11-18 05:15:01,S007
U1798,2024-05-23,West,Office Supplies,157.24,627.61,Active,Surat,65,Basic,u1798@gmail.com,user_1798,2024-05-23 11:42:31,S018
U1775,2024-07-06,South,Groceries,66.69,661.48,,Bangalore,15,Free,u1775@gmail.com,user_1775,2024-07-06 23:48:27,S009
U1331,2024-02-25,North,Clothing,3290.44,889.35,,Delhi,24,Basic,u1331@yahoo.com,user_1331,2024-02-25 00:23:46,S019
U1064,2024-01-23,East,Groceries,3241.13,692.16,Pending,Bangalore,57,Free,u1064@yahoo.com,user_1064,2024-01-23 09:10:50,S009
U1233,2025-01-16,West,Toys,621.53,1337.36,Pending,Mumbai,64,Free,u1233@yahoo.com,user_1233,2025-01-16 16:37:08,S001
U1357,2025-02-20,West,Electronics,4906.88,1608.6,Inactive,Chennai,59,Basic,u1357@gmail.com,user_1357,2025-02-20 14:01:42,S014
U1240,2024-11-23,North,Electronics,4792.55,1721.29,Inactive,Pune,52,Basic,u1240@company.com,user_1240,2024-11-23 03:51:52,S020
U1628,2024-09-06,West,Toys,4434.02,1594.45,Active,Delhi,49,Standard,,user_1628,2024-09-06 11:32:51,S017
U1395,2024-06-04,South,Electronics,674.92,670.67,Active,Hyderabad,43,Premium,u1395@company.com,,2024-06-04 04:26:55,S021
U1781,2024-08-19,North,Groceries,3254.01,259.47,,Bangalore,41,Premium,u1781@gmail.com,user_1781,2024-08-19 00:38:04,S014
U1460,2024-01-31,North,Furniture,2908.67,1887.27,Active,Bangalore,57,Standard,u1460@company.com,user_1460,2024-01-31 12:48:49,S023
U1830,2024-09-27,North,Office Supplies,4585.43,1111.57,Pending,Delhi,17,Standard,u1830@yahoo.com,,2024-09-27 18:09:08,S012
U1410,2024-09-14,South,Clothing,282.0,26.76,Pending,Hyderabad,23,Free,u1410@outlook.com,user_1410,2024-09-14 02:31:23,S002
U1698,2024-12-16,North,Toys,2290.95,1966.21,Pending,Mumbai,53,Standard,,user_1698,2024-12-16 20:59:00,S020
U1067,2024-01-16,South,Furniture,2996.72,1285.43,Inactive,Jaipur,36,Premium,u1067@yahoo.com,user_1067,2024-01-16 02:44:14,S004
U1027,2025-02-19,North,Office Supplies,2064.67,651.02,,Mumbai,33,Premium,u1027@company.com,user_1027,2025-02-19 16:25:29,S020
U1861,2025-01-16,North,Toys,2562.12,1515.55,Active,Delhi,51,Premium,u1861@yahoo.com,user_1861,2025-01-16 18:36:45,S021
U1851,2025-06-19,East,Office Supplies,3532.01,88.42,,Jaipur,59,Free,u1851@gmail.com,,2025-06-19 02:58:07,S019
U1305,2025-01-22,West,Furniture,2931.1,444.16,Active,Delhi,62,Standard,u1305@company.com,user_1305,2025-01-22 04:36:05,S007
U1017,2024-07-07,East,Furniture,357.24,1898.31,Active,Delhi,44,Premium,u1017@company.com,,2024-07-07 23:04:21,S022
U1684,2024-03-28,North,Electronics,4769.35,1574.96,Active,Delhi,45,Premium,u1684@outlook.com,user_1684,2024-03-28 00:22:50,S003
U1283,2024-04-03,West,Groceries,3306.23,1598.69,Pending,Mumbai,31,Basic,u1283@company.com,user_1283,2024-04-03 14:35:43,S003
U1343,2024-04-26,East,Clothing,2170.5,1193.83,,Delhi,57,Free,u1343@gmail.com,user_1343,2024-04-26 03:05:41,S001
U1462,2024-10-01,East,Groceries,4899.46,788.96,Active,Bangalore,17,Premium,u1462@company.com,user_1462,2024-10-01 23:01:47,S015
U1083,2024-08-17,West,Office Supplies,1574.34,622.56,Inactive,Kolkata,41,Standard,u1083@yahoo.com,user_1083,2024-08-17 08:37:38,S001
U1223,2024-07-20,South,Clothing,1830.3,289.55,Pending,Surat,53,Premium,u1223@company.com,user_1223,2024-07-20 10:35:07,S015
U1704,2025-06-21,East,Electronics,2088.38,377.81,Inactive,Delhi,34,Premium,u1704@gmail.com,user_1704,2025-06-21 09:18:17,S006
U1429,2024-01-26,East,Office Supplies,1938.21,307.27,Pending,Mumbai,65,Basic,u1429@yahoo.com,user_1429,2024-01-26 00:25:30,S005
U1828,2024-07-15,West,Groceries,170.0,201.45,Active,Pune,15,Standard,u1828@gmail.com,user_1828,2024-07-15 21:46:58,S024
U1426,2025-02-28,East,Electronics,1226.52,1625.61,Pending,Mumbai,64,Standard,u1426@outlook.com,user_1426,2025-02-28 05:10:57,S012
U1459,2024-06-22,West,Furniture,3906.23,,Pending,Pune,30,Free,u1459@company.com,user_1459,2024-06-22 02:36:23,S007
U1890,2025-05-10,West,Toys,3068.3,1709.19,Pending,Bangalore,58,Standard,u1890@outlook.com,user_1890,2025-05-10 12:00:18,S006
U1051,2025-04-02,South,Toys,2363.43,84.33,Pending,Bangalore,49,Premium,u1051@outlook.com,user_1051,2025-04-02 10:15:42,S023
U1780,2024-02-19,West,Electronics,3149.59,42.4,Inactive,Delhi,15,Free,u1780@yahoo.com,user_1780,2024-02-19 09:10:55,S009
U1588,2025-06-03,South,Toys,2300.73,1920.24,,Delhi,18,Standard,u1588@gmail.com,user_1588,2025-06-03 14:32:23,S025
U1091,2024-07-13,West,Toys,2284.78,227.22,,Bangalore,62,Free,u1091@company.com,user_1091,2024-07-13 05:07:01,S009
U1462,2025-02-18,West,Furniture,3069.72,903.23,Inactive,Lucknow,33,Basic,u1462@yahoo.com,user_1462,2025-02-18 22:19:02,S012
U1764,2025-02-27,West,Electronics,4984.58,376.93,,Delhi,19,Premium,u1764@gmail.com,user_1764,2025-02-27 14:29:56,S025
U1521,2024-12-14,West,Toys,1107.21,1049.66,Active,Delhi,56,Basic,u1521@company.com,user_1521,2024-12-14 16:03:12,S002
U1547,2025-05-30,South,Furniture,4871.25,,,Kolkata,36,Standard,u1547@gmail.com,,2025-05-30 17:06:32,S001
U1760,2024-05-18,North,Electronics,1681.06,1301.44,Active,Bangalore,29,Standard,u1760@gmail.com,user_1760,2024-05-18 15:27:27,S020
U1476,2025-06-08,North,Clothing,2283.2,741.35,,Delhi,39,Premium,u1476@yahoo.com,user_1476,2025-06-08 02:22:57,S003
U1005,2025-02-27,East,Groceries,2123.09,1858.33,Active,Mumbai,58,Premium,u1005@yahoo.com,user_1005,2025-02-27 13:45:31,S006
U1518,2024-12-15,West,Clothing,4120.54,1921.97,,Chennai,42,Basic,u1518@outlook.com,user_1518,2024-12-15 17:49:30,S015
U1572,2024-01-26,East,Clothing,2813.64,1338.59,Active,Mumbai,57,Free,u1572@yahoo.com,user_1572,2024-01-26 12:38:36,S001
U1875,2024-07-04,West,Groceries,89.18,1864.42,Pending,Delhi,16,Standard,u1875@company.com,user_1875,2024-07-04 09:34:18,S022
U1627,2024-06-28,South,Furniture,938.91,869.83,,Jaipur,26,Premium,u1627@gmail.com,user_1627,2024-06-28 05:17:56,S021
U1432,2024-03-17,North,Office Supplies,1939.82,806.12,Active,Lucknow,58,Free,u1432@yahoo.com,user_1432,2024-03-17 02:40:46,S009
U1338,2024-11-28,South,Clothing,199.81,709.37,,Hyderabad,33,Standard,u1338@yahoo.com,user_1338,2024-11-28 12:52:45,S004
U1784,2025-01-22,South,Electronics,1748.42,362.41,Active,Delhi,31,Standard,u1784@company.com,user_1784,2025-01-22 03:39:44,S015
U1348,2024-08-30,West,Electronics,4036.81,1078.41,Inactive,Mumbai,59,Standard,u1348@gmail.com,user_1348,2024-08-30 15:52:13,S014
U1050,2025-05-11,South,Groceries,1367.56,356.65,Pending,Delhi,28,Standard,u1050@gmail.com,user_1050,2025-05-11 14:51:00,S003
U1715,2025-05-05,East,Toys,709.64,1722.62,Pending,Delhi,26,Basic,u1715@yahoo.com,user_1715,2025-05-05 14:24:39,S019
U1065,2025-06-21,East,Furniture,3512.41,73.85,Pending,Delhi,42,Premium,u1065@outlook.com,user_1065,2025-06-21 00:48:04,S004
U1168,2025-01-12,South,Electronics,1233.85,451.03,Inactive,Bangalore,36,Standard,u1168@yahoo.com,user_1168,2025-01-12 10:40:34,S005
U1399,2025-02-17,East,Toys,1840.05,525.39,Active,Bangalore,57,Premium,u1399@outlook.com,user_1399,2025-02-17 07:00:52,S013
U1655,2024-09-16,North,Clothing,4389.71,57.81,Pending,Jaipur,32,Premium,u1655@yahoo.com,user_1655,2024-09-16 19:23:48,S003
U1192,2025-02-19,South,Furniture,2293.31,885.33,Pending,Chennai,47,Standard,u1192@yahoo.com,user_1192,2025-02-19 15:49:35,S015
U1558,2025-03-21,West,Toys,2174.87,1100.43,Pending,Jaipur,49,Basic,u1558@yahoo.com,user_1558,2025-03-21 07:24:58,S021
U1409,2025-01-27,East,Toys,3089.84,1426.91,Pending,Delhi,53,Standard,,user_1409,2025-01-27 02:17:45,S006
U1709,2024-01-16,North,Electronics,4715.92,,Pending,Bangalore,41,Free,u1709@company.com,user_1709,2024-01-16 08:09:27,S005
U1870,2024-05-28,North,Electronics,848.94,425.25,Inactive,Bangalore,21,Free,u1870@outlook.com,user_1870,2024-05-28 21:17:02,S009
U1233,2024-12-22,East,Clothing,1382.21,925.88,,Bangalore,42,Premium,u1233@yahoo.com,,2024-12-22 14:35:41,S002
U1139,2024-12-17,South,Furniture,1029.86,1462.07,Active,Delhi,27,Free,u1139@yahoo.com,user_1139,2024-12-17 21:11:29,S021
U1836,2024-12-27,South,Groceries,276.44,80.02,,Delhi,40,Basic,u1836@yahoo.com,user_1836,2024-12-27 00:30:09,S023
U1447,2024-02-02,North,Groceries,2485.45,1272.4,Active,Bangalore,50,Premium,u1447@gmail.com,user_1447,2024-02-02 14:39:41,S007
U1446,2025-03-12,East,Furniture,3404.83,849.33,,Mumbai,36,Standard,u1446@outlook.com,user_1446,2025-03-12 05:49:28,S014
U1322,2024-07-09,South,Electronics,3750.28,,Pending,Mumbai,65,Free,,user_1322,2024-07-09 06:02:02,S015
U1278,2025-03-04,South,Groceries,4185.19,992.58,Inactive,Chennai,29,Free,u1278@gmail.com,user_1278,2025-03-04 22:20:08,S017
U1679,2024-04-08,North,Groceries,1351.17,858.76,Active,Ahmedabad,23,Premium,u1679@company.com,user_1679,2024-04-08 03:35:45,S010
U1249,2024-06-02,West,Groceries,4970.01,1126.47,Pending,Delhi,20,Premium,u1249@yahoo.com,user_1249,2024-06-02 08:40:40,S012
U1650,2024-11-21,North,Clothing,3492.05,233.02,Inactive,Mumbai,37,Premium,u1650@outlook.com,user_1650,2024-11-21 23:53:36,S024
U1445,2024-01-10,South,Toys,1524.41,1724.69,Active,Delhi,55,Free,u1445@company.com,user_1445,2024-01-10 09:04:48,S015
U1203,2024-03-20,East,Office Supplies,3337.11,1471.37,Pending,Mumbai,44,Basic,u1203@outlook.com,user_1203,2024-03-20 21:26:16,S017
U1566,2024-03-03,South,Groceries,2122.23,1735.12,,Bangalore,30,Free,u1566@company.com,user_1566,2024-03-03 22:02:32,S019
U1144,2025-02-21,North,Groceries,1190.78,1266.96,,Mumbai,33,Free,u1144@company.com,user_1144,2025-02-21 12:55:27,S024
U1775,2025-05-20,East,Office Supplies,1588.54,265.24,Pending,Mumbai,22,Premium,u1775@yahoo.com,user_1775,2025-05-20 10:02:15,S009
U1309,2025-06-17,South,Groceries,556.44,1328.09,Pending,Bangalore,53,Standard,u1309@gmail.com,user_1309,2025-06-17 10:17:40,S011
U1396,2025-02-21,South,Toys,2398.32,374.15,Pending,Delhi,60,Free,u1396@company.com,user_1396,2025-02-21 08:25:12,S008
U1690,2024-03-31,North,Groceries,3868.36,1399.17,Active,Bangalore,61,Standard,u1690@company.com,user_1690,2024-03-31 09:48:31,S011
U1821,2025-06-05,South,Office Supplies,1999.87,1971.64,Inactive,Kolkata,64,Basic,u1821@yahoo.com,user_1821,2025-06-05 06:21:49,S016
U1850,2024-04-14,East,Toys,1610.88,1913.26,Inactive,Jaipur,61,Free,u1850@yahoo.com,user_1850,2024-04-14 01:14:16,S003
U1385,2024-03-01,North,Furniture,4148.03,1467.99,Inactive,Chennai,18,Basic,u1385@company.com,user_1385,2024-03-01 21:58:54,S006
U1550,2024-10-25,West,Toys,3646.36,1818.39,,Indore,50,Premium,u1550@gmail.com,user_1550,2024-10-25 16:49:49,S011
U1227,2024-11-01,East,Office Supplies,1293.12,666.65,Active,Mumbai,21,Standard,u1227@yahoo.com,user_1227,2024-11-01 02:00:33,S018
U1713,2024-02-18,West,Clothing,3467.22,1200.43,Active,Kolkata,64,Basic,u1713@outlook.com,user_1713,2024-02-18 06:05:01,S014
U1389,2024-09-17,South,Toys,2910.75,1621.61,Active,Bangalore,51,Free,u1389@yahoo.com,user_1389,2024-09-17 07:43:02,S007
U1646,2024-03-25,South,Electronics,1536.79,1781.28,Pending,Jaipur,50,Basic,u1646@yahoo.com,user_1646,2024-03-25 04:47:54,S022
U1166,2024-10-05,East,Groceries,4566.69,563.09,Inactive,Pune,59,Basic,u1166@gmail.com,user_1166,2024-10-05 17:07:26,S016
U1350,2024-03-23,North,Toys,3795.16,1598.39,Active,Bangalore,35,Premium,u1350@outlook.com,user_1350,2024-03-23 11:20:48,S022
U1359,2025-02-13,East,Furniture,1416.51,,,Jaipur,41,Free,u1359@outlook.com,user_1359,2025-02-13 09:30:29,S003
U1276,2024-09-30,West,Office Supplies,3289.0,1548.57,Inactive,Kolkata,52,Basic,u1276@yahoo.com,user_1276,2024-09-30 00:43:00,S003
U1766,2025-04-14,North,Furniture,2096.35,289.99,Pending,Mumbai,64,Premium,u1766@gmail.com,user_1766,2025-04-14 11:19:41,S008
U1127,2024-07-31,West,Furniture,4316.92,20.59,,Pune,22,Premium,u1127@yahoo.com,user_1127,2024-07-31 02:35:16,S025
U1727,2024-06-16,North,Furniture,4823.61,969.5,Pending,Hyderabad,21,Premium,,user_1727,2024-06-16 06:41:10,S003
U1563,2025-01-04,East,Groceries,2385.89,815.48,Active,Delhi,26,Free,u1563@company.com,user_1563,2025-01-04 10:36:54,S003
U1781,2024-06-12,South,Groceries,2360.73,999.77,Active,Lucknow,47,Free,u1781@yahoo.com,user_1781,2024-06-12 01:03:18,S016
U1676,2024-08-08,South,Clothing,902.07,895.7,Pending,Delhi,28,Premium,u1676@outlook.com,user_1676,2024-08-08 17:29:59,S003
U1423,2024-03-29,South,Furniture,1889.34,612.23,Pending,Mumbai,38,Premium,u1423@gmail.com,user_1423,2024-03-29 00:51:30,S017
U1210,2025-06-21,West,Furniture,4799.45,803.2,Inactive,Delhi,40,Premium,u1210@gmail.com,user_1210,2025-06-21 10:47:05,S018
U1655,2024-05-26,South,Clothing,827.41,1076.78,Inactive,Bangalore,50,Standard,u1655@outlook.com,user_1655,2024-05-26 05:11:37,S022
U1260,2025-02-02,East,Toys,655.54,1148.88,Pending,Chennai,55,Free,u1260@gmail.com,user_1260,2025-02-02 14:00:21,S001
U1391,2025-01-24,West,Electronics,341.42,1682.0,Inactive,Mumbai,31,Basic,u1391@gmail.com,user_1391,2025-01-24 04:26:52,S017
U1381,2025-01-27,West,Office Supplies,355.47,1796.5,Pending,Lucknow,56,Basic,u1381@gmail.com,user_1381,2025-01-27 01:50:30,S009
U1713,2025-01-19,North,Office Supplies,4025.57,1570.4,,Chennai,23,Standard,u1713@yahoo.com,user_1713,2025-01-19 08:05:58,S015
U1452,2024-04-19,South,Electronics,4963.87,57.02,Active,Delhi,33,Premium,u1452@outlook.com,user_1452,2024-04-19 18:27:28,S009
U1073,2025-01-01,South,Office Supplies,4439.27,886.79,,Delhi,61,Premium,u1073@gmail.com,user_1073,2025-01-01 06:22:47,S017
U1629,2024-08-04,North,Office Supplies,4765.33,207.69,,Kolkata,42,Free,u1629@outlook.com,user_1629,2024-08-04 04:47:00,S018
U1621,2024-02-02,West,Office Supplies,4969.01,1231.87,Active,Mumbai,62,Standard,u1621@yahoo.com,user_1621,2024-02-02 17:01:33,S017
U1062,2025-04-20,East,Furniture,324.14,56.83,Active,Mumbai,30,Basic,u1062@gmail.com,user_1062,2025-04-20 23:58:11,S007
U1510,2025-06-15,South,Furniture,1643.02,1392.07,,Bangalore,52,Free,u1510@gmail.com,user_1510,2025-06-15 06:28:55,S008
U1577,2024-02-26,South,Groceries,3513.4,951.23,,Bangalore,44,Free,u1577@gmail.com,user_1577,2024-02-26 05:47:13,S010
U1781,2024-06-05,North,Office Supplies,1721.87,1047.2,Inactive,Surat,65,Free,u1781@company.com,user_1781,2024-06-05 09:06:06,S014
U1159,2024-03-09,North,Electronics,1805.04,185.6,,Delhi,34,Free,u1159@yahoo.com,user_1159,2024-03-09 18:53:05,S009
U1850,2025-03-03,South,Electronics,2050.78,75.63,Active,Hyderabad,53,Premium,u1850@yahoo.com,user_1850,2025-03-03 06:16:32,S024
U1143,2024-11-05,South,Furniture,754.46,1808.29,Pending,Bangalore,44,Free,u1143@yahoo.com,user_1143,2024-11-05 13:03:15,S005
U1447,2024-02-29,East,Furniture,505.35,,,Kolkata,65,Premium,u1447@gmail.com,user_1447,2024-02-29 07:52:03,S003
U1645,2025-02-14,West,Clothing,4946.68,756.9,Pending,Bangalore,15,Basic,u1645@company.com,user_1645,2025-02-14 14:24:05,S004
U1892,2025-03-16,North,Groceries,206.79,,Pending,Delhi,18,Standard,u1892@gmail.com,user_1892,2025-03-16 17:17:25,S015
U1065,2024-05-27,South,Groceries,2642.3,1761.43,Pending,Mumbai,58,Standard,u1065@outlook.com,user_1065,2024-05-27 08:05:53,S013
U1864,2024-05-13,North,Electronics,4902.67,489.03,Pending,Hyderabad,46,Free,u1864@company.com,user_1864,2024-05-13 09:32:50,S003
U1360,2025-03-06,North,Clothing,3491.29,1286.33,Inactive,Bangalore,65,Basic,,user_1360,2025-03-06 09:20:36,S003
U1093,2024-12-12,West,Electronics,1809.81,1077.34,Active,Mumbai,29,Standard,u1093@outlook.com,user_1093,2024-12-12 14:46:12,S001
U1878,2024-12-23,South,Electronics,4222.11,1184.36,Inactive,Lucknow,56,Free,u1878@yahoo.com,user_1878,2024-12-23 17:30:02,S020
U1816,2024-03-02,East,Furniture,1267.24,787.68,,Mumbai,55,Free,u1816@yahoo.com,user_1816,2024-03-02 04:09:12,S022
U1351,2024-10-19,North,Electronics,2700.66,1149.65,Pending,Bangalore,36,Basic,u1351@yahoo.com,user_1351,2024-10-19 11:36:24,S013
U1841,2024-12-29,East,Furniture,3876.31,371.36,Active,Bangalore,17,Basic,u1841@gmail.com,user_1841,2024-12-29 10:59:14,S022
U1210,2024-06-11,West,Furniture,1398.53,1188.94,,Mumbai,46,Premium,u1210@company.com,user_1210,2024-06-11 11:03:52,S023
U1788,2024-08-01,North,Electronics,1008.91,1373.64,,Bangalore,25,Premium,,user_1788,2024-08-01 06:27:16,S011
U1656,2024-08-21,South,Toys,1173.72,1533.36,Inactive,Kolkata,24,Premium,u1656@yahoo.com,user_1656,2024-08-21 01:24:21,S020
U1267,2024-09-08,South,Office Supplies,3201.51,1450.56,Pending,Bangalore,40,Free,u1267@yahoo.com,user_1267,2024-09-08 08:32:14,S011
U1093,2024-02-20,South,Electronics,2581.68,1000.69,Active,Kolkata,25,Basic,u1093@gmail.com,,2024-02-20 03:09:25,S004
U1067,2024-06-01,North,Electronics,1728.8,1073.2,Inactive,Bangalore,39,Basic,u1067@outlook.com,user_1067,2024-06-01 10:45:02,S009
U1788,2024-02-05,West,Office Supplies,752.1,1865.17,Inactive,Mumbai,55,Premium,u1788@company.com,user_1788,2024-02-05 03:05:46,S008
U1834,2024-09-21,North,Clothing,3640.76,617.87,Inactive,Jaipur,43,Free,u1834@outlook.com,user_1834,2024-09-21 00:06:39,S003
U1356,2024-10-31,West,Groceries,3569.37,1579.73,Active,Mumbai,30,Basic,u1356@gmail.com,,2024-10-31 10:06:15,S008
U1578,2025-05-30,South,Groceries,3678.58,1060.24,Active,Bangalore,57,Free,u1578@yahoo.com,user_1578,2025-05-30 09:58:15,S011
U1086,2025-03-24,East,Furniture,226.71,,Inactive,Bangalore,19,Standard,u1086@company.com,user_1086,2025-03-24 00:02:21,S002
U1305,2024-12-04,North,Office Supplies,3739.38,522.22,Active,Pune,34,Premium,u1305@yahoo.com,user_1305,2024-12-04 07:53:45,S009
U1459,2025-03-04,East,Groceries,4147.71,1852.18,Inactive,Kolkata,41,Basic,u1459@outlook.com,user_1459,2025-03-04 03:05:26,S014
U1547,2025-01-23,West,Groceries,2436.76,760.68,Inactive,Delhi,42,Basic,u1547@gmail.com,user_1547,2025-01-23 11:22:12,S011
U1715,2025-02-09,South,Office Supplies,4655.03,631.58,Active,Delhi,52,Standard,u1715@gmail.com,user_1715,2025-02-09 19:08:46,S020
U1442,2024-08-13,North,Groceries,3286.61,291.9,Pending,Mumbai,24,Premium,u1442@outlook.com,user_1442,2024-08-13 20:28:58,S014
U1869,2025-01-14,East,Office Supplies,4396.88,1898.45,,Delhi,35,Basic,u1869@company.com,user_1869,2025-01-14 20:56:49,S019
U1498,2024-03-17,North,Clothing,3971.44,76.43,Inactive,Chennai,35,Standard,u1498@company.com,user_1498,2024-03-17 01:58:09,S002
U1102,2024-07-10,North,Office Supplies,855.59,1506.57,,Pune,44,Free,u1102@company.com,user_1102,2024-07-10 08:46:23,S020
U1326,2024-12-05,North,Office Supplies,4579.08,1188.79,Pending,Chennai,16,Standard,u1326@gmail.com,user_1326,2024-12-05 19:27:36,S021
U1508,2024-12-24,West,Furniture,2124.27,1525.97,Inactive,Ahmedabad,24,Standard,u1508@gmail.com,user_1508,2024-12-24 16:30:12,S007
U1684,2024-01-03,North,Office Supplies,2279.66,834.0,Pending,Pune,39,Free,u1684@company.com,user_1684,2024-01-03 02:01:12,S004
U1626,2025-06-21,West,Groceries,591.12,1756.76,Inactive,Bangalore,40,Premium,u1626@gmail.com,user_1626,2025-06-21 14:25:56,S010
U1117,2025-03-06,West,Furniture,4600.72,338.54,Inactive,Delhi,49,Basic,u1117@company.com,user_1117,2025-03-06 18:53:40,S007
U1383,2024-11-10,East,Clothing,749.59,1307.95,Pending,Jaipur,64,Free,,user_1383,2024-11-10 17:56:10,S022
U1235,2024-04-12,South,Clothing,1417.04,983.08,,Bangalore,49,Premium,u1235@outlook.com,user_1235,2024-04-12 04:37:01,S024
U1324,2025-02-20,West,Office Supplies,4338.9,1881.59,,Kolkata,36,Free,u1324@gmail.com,user_1324,2025-02-20 22:16:32,S003
U1076,2024-09-27,North,Toys,3083.12,547.12,Inactive,Lucknow,52,Free,u1076@outlook.com,user_1076,2024-09-27 18:56:54,S014
U1340,2024-08-30,West,Office Supplies,2521.14,1255.58,Inactive,Ahmedabad,34,Free,u1340@outlook.com,user_1340,2024-08-30 17:26:05,S016
U1739,2024-12-09,East,Office Supplies,4836.92,1132.99,Pending,Delhi,61,Free,u1739@gmail.com,user_1739,2024-12-09 08:08:05,S006
U1891,2024-10-18,West,Furniture,1537.57,,,Delhi,55,Free,u1891@company.com,user_1891,2024-10-18 21:24:19,S006
U1899,2024-03-21,West,Toys,2455.65,,Inactive,Mumbai,45,Basic,u1899@company.com,user_1899,2024-03-21 17:48:46,S023
U1605,2024-04-10,East,Clothing,4696.86,1199.92,Pending,Mumbai,41,Standard,u1605@gmail.com,,2024-04-10 03:58:44,S024
U1875,2024-07-12,North,Clothing,1878.68,,Active,Hyderabad,41,Standard,u1875@yahoo.com,user_1875,2024-07-12 09:53:21,S011
U1029,2024-01-11,South,Furniture,1233.8,1880.63,Pending,Ahmedabad,41,Standard,,user_1029,2024-01-11 20:35:38,S011
U1124,2024-04-17,East,Electronics,511.56,1955.42,Inactive,Mumbai,20,Standard,u1124@company.com,user_1124,2024-04-17 03:32:50,S004
U1754,2024-10-24,West,Clothing,2028.42,1451.98,,Mumbai,18,Premium,u1754@outlook.com,user_1754,2024-10-24 08:57:41,S014
U1121,2025-03-05,South,Electronics,2530.38,1118.79,Pending,Ahmedabad,41,Free,u1121@gmail.com,user_1121,2025-03-05 22:25:59,S005
U1246,2024-07-09,West,Electronics,2990.3,597.58,,Pune,58,Basic,u1246@outlook.com,user_1246,2024-07-09 15:43:00,S016
U1107,2024-11-26,South,Furniture,892.45,1805.53,Pending,Pune,49,Premium,u1107@gmail.com,user_1107,2024-11-26 01:07:03,S010
U1199,2024-05-07,East,Clothing,461.57,1379.88,Inactive,Pune,48,Basic,u1199@gmail.com,user_1199,2024-05-07 16:34:56,S006
U1086,2025-03-24,East,Furniture,226.71,,Inactive,Bangalore,19,Standard,u1086@company.com,user_1086,2025-03-24 00:02:21,S002
U1650,2024-09-26,East,Furniture,2814.46,1300.09,,Kolkata,64,Basic,u1650@gmail.com,user_1650,2024-09-26 19:34:47,S008
U1147,2024-03-14,North,Furniture,3791.21,426.4,Active,Ahmedabad,27,Premium,,user_1147,2024-03-14 06:11:52,S025
U1383,2024-06-30,South,Toys,4237.57,1019.58,,Mumbai,17,Premium,u1383@outlook.com,user_1383,2024-06-30 03:22:43,S006
U1814,2024-01-23,South,Electronics,2458.26,428.49,,Delhi,35,Free,u1814@yahoo.com,user_1814,2024-01-23 05:42:36,S021
U1879,2024-11-16,North,Toys,2297.41,1013.98,Inactive,Mumbai,38,Free,u1879@yahoo.com,user_1879,2024-11-16 06:04:17,S014
U1640,2024-09-20,South,Electronics,4723.48,458.91,Pending,Jaipur,57,Basic,u1640@company.com,user_1640,2024-09-20 21:39:55,S021
U1897,2025-05-11,North,Groceries,1690.69,1141.77,Pending,Delhi,40,Basic,,user_1897,2025-05-11 09:38:12,S025
U1603,2024-05-20,South,Office Supplies,500.39,691.4,Active,Delhi,32,Standard,u1603@yahoo.com,user_1603,2024-05-20 10:58:15,S019
U1665,2024-10-12,East,Electronics,178.27,1040.31,Active,Delhi,31,Free,u1665@outlook.com,user_1665,2024-10-12 15:12:07,S005
U1604,2025-06-14,East,Electronics,2513.37,1994.71,Pending,Lucknow,57,Free,u1604@gmail.com,user_1604,2025-06-14 02:21:15,S012
U1308,2024-10-27,East,Furniture,1834.7,800.65,Inactive,Delhi,28,Standard,u1308@yahoo.com,user_1308,2024-10-27 21:46:01,S019
U1288,2024-08-15,West,Electronics,1038.48,299.07,,Delhi,21,Standard,u1288@outlook.com,user_1288,2024-08-15 10:10:51,S013
U1551,2025-04-12,West,Office Supplies,1696.4,1257.82,Active,Bangalore,41,Free,u1551@yahoo.com,user_1551,2025-04-12 18:14:28,S009
U1884,2024-11-13,East,Toys,3696.34,1383.66,,Pune,39,Standard,u1884@yahoo.com,user_1884,2024-11-13 15:16:38,S001
U1472,2025-05-21,South,Clothing,2732.79,1153.44,,Bangalore,60,Basic,u1472@yahoo.com,user_1472,2025-05-21 18:12:31,S024
U1319,2024-07-16,West,Electronics,193.14,912.58,Pending,Kolkata,30,Basic,u1319@gmail.com,user_1319,2024-07-16 08:27:22,S020
U1824,2024-01-16,East,Office Supplies,2758.32,1565.08,Active,Bangalore,44,Standard,u1824@outlook.com,user_1824,2024-01-16 08:36:23,S012
U1493,2025-01-16,East,Toys,2033.87,1711.39,Pending,Bangalore,24,Free,u1493@gmail.com,user_1493,2025-01-16 04:44:01,S020
U1804,2025-01-02,East,Toys,2730.36,648.07,,Chennai,45,Basic,u1804@yahoo.com,,2025-01-02 16:17:25,S016
U1309,2024-02-23,South,Clothing,4323.13,,,Chennai,26,Standard,u1309@gmail.com,,2024-02-23 06:44:02,S012
U1177,2024-07-24,South,Furniture,1483.33,1574.11,Pending,Mumbai,60,Premium,u1177@gmail.com,user_1177,2024-07-24 21:10:22,S016
U1782,2024-03-03,North,Office Supplies,2432.14,1676.65,Active,Delhi,43,Basic,u1782@yahoo.com,,2024-03-03 02:55:46,S020
U1460,2024-07-24,North,Clothing,4819.37,965.9,,Jaipur,16,Basic,u1460@company.com,user_1460,2024-07-24 17:32:41,S005
U1573,2024-12-01,North,Electronics,339.13,1307.38,Inactive,Mumbai,31,Free,u1573@yahoo.com,user_1573,2024-12-01 02:24:59,S018
U1828,2024-10-04,North,Furniture,3126.4,853.41,,Bangalore,47,Free,u1828@company.com,user_1828,2024-10-04 10:18:17,S011
U1575,2024-04-18,North,Furniture,2359.04,503.36,Active,Mumbai,39,Free,u1575@yahoo.com,user_1575,2024-04-18 18:46:20,S007
U1381,2024-05-05,West,Furniture,1393.35,1899.89,Pending,Mumbai,53,Premium,u1381@outlook.com,user_1381,2024-05-05 13:35:57,S013
U1160,2025-05-15,South,Electronics,636.8,623.43,Active,Hyderabad,44,Free,u1160@yahoo.com,user_1160,2025-05-15 13:00:52,S019
U1506,2024-12-31,East,Clothing,3580.01,1562.61,Pending,Hyderabad,30,Standard,u1506@gmail.com,user_1506,2024-12-31 13:45:39,S016
U1225,2024-05-07,South,Office Supplies,1435.71,928.49,,Mumbai,41,Basic,u1225@company.com,user_1225,2024-05-07 10:44:02,S017
U1595,2025-02-15,East,Clothing,1259.6,1626.6,,Mumbai,54,Standard,u1595@yahoo.com,,2025-02-15 12:04:21,S022
U1170,2024-04-22,West,Groceries,1574.92,,,Chennai,50,Free,,user_1170,2024-04-22 11:26:48,S014
U1046,2024-05-24,East,Furniture,2844.67,319.96,,Kolkata,18,Basic,u1046@outlook.com,user_1046,2024-05-24 13:52:10,S014
U1559,2024-05-30,West,Office Supplies,4377.68,1996.17,Inactive,Bangalore,32,Free,u1559@yahoo.com,user_1559,2024-05-30 07:27:02,S013
U1039,2025-05-14,West,Clothing,1298.17,498.33,Active,Bangalore,62,Standard,u1039@company.com,,2025-05-14 09:35:49,S023
U1717,2024-01-23,South,Groceries,304.88,1246.24,Active,Mumbai,63,Basic,u1717@outlook.com,user_1717,2024-01-23 22:59:28,S004
U1558,2024-09-13,West,Groceries,4031.66,181.98,Active,Mumbai,36,Basic,u1558@yahoo.com,user_1558,2024-09-13 20:22:01,S011
U1452,2024-02-22,East,Office Supplies,2768.64,881.85,,Mumbai,55,Basic,u1452@outlook.com,user_1452,2024-02-22 17:26:05,S008
U1833,2024-05-26,North,Toys,1087.15,1401.03,Active,Surat,46,Premium,u1833@company.com,user_1833,2024-05-26 20:18:46,S014
U1144,2025-04-13,North,Office Supplies,2627.27,,,Surat,16,Basic,,user_1144,2025-04-13 02:51:22,S006
U1723,2024-02-23,East,Clothing,4824.62,,Active,Pune,45,Free,u1723@outlook.com,user_1723,2024-02-23 02:38:02,S024
U1757,2024-02-28,North,Clothing,4975.54,686.33,Inactive,Bangalore,17,Premium,u1757@outlook.com,user_1757,2024-02-28 10:20:32,S022
U1251,2024-06-07,North,Electronics,2497.74,1966.69,Inactive,Hyderabad,43,Basic,u1251@outlook.com,user_1251,2024-06-07 00:54:39,S016
U1024,2024-06-19,West,Furniture,2598.74,782.35,,Delhi,40,Basic,u1024@gmail.com,user_1024,2024-06-19 10:37:38,S020
U1739,2025-05-14,South,Clothing,2147.5,1633.63,Active,Bangalore,42,Basic,u1739@outlook.com,user_1739,2025-05-14 02:28:10,S002
U1089,2024-07-09,South,Furniture,1487.25,1538.33,Inactive,Mumbai,25,Premium,u1089@yahoo.com,user_1089,2024-07-09 07:02:05,S010
U1094,2025-02-27,East,Furniture,2507.89,448.89,,Pune,45,Standard,u1094@gmail.com,user_1094,2025-02-27 23:49:28,S024
U1773,2024-08-27,South,Groceries,4626.85,1566.48,Pending,Chennai,59,Premium,u1773@gmail.com,user_1773,2024-08-27 04:28:30,S023
U1644,2024-02-02,West,Clothing,838.7,339.55,,Bangalore,56,Standard,u1644@outlook.com,user_1644,2024-02-02 00:42:54,S001
U1067,2025-03-18,East,Furniture,3085.12,1519.18,Inactive,Hyderabad,37,Free,u1067@yahoo.com,user_1067,2025-03-18 22:42:09,S022
U1662,2024-04-11,North,Toys,2393.55,128.49,Pending,Mumbai,34,Basic,u1662@gmail.com,user_1662,2024-04-11 03:41:18,S006
U1601,2024-06-07,South,Toys,540.16,822.15,Pending,Mumbai,38,Basic,u1601@yahoo.com,user_1601,2024-06-07 03:43:23,S018
U1145,2024-09-05,South,Furniture,1359.31,1390.49,,Jaipur,46,Basic,u1145@outlook.com,user_1145,2024-09-05 14:21:50,S015
U1843,2024-09-02,South,Furniture,547.38,1745.87,,Mumbai,18,Basic,u1843@yahoo.com,user_1843,2024-09-02 14:35:52,S019
U1302,2024-04-24,South,Electronics,1814.22,1613.5,,Mumbai,33,Basic,,user_1302,2024-04-24 16:34:01,S008
U1157,2024-07-13,North,Clothing,3675.58,1553.31,Inactive,Kolkata,21,Basic,u1157@gmail.com,user_1157,2024-07-13 22:55:33,S004
U1487,2024-02-20,South,Office Supplies,471.14,1549.91,Inactive,Kolkata,45,Basic,u1487@yahoo.com,user_1487,2024-02-20 23:33:15,S008
U1312,2024-06-23,North,Furniture,3578.37,818.1,Pending,Bangalore,54,Premium,u1312@gmail.com,user_1312,2024-06-23 01:33:54,S021
U1114,2024-05-31,South,Furniture,4381.22,1258.28,Pending,Delhi,58,Basic,u1114@company.com,user_1114,2024-05-31 20:01:18,S007
U1414,2024-10-25,East,Electronics,1070.92,1075.77,Inactive,Ahmedabad,20,Basic,u1414@outlook.com,user_1414,2024-10-25 20:38:44,S001
U1540,2025-03-11,East,Office Supplies,1995.08,1727.06,Active,Mumbai,38,Standard,u1540@yahoo.com,user_1540,2025-03-11 00:50:00,S018
U1369,2025-02-12,South,Groceries,333.35,667.21,Active,Mumbai,59,Free,u1369@yahoo.com,,2025-02-12 03:55:33,S009
U1671,2025-05-18,West,Clothing,4015.05,,,Pune,65,Premium,u1671@outlook.com,user_1671,2025-05-18 23:04:53,S010
U1727,2024-11-08,West,Office Supplies,537.7,388.82,,Kolkata,61,Basic,u1727@company.com,user_1727,2024-11-08 07:00:20,S016
U1031,2024-09-14,West,Clothing,1224.89,1812.16,Inactive,Delhi,23,Free,u1031@company.com,user_1031,2024-09-14 14:55:02,S023
U1745,2025-02-02,North,Toys,1864.59,1109.34,Inactive,Bangalore,22,Premium,u1745@yahoo.com,user_1745,2025-02-02 04:34:45,S020
U1780,2025-01-04,North,Groceries,3624.58,992.49,,Delhi,53,Standard,u1780@company.com,user_1780,2025-01-04 13:18:54,S014
U1279,2024-10-15,North,Electronics,4360.82,951.43,Active,Jaipur,52,Standard,u1279@gmail.com,user_1279,2024-10-15 07:02:09,S009
U1457,2024-09-26,West,Clothing,1540.57,1823.42,Inactive,Bangalore,58,Free,u1457@yahoo.com,user_1457,2024-09-26 09:52:23,S004
U1225,2025-05-14,East,Office Supplies,2207.39,,Pending,Chennai,40,Basic,u1225@yahoo.com,user_1225,2025-05-14 17:01:58,S013
U1456,2025-05-13,West,Office Supplies,4496.49,1032.65,Active,Mumbai,64,Premium,u1456@yahoo.com,user_1456,2025-05-13 06:55:43,S014
U1440,2024-10-26,East,Electronics,2763.65,1765.5,,Delhi,25,Free,u1440@yahoo.com,user_1440,2024-10-26 13:40:15,S017
U1060,2024-09-15,West,Office Supplies,1429.79,1313.12,Inactive,Lucknow,48,Premium,u1060@outlook.com,user_1060,2024-09-15 22:12:44,S001
U1898,2024-11-20,South,Furniture,1376.64,1001.04,Pending,Pune,25,Standard,u1898@gmail.com,user_1898,2024-11-20 12:22:34,S003
U1236,2025-02-13,West,Office Supplies,1631.35,1557.97,Inactive,Pune,59,Standard,u1236@company.com,user_1236,2025-02-13 07:21:29,S007
U1277,2025-01-03,West,Electronics,1497.85,779.18,,Bangalore,60,Premium,u1277@company.com,user_1277,2025-01-03 17:05:11,S007
U1710,2024-01-19,West,Groceries,1872.8,1418.02,Pending,Delhi,26,Premium,u1710@company.com,user_1710,2024-01-19 18:51:10,S013
U1126,2025-03-09,North,Office Supplies,1345.92,781.48,Pending,Mumbai,60,Standard,u1126@outlook.com,user_1126,2025-03-09 03:56:45,S011
U1889,2025-05-13,North,Groceries,4075.01,1384.42,,Pune,20,Basic,u1889@yahoo.com,user_1889,2025-05-13 00:44:12,S001
U1117,2024-01-24,North,Toys,591.35,1860.55,Inactive,Bangalore,50,Basic,u1117@company.com,user_1117,2024-01-24 07:51:25,S021
U1508,2024-01-01,West,Toys,296.42,446.92,Pending,Delhi,18,Free,u1508@yahoo.com,user_1508,2024-01-01 15:11:32,S006
U1777,2025-04-25,South,Groceries,75.99,,Pending,Mumbai,24,Free,u1777@outlook.com,user_1777,2025-04-25 03:03:15,S014
U1683,2024-10-08,East,Furniture,4120.45,99.96,Inactive,Mumbai,28,Basic,u1683@company.com,user_1683,2024-10-08 14:14:39,S005
U1585,2024-12-04,North,Groceries,4759.99,969.56,Active,Lucknow,36,Free,u1585@company.com,user_1585,2024-12-04 15:44:01,S007
U1524,2024-08-15,East,Furniture,2053.28,904.52,Pending,Mumbai,60,Premium,u1524@gmail.com,user_1524,2024-08-15 11:12:32,S021
U1631,2025-04-09,West,Electronics,3715.06,360.02,Active,Bangalore,22,Premium,u1631@company.com,user_1631,2025-04-09 10:26:12,S024
U1893,2024-01-28,South,Office Supplies,4837.0,1554.56,Inactive,Kolkata,52,Free,u1893@company.com,user_1893,2024-01-28 21:15:02,S019
U1404,2025-01-14,East,Groceries,253.57,348.03,,Lucknow,44,Basic,u1404@company.com,user_1404,2025-01-14 03:20:02,S005
U1615,2024-08-03,North,Office Supplies,2566.1,,Active,Bangalore,60,Basic,u1615@company.com,user_1615,2024-08-03 10:19:28,S025
U1140,2024-12-06,North,Toys,2359.45,1724.98,Inactive,Jaipur,36,Basic,u1140@yahoo.com,user_1140,2024-12-06 18:08:52,S007
U1606,2024-11-08,West,Furniture,3109.44,110.97,Active,Bangalore,58,Free,u1606@outlook.com,user_1606,2024-11-08 03:52:36,S004
U1019,2024-06-04,West,Groceries,159.55,571.41,Inactive,Chennai,61,Premium,u1019@yahoo.com,,2024-06-04 06:21:26,S010
U1193,2025-05-17,East,Toys,1446.12,1771.65,,Chennai,27,Premium,u1193@company.com,user_1193,2025-05-17 20:25:06,S024
U1542,2024-10-08,North,Electronics,2535.97,866.84,Inactive,Mumbai,21,Basic,u1542@outlook.com,user_1542,2024-10-08 08:50:25,S003
U1179,2025-06-23,North,Groceries,4115.65,1062.63,Pending,Bangalore,53,Premium,u1179@yahoo.com,user_1179,2025-06-23 12:11:22,S024
U1728,2025-06-12,West,Office Supplies,465.18,904.15,Inactive,Pune,20,Basic,u1728@outlook.com,user_1728,2025-06-12 13:03:25,S017
U1687,2024-03-27,North,Groceries,4484.3,,Inactive,Pune,21,Basic,u1687@outlook.com,user_1687,2024-03-27 18:51:15,S025
U1462,2024-11-13,North,Office Supplies,1201.19,1020.83,,Mumbai,49,Standard,u1462@gmail.com,user_1462,2024-11-13 11:37:07,S025
U1529,2024-12-14,West,Furniture,3437.6,1825.77,Pending,Bangalore,59,Premium,u1529@company.com,user_1529,2024-12-14 00:00:38,S002
U1121,2025-02-22,West,Electronics,1879.45,1050.33,Active,Delhi,38,Standard,u1121@gmail.com,user_1121,2025-02-22 04:50:37,S014
U1700,2025-03-05,East,Groceries,526.68,1233.35,Active,Hyderabad,49,Premium,u1700@yahoo.com,user_1700,2025-03-05 17:52:00,S025
U1400,2024-02-08,South,Groceries,3361.0,711.3,,Delhi,57,Free,,user_1400,2024-02-08 21:43:22,S003
U1815,2024-01-09,East,Groceries,2171.29,1869.4,Inactive,Indore,15,Free,u1815@yahoo.com,user_1815,2024-01-09 11:43:43,S023
U1836,2025-03-28,North,Furniture,3563.98,,Active,Mumbai,59,Basic,u1836@outlook.com,user_1836,2025-03-28 04:05:27,S023
U1884,2025-04-08,West,Office Supplies,791.11,1630.36,Active,Delhi,16,Basic,u1884@outlook.com,user_1884,2025-04-08 09:54:25,S012
U1423,2025-03-28,West,Toys,1376.75,400.07,Active,Chennai,44,Basic,u1423@company.com,user_1423,2025-03-28 17:52:09,S013
U1508,2024-07-18,North,Electronics,2633.25,321.96,Pending,Mumbai,64,Standard,u1508@gmail.com,,2024-07-18 04:15:02,S005
U1419,2024-06-22,East,Office Supplies,3796.47,261.17,,Chennai,26,Free,u1419@gmail.com,user_1419,2024-06-22 13:45:51,S013
U1519,2024-05-30,East,Clothing,1283.06,1151.07,Active,Pune,21,Basic,u1519@gmail.com,user_1519,2024-05-30 14:32:02,S008
U1090,2025-04-13,North,Groceries,3303.63,1046.72,,Bangalore,20,Standard,u1090@gmail.com,user_1090,2025-04-13 06:52:51,S011
U1738,2025-01-12,North,Groceries,3431.76,1918.84,Active,Chennai,45,Free,u1738@outlook.com,user_1738,2025-01-12 16:36:52,S017
U1197,2025-05-28,East,Toys,1369.85,98.57,Inactive,Chennai,41,Basic,u1197@gmail.com,user_1197,2025-05-28 17:22:07,S011
U1772,2024-06-21,West,Groceries,4517.58,1084.26,Inactive,Mumbai,16,Standard,u1772@company.com,user_1772,2024-06-21 16:08:53,S015
U1089,2024-04-24,West,Office Supplies,3715.88,1491.79,Active,Bangalore,23,Standard,u1089@gmail.com,user_1089,2024-04-24 18:34:12,S013
U1142,2024-11-03,West,Furniture,2007.29,1016.2,Active,Indore,22,Basic,u1142@company.com,user_1142,2024-11-03 18:29:05,S020
U1306,2024-09-23,East,Electronics,4762.88,1116.35,Inactive,Mumbai,21,Basic,u1306@gmail.com,user_1306,2024-09-23 07:08:12,S013
U1060,2024-05-22,East,Groceries,4092.97,1517.12,Active,Delhi,19,Premium,u1060@gmail.com,user_1060,2024-05-22 19:47:39,S003
U1239,2024-02-13,East,Groceries,4543.24,944.65,,Jaipur,17,Standard,u1239@outlook.com,user_1239,2024-02-13 08:37:34,S019
U1477,2025-06-20,North,Office Supplies,4610.26,163.31,,Delhi,36,Basic,u1477@gmail.com,user_1477,2025-06-20 05:35:33,S022
U1579,2024-12-26,West,Clothing,107.2,1700.79,Pending,Pune,47,Premium,u1579@yahoo.com,user_1579,2024-12-26 14:16:21,S013
U1610,2024-07-03,South,Groceries,4753.98,1567.34,Pending,Delhi,50,Basic,u1610@gmail.com,user_1610,2024-07-03 17:32:14,S015
U1138,2025-02-06,South,Office Supplies,2281.88,1184.73,Inactive,Jaipur,20,Standard,u1138@yahoo.com,user_1138,2025-02-06 03:05:07,S023
U1757,2025-02-21,East,Toys,1238.51,1643.11,Active,Chennai,51,Free,u1757@yahoo.com,user_1757,2025-02-21 07:56:08,S024
U1769,2024-03-15,West,Clothing,3124.74,208.96,Inactive,Bangalore,23,Standard,u1769@yahoo.com,user_1769,2024-03-15 05:28:53,S018
U1278,2025-06-20,West,Office Supplies,3576.0,163.37,,Bangalore,18,Free,u1278@yahoo.com,user_1278,2025-06-20 08:49:06,S019
U1611,2025-06-18,East,Office Supplies,4911.77,882.69,Active,Delhi,15,Standard,,user_1611,2025-06-18 06:24:22,S003
U1834,2025-01-14,North,Furniture,3299.73,1606.27,Inactive,Delhi,16,Premium,u1834@gmail.com,user_1834,2025-01-14 23:33:27,S001
U1626,2024-07-20,West,Groceries,2107.14,428.73,,Mumbai,22,Basic,u1626@yahoo.com,user_1626,2024-07-20 03:13:10,S004
U1098,2024-05-28,North,Electronics,3062.33,1880.53,,Delhi,25,Basic,u1098@company.com,user_1098,2024-05-28 18:04:28,S002
U1241,2025-03-25,South,Toys,3437.56,1512.94,,Kolkata,42,Basic,u1241@company.com,user_1241,2025-03-25 23:25:48,S013
U1354,2025-03-31,East,Clothing,4279.06,1069.16,Inactive,Chennai,31,Free,,user_1354,2025-03-31 02:40:31,S018
U1616,2024-08-05,East,Electronics,2826.75,1893.08,Active,Bangalore,56,Free,u1616@company.com,user_1616,2024-08-05 10:12:12,S002
U1012,2024-03-11,North,Furniture,1653.51,831.62,Active,Delhi,39,Standard,u1012@outlook.com,user_1012,2024-03-11 13:28:09,S023
U1898,2024-10-08,East,Clothing,1687.93,238.31,,Kolkata,24,Premium,u1898@gmail.com,user_1898,2024-10-08 22:25:14,S004
U1086,2024-05-29,West,Office Supplies,1423.08,1303.83,Pending,Delhi,49,Standard,u1086@company.com,user_1086,2024-05-29 12:48:55,S023
U1206,2024-08-04,East,Office Supplies,3417.76,1490.66,Pending,Bangalore,48,Basic,u1206@gmail.com,user_1206,2024-08-04 23:37:35,S010
U1095,2025-01-04,North,Electronics,1890.63,339.39,,Bangalore,61,Basic,u1095@gmail.com,user_1095,2025-01-04 00:13:30,S003
U1322,2024-09-15,North,Electronics,4852.41,1034.05,Active,Chennai,49,Free,u1322@yahoo.com,user_1322,2024-09-15 19:48:31,S021
U1355,2025-03-11,East,Electronics,1069.72,114.41,Inactive,Jaipur,23,Premium,u1355@gmail.com,user_1355,2025-03-11 06:35:24,S001
U1231,2025-02-18,North,Toys,3927.67,1512.56,Inactive,Mumbai,25,Standard,u1231@company.com,user_1231,2025-02-18 18:27:08,S001
U1616,2024-12-01,North,Groceries,4043.32,,Pending,Chennai,58,Premium,u1616@company.com,user_1616,2024-12-01 16:53:56,S004
U1760,2024-12-08,North,Electronics,3656.61,1665.17,Pending,Pune,58,Standard,u1760@company.com,user_1760,2024-12-08 05:34:58,S018
U1165,2024-06-18,West,Groceries,3338.8,1108.1,Pending,Jaipur,21,Basic,u1165@outlook.com,user_1165,2024-06-18 21:30:24,S023
U1303,2024-01-26,East,Groceries,1878.32,59.03,Active,Lucknow,60,Standard,u1303@company.com,user_1303,2024-01-26 12:21:30,S018
U1426,2024-04-09,North,Furniture,3149.74,379.28,Inactive,Mumbai,40,Free,u1426@company.com,user_1426,2024-04-09 00:53:16,S013
U1800,2024-02-03,East,Electronics,4552.24,1066.07,,Mumbai,48,Standard,u1800@company.com,user_1800,2024-02-03 06:37:51,S017
U1850,2025-05-06,South,Toys,4778.25,21.55,Active,Chennai,43,Standard,u1850@yahoo.com,user_1850,2025-05-06 01:51:41,S010
U1419,2025-04-07,West,Clothing,3425.54,444.72,Inactive,Bangalore,17,Premium,u1419@gmail.com,user_1419,2025-04-07 18:01:07,S013
U1254,2024-10-21,West,Clothing,3384.8,161.3,Inactive,Bangalore,37,Basic,u1254@outlook.com,user_1254,2024-10-21 23:43:59,S007
U1503,2024-05-31,West,Office Supplies,4518.18,,Inactive,Kolkata,15,Premium,,user_1503,2024-05-31 12:15:50,S010
U1454,2025-02-01,South,Office Supplies,1722.12,274.9,Inactive,Delhi,60,Basic,u1454@outlook.com,user_1454,2025-02-01 17:55:48,S014
U1281,2025-03-29,North,Office Supplies,3256.48,268.12,Active,Kolkata,30,Free,u1281@gmail.com,user_1281,2025-03-29 08:43:53,S024
U1549,2024-04-03,East,Clothing,2725.44,1517.32,Pending,Kolkata,49,Free,u1549@company.com,user_1549,2024-04-03 16:43:26,S005
U1333,2025-02-17,South,Electronics,690.04,987.09,,Mumbai,35,Free,u1333@company.com,user_1333,2025-02-17 11:29:44,S019
U1343,2024-11-02,South,Office Supplies,853.29,1580.49,Active,Bangalore,15,Basic,u1343@company.com,user_1343,2024-11-02 07:30:47,S025
U1272,2024-03-05,West,Electronics,2998.32,1750.05,Pending,Bangalore,32,Basic,u1272@outlook.com,user_1272,2024-03-05 18:38:01,S002
U1177,2024-11-17,West,Groceries,188.42,775.95,Pending,Ahmedabad,18,Free,u1177@yahoo.com,user_1177,2024-11-17 21:44:02,S007
U1047,2025-04-19,North,Groceries,1731.02,266.35,Inactive,Bangalore,22,Basic,u1047@gmail.com,user_1047,2025-04-19 05:57:45,S002
U1509,2025-03-28,South,Furniture,4167.95,1554.12,,Bangalore,33,Free,u1509@gmail.com,user_1509,2025-03-28 23:08:13,S010
U1034,2024-12-11,West,Furniture,3544.15,1830.55,Inactive,Mumbai,40,Free,u1034@yahoo.com,,2024-12-11 12:30:44,S004
U1615,2024-05-26,East,Groceries,3315.26,1451.13,Pending,Lucknow,53,Premium,u1615@company.com,user_1615,2024-05-26 00:12:33,S017
U1876,2025-05-11,East,Office Supplies,682.71,1234.59,Inactive,Jaipur,24,Basic,u1876@company.com,user_1876,2025-05-11 19:12:57,S017
U1642,2024-03-19,East,Groceries,2418.03,648.66,,Bangalore,47,Free,u1642@yahoo.com,user_1642,2024-03-19 10:11:27,S023
U1820,2024-08-26,West,Office Supplies,4561.17,1527.79,Pending,Bangalore,54,Premium,u1820@outlook.com,user_1820,2024-08-26 07:06:36,S024
U1217,2025-03-09,South,Toys,2902.47,,Inactive,Lucknow,59,Free,u1217@gmail.com,user_1217,2025-03-09 12:00:54,S011
U1484,2025-01-09,South,Electronics,1603.46,957.53,Pending,Delhi,51,Premium,u1484@gmail.com,user_1484,2025-01-09 13:46:17,S003
U1808,2025-02-02,East,Furniture,2315.96,486.24,,Lucknow,27,Standard,u1808@gmail.com,user_1808,2025-02-02 06:36:29,S015
U1042,2024-03-12,North,Electronics,2765.03,1569.9,,Mumbai,57,Premium,,user_1042,2024-03-12 19:46:17,S010
U1578,2025-02-01,West,Office Supplies,2949.02,987.29,,Delhi,25,Premium,u1578@outlook.com,user_1578,2025-02-01 21:09:53,S003
U1749,2024-01-11,South,Toys,3341.81,1942.94,Inactive,Kolkata,39,Basic,u1749@outlook.com,,2024-01-11 13:41:30,S023
U1679,2025-02-16,East,Toys,956.72,600.57,Pending,Delhi,48,Basic,u1679@yahoo.com,user_1679,2025-02-16 01:25:55,S009
U1650,2025-01-01,East,Groceries,3494.93,419.72,Pending,Bangalore,61,Premium,u1650@outlook.com,user_1650,2025-01-01 16:10:29,S014
U1704,2025-01-21,North,Clothing,3202.33,1461.23,Active,Ahmedabad,41,Premium,u1704@yahoo.com,user_1704,2025-01-21 19:50:22,S005
U1611,2025-04-26,North,Groceries,90.48,276.53,Pending,Kolkata,63,Free,u1611@company.com,user_1611,2025-04-26 17:12:23,S018
U1390,2025-03-19,West,Office Supplies,4179.2,786.33,Pending,Mumbai,47,Basic,u1390@outlook.com,user_1390,2025-03-19 01:21:09,S002
U1876,2024-08-30,North,Groceries,3755.65,1693.26,Active,Bangalore,27,Premium,u1876@company.com,user_1876,2024-08-30 17:07:50,S004
U1039,2024-10-07,North,Office Supplies,3313.19,1622.42,Active,Mumbai,51,Standard,u1039@yahoo.com,user_1039,2024-10-07 00:28:00,S015
U1095,2024-10-31,South,Furniture,754.51,1451.08,Active,Jaipur,15,Basic,u1095@yahoo.com,user_1095,2024-10-31 15:24:10,S005
U1667,2025-01-01,North,Groceries,4431.85,303.34,Pending,Bangalore,33,Standard,u1667@yahoo.com,user_1667,2025-01-01 16:52:53,S018
U1018,2025-02-12,North,Office Supplies,4018.47,1947.4,Pending,Bangalore,51,Free,u1018@gmail.com,user_1018,2025-02-12 20:12:05,S016
U1521,2025-03-07,East,Office Supplies,250.6,895.71,Active,Hyderabad,15,Free,u1521@gmail.com,user_1521,2025-03-07 03:31:08,S018
U1280,2024-05-19,South,Furniture,4676.08,1481.75,,Chennai,48,Free,u1280@outlook.com,user_1280,2024-05-19 13:44:06,S015
U1018,2024-01-31,West,Clothing,4703.73,1840.31,Inactive,Lucknow,20,Standard,u1018@company.com,user_1018,2024-01-31 17:17:20,S006
U1850,2024-12-16,West,Groceries,1838.47,142.84,Pending,Chennai,16,Basic,u1850@gmail.com,user_1850,2024-12-16 02:36:14,S008
U1590,2024-07-14,South,Toys,998.93,341.16,,Bangalore,42,Premium,u1590@gmail.com,user_1590,2024-07-14 20:56:14,S012
U1730,2025-03-21,East,Furniture,231.09,1591.01,Active,Bangalore,47,Basic,u1730@outlook.com,user_1730,2025-03-21 21:44:44,S014
U1742,2025-04-07,North,Clothing,4485.88,1737.88,Active,Pune,34,Standard,u1742@gmail.com,user_1742,2025-04-07 22:55:28,S024
U1637,2024-04-26,East,Furniture,3825.17,1176.59,Pending,Delhi,35,Basic,u1637@gmail.com,user_1637,2024-04-26 10:45:31,S002
U1521,2024-01-02,North,Office Supplies,2745.81,,Active,Delhi,43,Standard,u1521@company.com,user_1521,2024-01-02 07:38:42,S004
U1089,2024-04-18,East,Toys,3725.81,1177.26,Inactive,Mumbai,43,Premium,u1089@outlook.com,user_1089,2024-04-18 15:48:12,S018
U1043,2024-08-12,East,Furniture,4774.38,645.72,,Kolkata,57,Free,,user_1043,2024-08-12 15:01:42,S023
U1871,2024-03-27,South,Office Supplies,1723.46,1152.08,Pending,Mumbai,25,Premium,u1871@gmail.com,user_1871,2024-03-27 17:15:12,S003
U1699,2024-03-17,East,Furniture,3688.64,90.86,Pending,Bangalore,23,Basic,u1699@outlook.com,,2024-03-17 14:45:59,S005
U1855,2025-01-03,North,Clothing,1390.13,,Active,Mumbai,56,Free,u1855@yahoo.com,user_1855,2025-01-03 09:05:32,S015
U1334,2025-02-04,West,Office Supplies,3508.45,1694.47,Active,Delhi,42,Premium,u1334@gmail.com,user_1334,2025-02-04 23:42:47,S006
U1646,2024-10-21,East,Toys,497.38,1523.14,Active,Delhi,59,Standard,u1646@gmail.com,user_1646,2024-10-21 01:18:22,S012
U1722,2024-10-31,West,Toys,713.04,617.71,Inactive,Delhi,24,Free,u1722@yahoo.com,user_1722,2024-10-31 13:11:31,S021
U1193,2025-05-01,South,Clothing,1109.91,1110.53,Active,Mumbai,23,Basic,u1193@gmail.com,user_1193,2025-05-01 02:36:10,S008
U1454,2024-02-14,West,Clothing,1625.82,195.53,Inactive,Delhi,50,Premium,u1454@gmail.com,user_1454,2024-02-14 07:40:01,S017
U1333,2025-05-06,South,Electronics,3917.08,1919.87,,Delhi,53,Free,,user_1333,2025-05-06 10:17:34,S012
U1641,2025-02-27,North,Furniture,4148.48,1507.22,Active,Hyderabad,64,Free,,user_1641,2025-02-27 11:25:28,S020
U1697,2024-05-10,East,Groceries,4802.48,1722.64,,Mumbai,20,Free,u1697@gmail.com,user_1697,2024-05-10 19:57:48,S018
U1445,2025-04-09,South,Electronics,1161.2,1892.64,Pending,Delhi,46,Free,u1445@yahoo.com,user_1445,2025-04-09 09:46:43,S007
U1125,2024-03-24,South,Electronics,972.0,682.68,Inactive,Kolkata,58,Free,u1125@outlook.com,user_1125,2024-03-24 13:45:32,S023
U1477,2025-06-20,North,Office Supplies,4610.26,163.31,,Delhi,36,Basic,u1477@gmail.com,user_1477,2025-06-20 05:35:33,S022
U1500,2024-11-19,North,Electronics,2843.41,300.64,,Delhi,20,Premium,u1500@yahoo.com,user_1500,2024-11-19 14:00:13,S023
U1609,2024-06-05,East,Electronics,2037.19,582.13,Inactive,Pune,22,Standard,u1609@yahoo.com,user_1609,2024-06-05 04:02:18,S008
U1421,2025-05-05,West,Electronics,1434.89,406.92,Inactive,Bangalore,49,Premium,u1421@outlook.com,user_1421,2025-05-05 15:22:58,S019
U1180,2025-02-09,North,Clothing,3761.89,1259.88,Pending,Kolkata,51,Premium,u1180@gmail.com,user_1180,2025-02-09 20:57:04,S011
U1732,2025-05-18,West,Groceries,2098.59,575.69,,Hyderabad,37,Free,u1732@gmail.com,user_1732,2025-05-18 03:08:40,S003
U1696,2024-10-24,East,Groceries,2540.58,1552.76,Active,Delhi,62,Standard,u1696@outlook.com,user_1696,2024-10-24 08:42:31,S009
U1637,2024-02-20,West,Electronics,4047.56,,Active,Mumbai,45,Premium,u1637@company.com,user_1637,2024-02-20 18:52:29,S025
U1571,2025-04-16,North,Electronics,3873.21,1906.68,Inactive,Mumbai,18,Standard,u1571@gmail.com,user_1571,2025-04-16 08:53:33,S004
U1872,2024-05-14,North,Electronics,2546.99,731.05,,Chennai,64,Premium,u1872@outlook.com,user_1872,2024-05-14 07:03:59,S017
U1398,2024-08-15,East,Clothing,4608.57,491.73,,Bangalore,48,Standard,u1398@gmail.com,user_1398,2024-08-15 01:19:44,S020
U1423,2024-02-08,East,Furniture,1088.04,1623.28,,Lucknow,22,Free,u1423@gmail.com,user_1423,2024-02-08 06:00:52,S018
U1349,2025-03-20,South,Toys,4646.4,1616.72,,Ahmedabad,58,Standard,u1349@company.com,user_1349,2025-03-20 23:36:49,S017
U1200,2025-04-25,West,Office Supplies,4839.7,831.74,,Mumbai,38,Basic,u1200@outlook.com,user_1200,2025-04-25 08:19:53,S014
U1832,2025-01-12,South,Furniture,1743.51,393.83,Inactive,Hyderabad,43,Free,u1832@gmail.com,user_1832,2025-01-12 10:13:21,S017
U1095,2025-01-16,North,Furniture,613.47,918.51,,Chennai,45,Free,u1095@yahoo.com,user_1095,2025-01-16 22:46:03,S006
U1453,2025-05-31,South,Groceries,2257.27,1724.37,,Delhi,30,Standard,u1453@company.com,user_1453,2025-05-31 08:28:04,S023
U1282,2024-08-19,South,Clothing,1994.78,1649.9,Pending,Bangalore,25,Basic,u1282@outlook.com,user_1282,2024-08-19 09:46:00,S004
U1091,2024-03-13,East,Toys,3871.11,951.79,Pending,Kolkata,43,Basic,u1091@company.com,,2024-03-13 09:25:26,S020
U1648,2025-03-11,East,Toys,546.83,1703.73,,Delhi,54,Free,u1648@yahoo.com,user_1648,2025-03-11 20:50:28,S024
U1465,2024-07-01,South,Office Supplies,725.2,1267.72,Pending,Mumbai,23,Premium,u1465@gmail.com,user_1465,2024-07-01 03:54:29,S015
U1731,2025-02-16,West,Electronics,2334.32,1651.04,Active,Mumbai,44,Standard,u1731@gmail.com,user_1731,2025-02-16 01:48:06,S015
U1631,2024-05-06,South,Furniture,3199.18,1638.91,Inactive,Mumbai,62,Basic,u1631@outlook.com,user_1631,2024-05-06 03:37:31,S012
U1204,2024-07-11,West,Office Supplies,3680.43,397.94,Pending,Delhi,39,Free,u1204@gmail.com,user_1204,2024-07-11 06:09:18,S001
U1170,2025-04-19,North,Groceries,449.34,123.17,Inactive,Delhi,63,Free,u1170@yahoo.com,user_1170,2025-04-19 12:51:43,S016
U1740,2025-05-03,East,Groceries,3361.59,1543.37,Pending,Mumbai,25,Premium,u1740@company.com,user_1740,2025-05-03 22:11:07,S016
U1177,2025-01-01,South,Electronics,4658.38,278.47,,Pune,25,Free,u1177@gmail.com,user_1177,2025-01-01 01:13:33,S009
U1264,2024-07-17,West,Groceries,4261.66,605.32,,Jaipur,38,Basic,u1264@gmail.com,user_1264,2024-07-17 21:41:54,S006
U1696,2024-03-14,West,Office Supplies,2290.37,1890.3,,Mumbai,53,Standard,u1696@outlook.com,user_1696,2024-03-14 13:39:37,S016
U1203,2025-06-18,North,Groceries,1218.29,181.16,Pending,Mumbai,34,Premium,u1203@company.com,user_1203,2025-06-18 10:12:06,S007
U1287,2025-01-19,West,Electronics,2750.19,15.81,Inactive,Bangalore,50,Basic,u1287@yahoo.com,user_1287,2025-01-19 17:47:12,S022
U1405,2024-08-11,North,Clothing,4449.11,1871.64,Pending,Delhi,20,Basic,u1405@outlook.com,user_1405,2024-08-11 11:14:37,S002
U1746,2024-06-26,North,Groceries,4436.19,956.95,Active,Delhi,42,Free,u1746@gmail.com,,2024-06-26 19:17:54,S005
U1702,2024-09-22,South,Toys,4458.45,881.74,Active,Ahmedabad,46,Premium,u1702@yahoo.com,user_1702,2024-09-22 14:38:35,S002
U1062,2024-11-17,West,Electronics,2941.68,1706.91,Inactive,Mumbai,47,Premium,u1062@gmail.com,user_1062,2024-11-17 21:55:15,S013
U1334,2024-11-21,South,Office Supplies,1206.38,280.86,Active,Mumbai,25,Free,u1334@company.com,user_1334,2024-11-21 11:49:13,S015
U1012,2025-02-25,West,Groceries,564.34,446.64,Pending,Delhi,17,Premium,u1012@gmail.com,user_1012,2025-02-25 21:57:53,S007
U1019,2024-08-09,West,Clothing,4623.06,1559.28,Pending,Chennai,17,Standard,u1019@yahoo.com,user_1019,2024-08-09 14:11:16,S009
U1446,2025-05-20,West,Office Supplies,1711.15,1445.0,Inactive,Jaipur,23,Free,u1446@gmail.com,user_1446,2025-05-20 06:17:50,S008
U1397,2024-09-05,North,Furniture,1684.8,,,Hyderabad,20,Basic,,user_1397,2024-09-05 19:38:02,S003
U1714,2025-03-26,North,Electronics,2474.93,704.23,,Pune,58,Basic,,user_1714,2025-03-26 12:09:34,S019
U1277,2025-05-19,East,Office Supplies,2561.1,1903.36,Pending,Delhi,49,Basic,u1277@outlook.com,user_1277,2025-05-19 03:48:11,S016
U1858,2024-03-08,South,Furniture,4794.38,93.18,,Bangalore,57,Standard,u1858@company.com,user_1858,2024-03-08 07:02:14,S022
U1624,2025-02-06,East,Toys,2485.68,1539.73,Inactive,Bangalore,21,Free,u1624@gmail.com,,2025-02-06 02:36:46,S009
U1832,2025-04-24,West,Clothing,1586.44,1535.32,,Mumbai,29,Basic,u1832@outlook.com,user_1832,2025-04-24 12:11:44,S022
U1300,2024-12-31,South,Electronics,2261.51,80.87,Active,Delhi,17,Free,u1300@gmail.com,user_1300,2024-12-31 04:46:09,S021
U1769,2025-03-16,South,Clothing,2683.3,817.91,,Mumbai,25,Free,u1769@company.com,user_1769,2025-03-16 19:49:11,S005
U1258,2024-05-15,North,Office Supplies,4296.4,,Active,Bangalore,52,Basic,u1258@outlook.com,user_1258,2024-05-15 08:50:44,S008
U1214,2024-01-15,South,Groceries,4244.81,981.66,Active,Jaipur,41,Premium,u1214@outlook.com,user_1214,2024-01-15 16:21:32,S013
U1054,2024-04-07,West,Groceries,732.84,1444.83,Inactive,Chennai,49,Premium,u1054@yahoo.com,user_1054,2024-04-07 20:14:32,S015
U1097,2024-04-08,North,Furniture,185.18,82.97,Pending,Mumbai,35,Basic,,user_1097,2024-04-08 12:27:57,S008
U1098,2024-04-29,East,Clothing,3912.52,,Active,Lucknow,18,Basic,u1098@company.com,user_1098,2024-04-29 02:52:55,S025
U1315,2025-04-19,North,Electronics,497.58,615.39,Active,Mumbai,35,Basic,u1315@yahoo.com,user_1315,2025-04-19 12:32:03,S022
U1027,2024-08-04,East,Office Supplies,1256.83,,Active,Delhi,59,Basic,u1027@company.com,user_1027,2024-08-04 06:46:24,S023
U1749,2024-04-20,South,Clothing,1037.38,641.4,,Mumbai,62,Free,u1749@company.com,,2024-04-20 04:30:09,S021
U1016,2024-04-26,South,Furniture,3941.58,100.06,,Hyderabad,34,Standard,u1016@company.com,user_1016,2024-04-26 14:39:51,S009
U1345,2025-03-16,West,Groceries,1172.12,977.87,Pending,Pune,64,Premium,u1345@outlook.com,user_1345,2025-03-16 22:55:32,S020
U1018,2024-11-08,North,Clothing,2087.8,1749.36,Pending,Kolkata,58,Premium,u1018@company.com,,2024-11-08 18:57:54,S012
U1109,2024-01-04,East,Toys,1577.05,1203.44,,Delhi,29,Premium,u1109@company.com,user_1109,2024-01-04 14:09:47,S013
U1040,2024-03-02,South,Groceries,1468.11,1536.55,,Chennai,20,Basic,u1040@outlook.com,user_1040,2024-03-02 06:51:09,S018
U1694,2025-03-30,East,Groceries,2448.45,1589.98,Pending,Delhi,45,Premium,u1694@outlook.com,user_1694,2025-03-30 22:09:55,S017
U1522,2025-05-14,South,Electronics,1936.3,1267.11,Inactive,Hyderabad,55,Standard,u1522@company.com,user_1522,2025-05-14 02:05:10,S011
U1561,2025-02-08,South,Furniture,2906.25,1378.72,Active,Mumbai,56,Free,u1561@yahoo.com,user_1561,2025-02-08 16:51:06,S016
U1676,2024-09-23,North,Toys,158.17,145.33,Pending,Ahmedabad,38,Free,u1676@yahoo.com,user_1676,2024-09-23 14:14:29,S012
U1114,2025-02-28,West,Toys,4964.48,619.01,Pending,Chennai,35,Basic,u1114@gmail.com,user_1114,2025-02-28 22:13:35,S008
U1043,2025-01-05,South,Furniture,208.76,1401.86,Inactive,Bangalore,55,Basic,u1043@yahoo.com,user_1043,2025-01-05 05:51:07,S002
U1122,2024-09-09,West,Groceries,455.82,1134.8,Pending,Lucknow,28,Standard,u1122@company.com,user_1122,2024-09-09 20:19:29,S011
U1505,2025-03-17,North,Office Supplies,4860.67,495.76,,Mumbai,35,Standard,,user_1505,2025-03-17 23:40:51,S004
U1539,2025-04-01,West,Office Supplies,4664.71,1632.74,Inactive,Surat,51,Standard,u1539@outlook.com,user_1539,2025-04-01 13:25:19,S021
U1811,2024-06-15,East,Office Supplies,481.59,358.26,Active,Pune,53,Free,u1811@company.com,,2024-06-15 13:25:00,S009
U1733,2024-03-28,South,Toys,4597.67,1091.76,Active,Mumbai,59,Standard,u1733@gmail.com,user_1733,2024-03-28 16:40:16,S018
U1031,2024-09-07,South,Office Supplies,1071.22,1842.09,,Bangalore,32,Free,u1031@yahoo.com,user_1031,2024-09-07 21:22:56,S011
U1673,2024-02-29,North,Office Supplies,2969.78,,Active,Chennai,52,Basic,u1673@company.com,user_1673,2024-02-29 14:15:33,S017
U1264,2024-11-23,West,Electronics,1971.09,658.99,Pending,Bangalore,15,Free,u1264@yahoo.com,user_1264,2024-11-23 18:37:48,S004
U1039,2024-11-21,West,Clothing,3235.57,1586.89,Pending,Mumbai,32,Premium,u1039@outlook.com,user_1039,2024-11-21 12:24:46,S020
U1170,2025-06-17,West,Furniture,4365.46,1149.49,Inactive,Delhi,45,Free,u1170@yahoo.com,,2025-06-17 06:38:45,S003
U1224,2024-06-14,South,Office Supplies,1273.32,,Pending,Delhi,31,Free,u1224@gmail.com,user_1224,2024-06-14 14:38:52,S019
U1126,2024-03-18,East,Furniture,4250.65,463.15,,Bangalore,52,Standard,u1126@outlook.com,user_1126,2024-03-18 08:52:22,S024
U1651,2024-12-30,West,Office Supplies,1493.74,162.89,Inactive,Kolkata,26,Premium,u1651@yahoo.com,user_1651,2024-12-30 10:52:54,S022
U1214,2024-10-24,North,Toys,706.73,1950.61,Inactive,Bangalore,59,Standard,u1214@outlook.com,user_1214,2024-10-24 18:36:42,S023
U1645,2024-05-03,South,Office Supplies,3164.79,573.95,Pending,Kolkata,40,Free,u1645@yahoo.com,user_1645,2024-05-03 21:23:09,S004
U1191,2024-09-26,East,Office Supplies,2383.16,738.19,,Delhi,41,Standard,u1191@company.com,user_1191,2024-09-26 05:36:08,S019
U1367,2024-07-22,West,Furniture,1460.25,847.9,Pending,Jaipur,25,Basic,u1367@outlook.com,user_1367,2024-07-22 15:35:31,S022
U1108,2024-04-13,North,Groceries,4406.67,535.63,,Bangalore,45,Premium,u1108@company.com,user_1108,2024-04-13 19:43:44,S013
U1248,2024-03-22,East,Toys,879.43,1115.42,,Mumbai,61,Basic,u1248@yahoo.com,user_1248,2024-03-22 06:55:27,S013
U1611,2025-02-07,West,Office Supplies,2467.13,1176.99,Inactive,Jaipur,26,Basic,u1611@outlook.com,user_1611,2025-02-07 00:39:38,S025
U1111,2025-02-10,North,Groceries,3060.79,116.86,,Mumbai,26,Premium,u1111@outlook.com,user_1111,2025-02-10 14:27:56,S016
U1789,2024-05-16,North,Furniture,3195.0,642.75,,Mumbai,16,Free,u1789@yahoo.com,user_1789,2024-05-16 22:00:14,S001
U1223,2025-04-21,North,Office Supplies,880.56,1498.37,Active,Kolkata,25,Standard,u1223@gmail.com,user_1223,2025-04-21 18:43:58,S013
U1885,2024-11-26,West,Furniture,4327.41,95.57,Active,Delhi,33,Premium,u1885@yahoo.com,user_1885,2024-11-26 03:25:30,S018
U1252,2024-09-17,East,Electronics,2640.12,510.42,Inactive,Mumbai,27,Basic,u1252@gmail.com,user_1252,2024-09-17 04:25:00,S001
U1703,2024-12-01,North,Furniture,467.77,793.05,,Lucknow,51,Basic,,,2024-12-01 17:41:39,S021
U1895,2025-04-22,North,Toys,3711.62,717.47,,Chennai,51,Free,u1895@yahoo.com,user_1895,2025-04-22 07:55:46,S013
U1598,2025-01-05,South,Electronics,439.39,1199.73,,Hyderabad,20,Premium,u1598@outlook.com,user_1598,2025-01-05 23:28:50,S009
U1807,2024-12-19,West,Furniture,2833.03,,,Mumbai,50,Standard,u1807@gmail.com,user_1807,2024-12-19 22:44:40,S001
U1035,2024-09-24,South,Furniture,859.54,1670.12,,Pune,37,Premium,u1035@company.com,user_1035,2024-09-24 00:10:20,S005
U1212,2024-11-06,South,Groceries,4933.86,,,Mumbai,41,Standard,u1212@company.com,user_1212,2024-11-06 04:12:11,S013
U1041,2025-02-24,West,Clothing,1294.81,1949.01,Pending,Lucknow,65,Standard,u1041@company.com,user_1041,2025-02-24 03:49:10,S004
U1709,2024-11-12,East,Electronics,3032.96,770.64,Pending,Mumbai,47,Standard,u1709@gmail.com,user_1709,2024-11-12 05:07:37,S003
U1217,2025-01-27,South,Toys,3006.12,,Active,Mumbai,30,Free,u1217@gmail.com,,2025-01-27 16:39:24,S010
U1035,2024-12-30,South,Clothing,713.06,566.2,Active,Mumbai,59,Free,u1035@outlook.com,user_1035,2024-12-30 06:10:17,S012
U1560,2024-01-16,North,Office Supplies,2354.33,72.64,Inactive,Chennai,57,Standard,u1560@yahoo.com,user_1560,2024-01-16 12:11:10,S004
U1688,2024-09-27,North,Office Supplies,1130.79,769.16,Inactive,Bangalore,36,Free,u1688@gmail.com,user_1688,2024-09-27 23:47:18,S022
U1198,2025-03-03,East,Clothing,2757.93,1832.98,Active,Indore,25,Premium,u1198@company.com,user_1198,2025-03-03 07:29:58,S006
U1786,2024-01-02,West,Furniture,3430.18,29.16,Active,Delhi,30,Free,u1786@gmail.com,user_1786,2024-01-02 16:48:46,S014
U1095,2025-06-21,South,Groceries,3037.35,453.06,Pending,Chennai,32,Standard,,user_1095,2025-06-21 16:34:13,S004
U1075,2024-03-03,North,Toys,1348.88,1355.78,,Lucknow,30,Free,u1075@outlook.com,user_1075,2024-03-03 23:26:04,S020
U1673,2024-10-12,North,Electronics,383.29,610.05,,Surat,21,Basic,u1673@gmail.com,user_1673,2024-10-12 20:44:24,S022
U1229,2024-10-20,West,Office Supplies,1942.1,1707.7,Active,Mumbai,20,Standard,u1229@gmail.com,user_1229,2024-10-20 03:59:33,S021
U1184,2025-06-13,South,Groceries,4847.76,1758.23,Pending,Lucknow,28,Free,u1184@company.com,user_1184,2025-06-13 05:14:53,S014
U1727,2024-02-24,South,Groceries,4891.25,104.25,Inactive,Bangalore,15,Free,u1727@company.com,user_1727,2024-02-24 21:44:10,S004
U1771,2024-03-14,South,Clothing,4750.94,451.63,,Delhi,34,Basic,u1771@gmail.com,user_1771,2024-03-14 03:07:59,S003
U1137,2024-06-02,North,Clothing,687.6,1186.89,Pending,Indore,37,Free,u1137@gmail.com,user_1137,2024-06-02 23:41:00,S007
U1726,2024-07-30,East,Toys,1221.81,272.98,Active,Lucknow,53,Free,u1726@gmail.com,user_1726,2024-07-30 16:57:03,S025
U1697,2024-03-29,North,Electronics,4909.54,1788.11,Active,Bangalore,47,Basic,u1697@yahoo.com,user_1697,2024-03-29 11:52:21,S019
U1854,2024-12-20,South,Office Supplies,3804.19,1543.36,,Bangalore,30,Premium,u1854@gmail.com,user_1854,2024-12-20 22:35:30,S004
U1824,2025-01-31,West,Office Supplies,4613.78,1185.85,,Lucknow,37,Free,u1824@yahoo.com,user_1824,2025-01-31 19:50:39,S016
U1440,2024-09-03,East,Furniture,3110.64,540.8,Pending,Hyderabad,24,Premium,u1440@outlook.com,user_1440,2024-09-03 05:51:52,S013
U1410,2024-09-20,North,Clothing,3577.19,215.11,Inactive,Mumbai,51,Free,u1410@outlook.com,user_1410,2024-09-20 09:55:58,S016
U1344,2025-01-09,East,Groceries,3694.27,1924.74,Inactive,Mumbai,31,Free,u1344@company.com,user_1344,2025-01-09 12:45:02,S018
U1503,2025-02-18,South,Clothing,4853.94,984.21,Active,Delhi,17,Premium,u1503@yahoo.com,user_1503,2025-02-18 13:16:49,S025
U1059,2024-03-19,North,Groceries,401.02,1056.66,Pending,Mumbai,33,Basic,u1059@company.com,user_1059,2024-03-19 00:37:08,S025
U1435,2024-05-03,South,Furniture,180.93,325.09,Pending,Delhi,23,Standard,u1435@yahoo.com,user_1435,2024-05-03 02:22:44,S008
U1673,2024-10-12,North,Electronics,383.29,610.05,,Surat,21,Basic,u1673@gmail.com,user_1673,2024-10-12 20:44:24,S022
U1701,2024-07-28,North,Groceries,3042.36,429.13,Pending,Lucknow,61,Basic,u1701@company.com,,2024-07-28 13:11:09,S016
U1302,2025-04-30,North,Groceries,3351.09,1459.8,,Delhi,22,Free,u1302@yahoo.com,user_1302,2025-04-30 03:19:01,S013
U1424,2024-05-14,West,Toys,1186.29,,,Bangalore,38,Premium,u1424@company.com,user_1424,2024-05-14 05:07:07,S018
U1692,2024-02-06,East,Electronics,3369.97,791.18,Inactive,Mumbai,24,Basic,u1692@company.com,user_1692,2024-02-06 09:59:45,S023
U1026,2024-04-03,East,Toys,4188.0,1902.06,Pending,Bangalore,63,Basic,u1026@company.com,user_1026,2024-04-03 05:37:27,S021
U1468,2024-02-07,North,Furniture,266.84,93.39,Pending,Bangalore,49,Free,u1468@yahoo.com,user_1468,2024-02-07 01:55:41,S011
U1445,2024-08-04,East,Clothing,738.39,1688.22,Pending,Hyderabad,24,Standard,u1445@yahoo.com,user_1445,2024-08-04 02:41:01,S005
U1111,2024-04-24,East,Electronics,4173.82,1527.46,Active,Delhi,54,Standard,u1111@yahoo.com,user_1111,2024-04-24 01:42:59,S017
U1804,2024-11-29,North,Groceries,1153.04,349.74,Inactive,Bangalore,35,Premium,u1804@gmail.com,user_1804,2024-11-29 09:21:46,S012
U1122,2024-09-09,West,Groceries,455.82,1134.8,Pending,Lucknow,28,Standard,u1122@company.com,user_1122,2024-09-09 20:19:29,S011
U1179,2024-01-03,West,Electronics,3473.74,873.6,Active,Mumbai,16,Free,u1179@gmail.com,,2024-01-03 02:52:18,S007
U1695,2024-07-03,West,Toys,3916.18,500.33,,Jaipur,17,Standard,u1695@company.com,user_1695,2024-07-03 21:46:03,S008
U1436,2024-01-19,East,Electronics,4328.53,1054.69,Inactive,Mumbai,42,Free,u1436@company.com,user_1436,2024-01-19 09:07:17,S012
U1744,2025-03-10,West,Clothing,3032.14,1095.49,Pending,Mumbai,35,Standard,u1744@company.com,user_1744,2025-03-10 14:22:28,S002
U1683,2024-10-29,North,Clothing,1736.1,1144.38,Pending,Mumbai,36,Standard,u1683@yahoo.com,user_1683,2024-10-29 12:08:36,S023
U1004,2025-04-07,North,Furniture,3817.91,1531.32,,Pune,64,Premium,u1004@company.com,user_1004,2025-04-07 12:27:30,S013
U1427,2024-02-21,East,Groceries,2651.17,112.43,Pending,Mumbai,27,Standard,u1427@outlook.com,user_1427,2024-02-21 23:05:47,S006
U1887,2025-06-16,South,Clothing,398.31,527.46,Active,Chennai,53,Premium,u1887@gmail.com,user_1887,2025-06-16 12:53:52,S024
U1243,2025-06-09,North,Furniture,2365.25,1953.1,,Mumbai,28,Free,u1243@outlook.com,user_1243,2025-06-09 18:03:46,S006
U1549,2024-01-08,North,Office Supplies,2803.5,328.13,Inactive,Kolkata,31,Standard,u1549@outlook.com,user_1549,2024-01-08 20:18:28,S001
U1061,2024-08-06,West,Office Supplies,4000.57,1965.4,,Delhi,53,Basic,u1061@yahoo.com,user_1061,2024-08-06 00:18:54,S017
U1372,2024-10-16,South,Toys,4053.19,938.42,Pending,Bangalore,37,Free,u1372@outlook.com,user_1372,2024-10-16 19:14:03,S001
U1689,2024-05-09,West,Furniture,228.77,110.91,Inactive,Mumbai,23,Basic,u1689@company.com,user_1689,2024-05-09 04:44:56,S004
U1476,2025-05-08,East,Toys,4375.66,,Inactive,Mumbai,22,Free,u1476@yahoo.com,user_1476,2025-05-08 06:31:39,S019
U1384,2024-06-13,West,Groceries,4712.08,682.52,,Chennai,42,Basic,u1384@company.com,user_1384,2024-06-13 03:21:13,S007
U1743,2024-04-02,South,Clothing,4054.37,117.4,,Bangalore,38,Basic,u1743@outlook.com,user_1743,2024-04-02 07:37:20,S010
U1769,2024-03-15,South,Office Supplies,2355.29,1988.76,Inactive,Chennai,19,Basic,u1769@outlook.com,user_1769,2024-03-15 22:47:52,S014
U1707,2025-06-23,West,Toys,846.37,230.68,Active,Mumbai,42,Free,u1707@yahoo.com,user_1707,2025-06-23 01:00:22,S007
U1619,2024-12-28,North,Clothing,3678.58,354.87,Inactive,Kolkata,46,Standard,u1619@yahoo.com,user_1619,2024-12-28 03:33:14,S005
U1309,2025-04-02,East,Electronics,4274.57,911.87,Pending,Mumbai,38,Premium,u1309@company.com,user_1309,2025-04-02 09:03:42,S009
U1399,2025-02-14,North,Furniture,961.13,443.44,Active,Hyderabad,65,Free,u1399@outlook.com,user_1399,2025-02-14 07:18:45,S009
U1182,2024-09-14,West,Groceries,4117.02,821.19,,Bangalore,42,Standard,,user_1182,2024-09-14 17:00:41,S024
U1086,2024-02-26,North,Toys,579.89,1645.66,,Chennai,18,Premium,u1086@gmail.com,user_1086,2024-02-26 16:09:35,S024
U1072,2025-03-16,North,Toys,122.79,520.29,Active,Hyderabad,51,Standard,u1072@outlook.com,user_1072,2025-03-16 07:51:41,S005
U1694,2025-03-17,South,Office Supplies,4380.38,863.62,,Pune,39,Standard,u1694@gmail.com,user_1694,2025-03-17 08:30:49,S008
U1214,2025-01-06,North,Toys,4486.49,1812.63,,Delhi,58,Free,,user_1214,2025-01-06 20:10:55,S021
U1377,2024-03-02,West,Office Supplies,4265.0,1705.68,Pending,Ahmedabad,26,Basic,u1377@outlook.com,user_1377,2024-03-02 18:14:52,S012
U1447,2024-10-03,South,Electronics,2545.64,1152.43,,Delhi,42,Basic,u1447@gmail.com,user_1447,2024-10-03 05:12:47,S024
U1761,2025-02-16,South,Furniture,2989.03,16.68,Active,Mumbai,22,Free,u1761@gmail.com,user_1761,2025-02-16 02:24:36,S025
U1882,2024-10-27,East,Toys,4583.24,827.34,Pending,Jaipur,18,Basic,u1882@yahoo.com,user_1882,2024-10-27 15:42:27,S025
U1380,2024-09-23,North,Clothing,4263.51,1734.12,Active,Bangalore,27,Premium,u1380@company.com,user_1380,2024-09-23 13:03:55,S005
U1246,2024-12-07,South,Furniture,2182.57,1382.56,Active,Bangalore,23,Basic,u1246@gmail.com,user_1246,2024-12-07 13:34:47,S003
U1441,2024-05-29,East,Groceries,2089.66,368.31,Inactive,Mumbai,39,Basic,u1441@yahoo.com,user_1441,2024-05-29 20:16:29,S009
U1356,2024-05-09,West,Furniture,2170.62,1400.47,Pending,Mumbai,49,Standard,u1356@gmail.com,user_1356,2024-05-09 20:21:56,S020
U1123,2024-10-07,East,Clothing,881.85,338.36,Inactive,Lucknow,17,Basic,u1123@company.com,user_1123,2024-10-07 00:56:31,S003
U1496,2024-07-04,West,Office Supplies,4921.15,1195.13,Inactive,Hyderabad,63,Free,u1496@yahoo.com,user_1496,2024-07-04 23:40:10,S007
U1227,2024-05-24,West,Electronics,518.15,1057.16,Active,Bangalore,53,Basic,u1227@gmail.com,user_1227,2024-05-24 06:31:13,S005
U1185,2025-01-27,West,Furniture,2834.98,1543.45,,Chennai,40,Basic,u1185@yahoo.com,user_1185,2025-01-27 09:02:28,S014
U1254,2024-08-15,South,Groceries,1642.1,22.02,,Mumbai,27,Premium,u1254@yahoo.com,user_1254,2024-08-15 04:05:11,S019
U1516,2024-02-03,East,Clothing,1775.81,425.78,Pending,Hyderabad,36,Free,u1516@yahoo.com,user_1516,2024-02-03 09:32:32,S023
U1716,2024-09-11,North,Clothing,3110.84,955.65,,Chennai,15,Standard,,user_1716,2024-09-11 01:51:47,S011
U1448,2024-10-18,West,Clothing,714.71,655.85,,Pune,24,Standard,u1448@gmail.com,user_1448,2024-10-18 10:36:34,S025
U1448,2025-02-02,West,Clothing,4797.76,1928.03,,Chennai,41,Standard,u1448@yahoo.com,user_1448,2025-02-02 21:36:57,S023
U1168,2024-11-10,West,Furniture,2331.72,229.3,Active,Jaipur,26,Standard,,user_1168,2024-11-10 14:22:16,S004
U1021,2024-10-13,East,Toys,1591.37,433.96,Inactive,Delhi,23,Premium,,user_1021,2024-10-13 01:51:01,S010
U1324,2025-01-04,West,Electronics,75.72,726.24,Pending,Mumbai,20,Basic,u1324@company.com,user_1324,2025-01-04 02:22:35,S003
U1275,2024-01-13,South,Toys,377.76,1196.79,,Mumbai,32,Standard,u1275@outlook.com,user_1275,2024-01-13 11:24:39,S009
U1713,2025-02-28,West,Electronics,1040.62,,Inactive,Bangalore,15,Standard,u1713@outlook.com,user_1713,2025-02-28 05:25:13,S005
U1338,2024-04-12,West,Groceries,2935.25,562.56,,Chennai,37,Free,u1338@yahoo.com,,2024-04-12 03:40:36,S001
U1730,2025-03-31,West,Electronics,863.94,1957.81,Active,Delhi,38,Free,,user_1730,2025-03-31 22:23:40,S018
U1517,2024-07-11,West,Furniture,1808.94,542.4,,Kolkata,49,Premium,u1517@outlook.com,user_1517,2024-07-11 22:07:31,S018
U1809,2025-04-11,East,Furniture,1967.64,599.13,Pending,Delhi,58,Premium,u1809@gmail.com,user_1809,2025-04-11 08:43:24,S017
U1145,2025-06-07,West,Office Supplies,57.29,1551.67,Active,Bangalore,53,Basic,u1145@outlook.com,,2025-06-07 01:13:01,S017
U1225,2025-04-09,West,Clothing,721.78,1691.95,,Bangalore,30,Free,u1225@gmail.com,user_1225,2025-04-09 04:54:05,S022
U1302,2024-09-01,West,Electronics,2424.93,1409.58,Active,Surat,44,Basic,u1302@company.com,user_1302,2024-09-01 11:40:29,S023
U1556,2024-02-03,East,Office Supplies,127.51,296.94,,Lucknow,34,Basic,u1556@company.com,user_1556,2024-02-03 17:21:24,S025
U1689,2024-09-04,West,Clothing,211.74,,Pending,Hyderabad,48,Standard,u1689@company.com,user_1689,2024-09-04 12:12:39,S021
U1410,2025-02-22,North,Furniture,2119.99,645.61,Pending,Bangalore,57,Standard,u1410@company.com,user_1410,2025-02-22 12:31:48,S015
U1269,2024-09-03,West,Toys,1348.95,275.65,Pending,Lucknow,44,Standard,u1269@gmail.com,user_1269,2024-09-03 08:41:46,S021
U1337,2025-01-23,South,Electronics,1690.47,101.69,,Ahmedabad,57,Free,u1337@gmail.com,user_1337,2025-01-23 20:25:58,S012
U1349,2024-02-23,West,Toys,232.81,,Pending,Bangalore,51,Premium,u1349@yahoo.com,user_1349,2024-02-23 21:45:21,S006
U1799,2024-12-07,North,Groceries,364.15,,Inactive,Delhi,27,Basic,u1799@company.com,user_1799,2024-12-07 07:18:51,S006
