customer_id,customer_name,segment,country,city,state,region
MK-13574,Mary King,Consumer,United States,Cheyenne,Wyoming,West
DN-12297,David Nguyen,Consumer,United States,Westfield,New Jersey,East
EA-10797,Emily Adams,Corporate,United States,New Castle,Indiana,Central
JN-13680,James Nelson,Corporate,United States,Pasco,Washington,West
NN-13156,Nancy Nguyen,Consumer,United States,Covington,Washington,West
CH-13599,Chris Hall,Home Office,United States,Orem,Utah,West
RD-11421,Ronald Davis,Corporate,United States,Sterling Heights,Michigan,Central
JT-12361,Joseph Turner,Home Office,United States,Champaign,Illinois,Central
JM-10032,Jessica Mitchell,Home Office,United States,Kissimmee,Florida,South
MD-12793,Margaret Diaz,Corporate,United States,Tinley Park,Illinois,Central
PN-13874,Patricia Nelson,Consumer,United States,Johnson City,Tennessee,South
DG-12261,Daniel Garcia,Consumer,United States,San Angelo,Texas,Central
MD-10185,Mary Diaz,Corporate,United States,Pine Bluff,Arkansas,South
GP-11778,George Phillips,Corporate,United States,Aberdeen,South Dakota,Central
DH-11563,Dorothy Hill,Consumer,United States,Hamilton,Ohio,East
AW-12033,Andrew Walker,,United States,Hoover,Alabama,South
BC-11370,Brian Carter,Corporate,United States,Coppell,Texas,Central
RT-11304,Rebecca Torres,Consumer,United States,Oak Park,Michigan,Central
TC-10174,Thomas Carter,Home Office,United States,Jackson,Tennessee,South
AS-12434,Ashley Scott,Corporate,United States,Miramar,Florida,South
RP-12397,Robert Parker,Consumer,United States,Johnson City,Tennessee,South
CH-10491,Charles Harris,Corporate,United States,Dearborn Heights,Michigan,Central
JE-11084,Jennifer Edwards,Consumer,United States,Lincoln Park,Michigan,Central
JR-12158,Joseph Robinson,Corporate,United States,Homestead,Florida,South
LP-13626,Laura Phillips,Home Office,United States,Hoover,Alabama,South
TW-10558,Thomas Williams,Corporate,United States,Murrieta,California,West
JD-13756,Jeffrey Davis,Consumer,United States,Santa Maria,California,West
RG-11628,Rebecca Green,Corporate,United States,Tucson,Arizona,West
MR-10457,Mary Robinson,Corporate,United States,Inglewood,California,West
KA-12669,Kenneth Allen,,United States,Jamestown,New York,East
MS-11268,Margaret Sanchez,Corporate,United States,Greenwood,Indiana,Central
JP-12209,Jeffrey Perez,Home Office,United States,Grand Prairie,Texas,Central
AC-11328,Andrew Campbell,Consumer,United States,Sanford,Florida,South
DD-13312,Dorothy Davis,,United States,Miramar,Florida,South
KR-14091,Kimberly Rivera,Consumer,United States,Pasco,Washington,West
LN-13083,Lisa Nelson,Corporate,United States,San Mateo,California,West
SP-10782,Susan Parker,,United States,Marion,Ohio,East
AC-11843,Andrew Collins,Corporate,United States,Hialeah,Florida,South
JW-12618,Jessica Wilson,Consumer,United States,Sheboygan,Wisconsin,Central
LA-13909,Linda Allen,,United States,Inglewood,California,West
WR-11378,William Rivera,Home Office,United States,Concord,New Hampshire,East
MN-13790,Michael Nelson,Corporate,United States,Huntington Beach,California,West
SR-11433,Sandra Rivera,Consumer,United States,Lincoln Park,Michigan,Central
BR-12153,Barbara Rivera,Home Office,United States,Norfolk,Nebraska,Central
DE-12673,Dorothy Edwards,Home Office,United States,Texas City,Texas,Central
TS-13337,Timothy Smith,Consumer,United States,Bowling Green,Ohio,East
EE-11417,Emily Evans,Consumer,United States,Fremont,Nebraska,Central
CT-11037,Chris Thomas,Home Office,United States,Port Saint Lucie,Florida,South
AH-13186,Ashley Hall,Home Office,United States,Ontario,California,West
BJ-11137,Brian Jones,Corporate,United States,Elmhurst,Illinois,Central
JL-13120,Jason Lee,Home Office,United States,Lake Charles,Louisiana,South
EG-12883,Emily Garcia,Consumer,United States,Anaheim,California,West
JP-12764,Joshua Perez,Home Office,United States,Eagan,Minnesota,Central
GR-11724,George Robinson,Home Office,United States,Baltimore,Maryland,East
DR-10116,Dorothy Ramirez,Consumer,United States,Kissimmee,Florida,South
SK-10564,Stephanie King,Consumer,United States,Tigard,Oregon,West
JT-11692,Jennifer Turner,Consumer,United States,Vancouver,Washington,West
LC-12339,Laura Carter,Consumer,United States,Everett,Washington,West
MB-11792,Melissa Brown,Corporate,United States,Burbank,California,West
LN-11800,Linda Nelson,Corporate,United States,North Miami,Florida,South
DM-10659,Donna Martin,Home Office,United States,Decatur,Alabama,South
LM-12626,Laura Martinez,Home Office,United States,Kenner,Louisiana,South
GB-10669,George Brown,Home Office,United States,Grove City,Ohio,East
BE-13823,Brian Edwards,Home Office,United States,Canton,Michigan,Central
DT-13474,David Torres,Consumer,United States,San Mateo,California,West
DP-10425,Daniel Parker,Home Office,United States,Thornton,Colorado,West
EM-10520,Emily Miller,Consumer,United States,Nashua,New Hampshire,East
MR-10378,Matthew Robinson,Home Office,United States,Vacaville,California,West
JA-11393,Jessica Allen,Home Office,United States,Spokane,Washington,West
EK-13645,Edward King,Corporate,United States,Caldwell,Idaho,West
LB-11028,Lisa Brown,Home Office,United States,Norfolk,Nebraska,Central
RL-13897,Robert Lewis,Corporate,United States,Garland,Texas,Central
BW-10881,Betty Wright,Home Office,United States,Buffalo Grove,Illinois,Central
SR-10624,Sharon Rivera,Home Office,United States,Sunnyvale,California,West
PL-11014,Paul Lee,Home Office,United States,Chattanooga,Tennessee,South
PM-11055,Patricia Martinez,Consumer,United States,Redmond,Oregon,West
RC-11512,Rebecca Clark,Consumer,United States,Chicago,Illinois,Central
KL-14007,Kevin Lopez,Consumer,United States,Paterson,New Jersey,East
DC-13313,Donald Clark,Home Office,United States,Waterloo,Iowa,Central
BY-11722,Brian Young,Home Office,United States,Virginia Beach,Virginia,South
AM-13524,Ashley Mitchell,Consumer,United States,Saint Charles,Missouri,Central
CN-12148,Carol Nguyen,Corporate,United States,Bowling Green,Kentucky,South
CB-14033,Carol Brown,Consumer,United States,Lebanon,Tennessee,South
AS-14193,Amanda Sanchez,Consumer,United States,Paterson,New Jersey,East
JR-13984,Jeffrey Ramirez,Corporate,United States,Oak Park,Michigan,Central
MH-12145,Michelle Harris,Consumer,United States,Hialeah,Florida,South
NT-11463,Nancy Thompson,Home Office,United States,Great Falls,Montana,West
KC-11127,Karen Campbell,Consumer,United States,Florence,South Carolina,South
RW-14035,Rebecca Wright,,United States,Woodland,California,West
KD-10206,Kevin Davis,Consumer,United States,Marion,Iowa,Central
KH-10023,Kenneth Hernandez,Home Office,United States,Texas City,Texas,Central
GL-11624,George Lee,Corporate,United States,Waco,Texas,Central
DT-12776,Dorothy Thompson,Consumer,United States,Jacksonville,North Carolina,South
BH-10821,Betty Harris,Home Office,United States,Redondo Beach,California,West
JA-11114,Joshua Anderson,Home Office,United States,New York City,New York,East
BH-13167,Barbara Harris,Home Office,United States,Chandler,Arizona,West
SK-12414,Stephanie King,Corporate,United States,Oak Park,Illinois,Central
SM-13700,Susan Mitchell,Consumer,United States,Murfreesboro,Tennessee,South
SG-11935,Sandra Gomez,Home Office,United States,North Miami,Florida,South
MC-11903,Michael Clark,Consumer,United States,Concord,New Hampshire,East
LM-10440,Lisa Martin,Home Office,United States,Manteca,California,West
PC-12813,Patricia Collins,Consumer,United States,Boise,Idaho,West
DG-13585,David Gomez,Home Office,United States,Jonesboro,Arkansas,South
DC-12008,Dorothy Collins,Consumer,United States,Thousand Oaks,California,West
AL-13022,Andrew Lewis,Corporate,United States,Monroe,North Carolina,South
LE-13953,Laura Evans,Home Office,United States,Southaven,Mississippi,South
SS-11213,Steven Sanchez,Home Office,United States,Fayetteville,Arkansas,South
JJ-10742,John Jackson,Consumer,United States,Dearborn Heights,Michigan,Central
MW-12847,Matthew Wilson,Consumer,United States,Grand Rapids,Michigan,Central
JJ-12329,John Jones,Home Office,United States,Oklahoma City,Oklahoma,Central
DJ-12996,Donald Jones,Consumer,United States,Bangor,Maine,East
MK-10438,Melissa King,Corporate,United States,Royal Oak,Michigan,Central
AL-14012,Anthony Lewis,Consumer,United States,Kent,Ohio,East
RC-12617,Ronald Clark,Corporate,United States,Oak Park,Michigan,Central
SH-13012,Sharon Harris,Corporate,United States,Des Plaines,Illinois,Central
RT-14049,Richard Turner,Corporate,United States,Perth Amboy,New Jersey,East
AC-10750,Amanda Campbell,Corporate,United States,Saint Charles,Missouri,Central
DA-10007,Dorothy Adams,Corporate,United States,Saint Charles,Illinois,Central
CM-10870,Charles Mitchell,Home Office,United States,Roseville,Minnesota,Central
LG-11045,Lisa Gonzalez,Home Office,United States,Medford,Oregon,West
KS-10058,Karen Sanchez,Corporate,United States,Bakersfield,California,West
JG-11131,Joseph Green,Consumer,United States,San Marcos,Texas,Central
AN-13091,Anthony Nelson,Consumer,United States,Oceanside,California,West
CC-13973,Charles Collins,Home Office,United States,Bellevue,Washington,West
TY-10286,Timothy Young,Corporate,United States,Austin,Texas,Central
ML-12378,Mark Lee,Corporate,United States,Corpus Christi,Texas,Central
SK-11956,Sharon King,Consumer,United States,Auburn,New York,East
MG-11096,Matthew Gomez,Corporate,United States,Nashville,Tennessee,South
JM-14163,Jessica Martin,Home Office,United States,Murrieta,California,West
BN-10915,Betty Nguyen,Corporate,United States,Jacksonville,Florida,South
BR-12319,Barbara Rivera,Consumer,United States,Columbia,Missouri,Central
JB-13469,Jennifer Baker,Home Office,United States,North Miami,Florida,South
RC-13994,Rebecca Cruz,,United States,Orland Park,Illinois,Central
BT-10530,Brian Turner,Home Office,United States,Dearborn,Michigan,Central
CT-12063,Carol Taylor,Consumer,United States,Auburn,New York,East
TT-11727,Timothy Taylor,Corporate,United States,West Palm Beach,Florida,South
PG-12651,Patricia Green,Corporate,United States,Santa Maria,California,West
RP-10780,Richard Phillips,Home Office,United States,La Porte,Texas,Central
MW-10510,Mark Williams,Corporate,United States,Hickory,North Carolina,South
AF-10262,Andrew Flores,Home Office,United States,Denver,Colorado,West
JM-13675,James Miller,Home Office,United States,Riverside,California,West
CH-10350,Charles Hall,Consumer,United States,Springfield,Oregon,West
KC-10811,Kimberly Campbell,Home Office,United States,Baltimore,Maryland,East
AG-12476,Andrew Garcia,Consumer,United States,Canton,Michigan,Central
RN-12878,Ronald Nguyen,Consumer,United States,Urbandale,Iowa,Central
SL-13910,Susan Lee,Corporate,United States,Coral Gables,Florida,South
MB-12000,Michael Baker,Corporate,United States,Orange,New Jersey,East
JH-13057,Jeffrey Harris,Corporate,United States,Lodi,California,West
PS-11334,Patricia Smith,,United States,Mount Vernon,New York,East
AC-10726,Amanda Carter,Home Office,United States,Taylor,Michigan,Central
BT-12942,Brian Turner,Corporate,United States,Reading,Pennsylvania,East
DR-12469,Dorothy Ramirez,Consumer,United States,Des Moines,Washington,West
ML-10627,Michael Lee,Corporate,United States,Irving,Texas,Central
AE-11261,Andrew Edwards,Consumer,United States,Lawton,Oklahoma,Central
AW-11533,Anthony White,Home Office,United States,Independence,Missouri,Central
RD-13100,Ronald Diaz,Consumer,United States,Holland,Michigan,Central
NH-11809,Nancy Hall,Corporate,United States,Canton,Michigan,Central
LD-11039,Lisa Davis,Home Office,United States,La Mesa,California,West
RM-10479,Robert Martin,Corporate,United States,Lewiston,Idaho,West
CM-11686,Charles Moore,Home Office,United States,Parker,Colorado,West
GR-12192,George Roberts,Consumer,United States,Holland,Michigan,Central
BB-13759,Betty Brown,Corporate,United States,Huntsville,Texas,Central
AJ-13829,Ashley Jones,Home Office,United States,Marion,Iowa,Central
BM-10434,Barbara Moore,Corporate,United States,Bozeman,Montana,West
EK-10237,Emily King,Corporate,United States,Thousand Oaks,California,West
KR-11656,Kenneth Rodriguez,Home Office,United States,Mesa,Arizona,West
JH-11369,Jeffrey Harris,Home Office,United States,Odessa,Texas,Central
MW-12899,Melissa Wright,Consumer,United States,El Paso,Texas,Central
AC-12478,Amanda Clark,Corporate,United States,Dover,New Hampshire,East
JG-12976,Jessica Gonzalez,Consumer,United States,Austin,Texas,Central
JE-13593,Joshua Evans,Corporate,United States,Glenview,Illinois,Central
SM-13019,Sandra Martin,Home Office,United States,Lancaster,California,West
PM-11399,Paul Mitchell,Home Office,United States,Saint Peters,Missouri,Central
NF-10326,Nancy Flores,Home Office,United States,Pearland,Texas,Central
PL-13185,Paul Lewis,Home Office,United States,Warner Robins,Georgia,South
AA-12001,Ashley Adams,Consumer,United States,Dallas,Texas,Central
SE-10719,Steven Edwards,Home Office,United States,Lakewood,Ohio,East
BL-12094,Barbara Lewis,Corporate,United States,Santa Clara,California,West
SA-12830,Steven Adams,Corporate,United States,Tallahassee,Florida,South
AF-11177,Amanda Flores,Consumer,United States,Aurora,Illinois,Central
ML-12734,Michael Lee,Corporate,United States,Mission Viejo,California,West
AK-13665,Ashley King,Consumer,United States,Bedford,Texas,Central
JN-12412,Jason Nguyen,Home Office,United States,Harlingen,Texas,Central
DW-11441,Donna Williams,Corporate,United States,Pasadena,Texas,Central
BP-13707,Brian Perez,Corporate,United States,Rochester,New York,East
LY-11280,Laura Young,Consumer,United States,Nashville,Tennessee,South
KB-13557,Kevin Brown,Consumer,United States,Baltimore,Maryland,East
MH-11010,Margaret Hall,Consumer,United States,Overland Park,Kansas,Central
DT-11516,David Taylor,Home Office,United States,Garland,Texas,Central
CS-13354,Carol Sanchez,Home Office,United States,Des Moines,Washington,West
PH-14165,Patricia Harris,Consumer,United States,Henderson,Nevada,West
RT-10204,Richard Turner,Home Office,United States,New York City,New York,East
MT-11547,Margaret Torres,Home Office,United States,Englewood,Colorado,West
RT-11493,Robert Taylor,Consumer,United States,Frisco,Texas,Central
ET-10965,Emily Torres,Home Office,United States,Montgomery,Alabama,South
MR-13856,Mark Rivera,,United States,Chesapeake,Virginia,South
JP-13615,John Perez,Consumer,United States,Eagan,Minnesota,Central
JW-11315,Jennifer White,Consumer,United States,Clarksville,Tennessee,South
SH-14197,Steven Hernandez,Home Office,United States,Paterson,New Jersey,East
BC-12767,Barbara Clark,Home Office,United States,Clifton,New Jersey,East
EW-13797,Edward White,Consumer,United States,Rochester,Minnesota,Central
SG-12805,Stephanie Green,Corporate,United States,Burlington,Vermont,East
JD-11162,Jason Davis,Corporate,United States,Leominster,Massachusetts,East
KS-11572,Kimberly Smith,Consumer,United States,Tampa,Florida,South
AN-12265,Amanda Nelson,Home Office,United States,Long Beach,California,West
AA-11618,Amanda Anderson,Home Office,United States,Des Moines,Washington,West
JD-13163,James Davis,Consumer,United States,Norman,Oklahoma,Central
AM-11200,Amanda Miller,Consumer,United States,Pueblo,Colorado,West
DM-11375,Dorothy Mitchell,Home Office,United States,Davis,California,West
BN-12332,Barbara Nelson,Consumer,United States,Passaic,New Jersey,East
DT-11060,Donna Torres,Corporate,United States,Franklin,Tennessee,South
ML-12965,Michael Lopez,Consumer,United States,Florence,South Carolina,South
JM-10347,Jason Martin,Corporate,United States,Brownsville,Texas,Central
RH-11657,Rebecca Hernandez,Consumer,United States,Columbia,South Carolina,South
LS-12510,Laura Scott,Home Office,United States,Phoenix,Arizona,West
GR-11244,George Rivera,Home Office,United States,Greenville,North Carolina,South
DC-11523,David Campbell,Corporate,United States,Clarksville,Tennessee,South
JT-13203,Joshua Thomas,Corporate,United States,Inglewood,California,West
BS-13518,Barbara Scott,Home Office,United States,Bossier City,Louisiana,South
AN-11188,Andrew Nguyen,Consumer,United States,San Clemente,California,West
AH-14004,Anthony Hall,Home Office,United States,Carrollton,Texas,Central
SH-10022,Sarah Hall,Home Office,United States,San Diego,California,West
JL-12944,Jessica Lopez,Corporate,United States,Superior,Wisconsin,Central
SW-11120,Sharon White,Corporate,United States,Pasadena,Texas,Central
RS-12544,Robert Scott,Consumer,United States,Highland Park,Illinois,Central
MP-10465,Melissa Perez,Corporate,United States,Fresno,California,West
WH-13191,William Hill,Consumer,United States,Longmont,Colorado,West
AJ-11904,Amanda Jackson,Home Office,United States,Marlborough,Massachusetts,East
SH-13673,Susan Hernandez,Corporate,United States,Encinitas,California,West
EA-12623,Emily Anderson,Corporate,United States,Waco,Texas,Central
TW-14089,Thomas Walker,Consumer,United States,Hattiesburg,Mississippi,South
DY-12768,Dorothy Young,Home Office,United States,Apple Valley,California,West
JB-12083,Jennifer Brown,Home Office,United States,Coral Springs,Florida,South
SM-13422,Steven Martin,,United States,Providence,Rhode Island,East
JC-10203,John Carter,Consumer,United States,Minneapolis,Minnesota,Central
ET-10199,Edward Turner,Corporate,United States,Manhattan,Kansas,Central
DJ-12201,Donna Johnson,Corporate,United States,Margate,Florida,South
BH-12166,Barbara Hernandez,,United States,Columbia,South Carolina,South
DE-12591,David Edwards,Home Office,United States,Waynesboro,Virginia,South
JS-10642,John Sanchez,Home Office,United States,San Antonio,Texas,Central
CH-11313,Carol Hernandez,Corporate,United States,Huntsville,Alabama,South
JT-11867,Jeffrey Thomas,Home Office,United States,Lebanon,Tennessee,South
KC-11259,Karen Clark,Consumer,United States,Fairfield,Connecticut,East
MM-12823,Michael Miller,Home Office,United States,Houston,Texas,Central
RL-12774,Richard Lewis,Consumer,United States,Fremont,Nebraska,Central
AR-13538,Andrew Ramirez,Home Office,United States,Irving,Texas,Central
MM-13888,Michelle Moore,Corporate,United States,Haltom City,Texas,Central
KT-10176,Kenneth Thomas,Corporate,United States,Baltimore,Maryland,East
JG-12119,Jeffrey Green,Home Office,United States,Deer Park,Texas,Central
NM-11235,Nancy Moore,Corporate,United States,Manteca,California,West
JH-10279,Jennifer Hill,Corporate,United States,Wilmington,Delaware,East
DN-11876,Deborah Nguyen,Consumer,United States,Camarillo,California,West
PC-13401,Patricia Collins,Corporate,United States,Coachella,California,West
RD-13152,Ronald Diaz,Corporate,United States,Arlington,Texas,Central
LT-11801,Lisa Thompson,Corporate,United States,Murrieta,California,West
PL-11661,Paul Lopez,Home Office,United States,Mentor,Ohio,East
EC-13329,Elizabeth Cruz,Consumer,United States,Auburn,Washington,West
ML-12909,Mark Lewis,Consumer,United States,East Point,Georgia,South
KY-11564,Kenneth Young,Consumer,United States,Wichita,Kansas,Central
JC-12377,Jeffrey Collins,Corporate,United States,Park Ridge,Illinois,Central
AG-11994,Andrew Gomez,Home Office,United States,Clarksville,Tennessee,South
MJ-11821,Mary Jackson,Consumer,United States,Sterling Heights,Michigan,Central
EP-11638,Elizabeth Parker,Home Office,United States,Lake Elsinore,California,West
DC-13262,Daniel Cruz,,United States,Brownsville,Texas,Central
GJ-11731,George Jones,Corporate,United States,Montebello,California,West
JH-14056,Jessica Harris,Corporate,United States,Westland,Michigan,Central
KN-11126,Kevin Nguyen,Corporate,United States,Salinas,California,West
JD-12360,Joshua Diaz,Consumer,United States,Yucaipa,California,West
BN-12342,Brian Nguyen,Corporate,United States,Riverside,California,West
DA-12580,David Adams,Corporate,United States,League City,Texas,Central
AC-12951,Anthony Carter,Consumer,United States,Davis,California,West
BR-12839,Brian Robinson,Home Office,United States,Lincoln Park,Michigan,Central
WC-10801,William Campbell,Corporate,United States,Camarillo,California,West
AE-10819,Amanda Evans,Home Office,United States,Belleville,New Jersey,East
EM-11012,Elizabeth Moore,Corporate,United States,Arlington,Virginia,South
RT-11457,Rebecca Taylor,Consumer,United States,Olympia,Washington,West
JH-11021,James Hernandez,Corporate,United States,Jupiter,Florida,South
MY-14123,Mark Young,Home Office,United States,North Las Vegas,Nevada,West
AW-12110,Andrew Wright,Corporate,United States,Nashville,Tennessee,South
GF-13193,George Flores,Consumer,United States,Altoona,Pennsylvania,East
MM-13220,Melissa Moore,Home Office,United States,Monroe,Louisiana,South
AT-12394,Anthony Thompson,Home Office,United States,Redlands,California,West
PG-11245,Paul Green,Home Office,United States,Pensacola,Florida,South
CL-12884,Charles Lewis,Corporate,United States,Lebanon,Tennessee,South
DH-12991,Deborah Hill,Consumer,United States,Norfolk,Nebraska,Central
GC-12541,George Campbell,Consumer,United States,Elyria,Ohio,East
WJ-10576,William Jones,Home Office,United States,Pleasant Grove,Utah,West
MJ-12872,Michelle Jones,,United States,Lake Elsinore,California,West
CS-11327,Chris Smith,Home Office,United States,Cambridge,Massachusetts,East
JS-11301,John Scott,Consumer,United States,Jupiter,Florida,South
DR-10446,Daniel Ramirez,Corporate,United States,Canton,Michigan,Central
EL-11407,Elizabeth Lee,Home Office,United States,San Antonio,Texas,Central
ER-11825,Emily Rivera,Consumer,United States,Chicago,Illinois,Central
MA-12667,Margaret Allen,Home Office,United States,Canton,Michigan,Central
MH-10039,Matthew Hill,Home Office,United States,Lewiston,Maine,East
EJ-13490,Elizabeth Jones,Corporate,United States,Greensboro,North Carolina,South
JH-13050,Jessica Hill,Home Office,United States,East Orange,New Jersey,East
WW-10529,William Williams,Corporate,United States,Henderson,Nevada,West
AG-11395,Anthony Gomez,Home Office,United States,Ontario,California,West
MT-12836,Margaret Thompson,Consumer,United States,Jefferson City,Missouri,Central
GM-11053,George Martin,Consumer,United States,Miami,Florida,South
BC-13264,Betty Clark,Consumer,United States,Lincoln Park,Michigan,Central
LT-14182,Lisa Torres,,United States,Redondo Beach,California,West
DS-10435,Daniel Smith,Consumer,United States,Norwich,Connecticut,East
MT-13041,Matthew Torres,Consumer,United States,Bossier City,Louisiana,South
MH-12405,Michael Hall,Corporate,United States,Jonesboro,Arkansas,South
AJ-14059,Andrew Johnson,Consumer,United States,Missouri City,Texas,Central
SD-12429,Susan Diaz,Corporate,United States,Saint Cloud,Minnesota,Central
CW-13547,Chris Wilson,Consumer,United States,Columbus,Georgia,South
WM-13219,William Martinez,Home Office,United States,Orlando,Florida,South
SK-13603,Susan King,Consumer,United States,Coral Springs,Florida,South
AK-12874,Ashley King,Consumer,United States,Mount Pleasant,Michigan,Central
JJ-14036,Joseph Jackson,Corporate,United States,Cottage Grove,Minnesota,Central
JP-11923,John Perez,Home Office,United States,Elmhurst,Illinois,Central
KR-10329,Kenneth Rivera,Home Office,United States,Roseville,Michigan,Central
MW-10161,Mary Williams,Corporate,United States,Niagara Falls,New York,East
GN-10244,George Nguyen,Home Office,United States,Cambridge,Massachusetts,East
MK-10323,Michael King,Consumer,United States,Mentor,Ohio,East
JJ-13562,Jennifer Jones,Corporate,United States,Rogers,Arkansas,South
MP-11152,Michael Perez,Consumer,United States,Jonesboro,Arkansas,South
ME-10150,Melissa Edwards,Home Office,United States,Linden,New Jersey,East
KM-13287,Kimberly Martin,Consumer,United States,Murray,Kentucky,South
GR-13552,George Rodriguez,Home Office,United States,San Gabriel,California,West
ST-13522,Stephanie Turner,Consumer,United States,Miami,Florida,South
CA-12473,Carol Adams,,United States,Farmington,New Mexico,West
NJ-12833,Nancy Jackson,Consumer,United States,Hoover,Alabama,South
KW-10388,Kevin Wilson,Consumer,United States,Troy,New York,East
DC-13080,Donald Carter,Home Office,United States,New Castle,Indiana,Central
EH-14063,Emily Hernandez,Corporate,United States,Antioch,California,West
AM-10407,Amanda Miller,Home Office,United States,Roseville,Minnesota,Central
SW-13343,Sarah Wilson,Home Office,United States,Coon Rapids,Minnesota,Central
SC-12217,Susan Carter,Corporate,United States,Macon,Georgia,South
SH-13688,Steven Hernandez,Consumer,United States,Aurora,Illinois,Central
MR-10842,Matthew Ramirez,Home Office,United States,Torrance,California,West
JP-13036,James Parker,Home Office,United States,Draper,Utah,West
TM-12423,Timothy Mitchell,Corporate,United States,Athens,Georgia,South
LT-10537,Linda Turner,Home Office,United States,Norfolk,Nebraska,Central
CN-12074,Carol Nguyen,Corporate,United States,Chattanooga,Tennessee,South
DM-10393,Deborah Martinez,Corporate,United States,Fort Lauderdale,Florida,South
RL-13463,Robert Lopez,Corporate,United States,La Crosse,Wisconsin,Central
LT-10021,Lisa Thompson,Home Office,United States,La Porte,Indiana,Central
EM-13646,Edward Martin,Home Office,United States,San Gabriel,California,West
SW-11507,Sarah Wilson,Consumer,United States,Cleveland,Ohio,East
BB-11292,Brian Baker,Corporate,United States,Fremont,Nebraska,Central
BW-13044,Brian White,Home Office,United States,Westfield,New Jersey,East
RG-13607,Richard Gonzalez,Corporate,United States,Edmond,Oklahoma,Central
DL-10712,Donald Lee,Consumer,United States,Coppell,Texas,Central
ET-10455,Emily Turner,Consumer,United States,Jamestown,New York,East
DM-10806,Dorothy Martinez,Consumer,United States,Fremont,Nebraska,Central
AJ-13698,Ashley Johnson,Home Office,United States,Niagara Falls,New York,East
JH-11070,Jennifer Hernandez,Home Office,United States,Columbia,Missouri,Central
LD-12636,Linda Diaz,Corporate,United States,Monroe,North Carolina,South
JG-10618,Jeffrey Green,Corporate,United States,Saint Charles,Illinois,Central
DW-11757,David Wright,Corporate,United States,Cranston,Rhode Island,East
KW-11957,Karen Williams,Corporate,United States,Long Beach,California,West
BC-10073,Betty Campbell,Consumer,United States,Sioux Falls,South Dakota,Central
DR-13217,Donna Rodriguez,Consumer,United States,Bellevue,Washington,West
CL-11497,Carol Lee,Home Office,United States,Warwick,Rhode Island,East
JJ-11326,John Jones,Home Office,United States,El Paso,Texas,Central
AS-13267,Ashley Scott,Home Office,United States,Clovis,New Mexico,West
JJ-12206,John Jackson,Corporate,United States,Texarkana,Arkansas,South
JW-12488,Jennifer White,Home Office,United States,Santa Ana,California,West
EC-10273,Elizabeth Collins,Consumer,United States,Lafayette,Louisiana,South
MS-12260,Mary Sanchez,Corporate,United States,Gulfport,Mississippi,South
JP-11106,Jason Phillips,Corporate,United States,Pharr,Texas,Central
SA-10405,Sandra Adams,Consumer,United States,Minneapolis,Minnesota,Central
AP-14070,Anthony Parker,,United States,Fort Worth,Texas,Central
RL-10602,Robert Lewis,Home Office,United States,Waterbury,Connecticut,East
EW-12249,Elizabeth White,Home Office,United States,Daytona Beach,Florida,South
BK-13210,Barbara King,Home Office,United States,Auburn,Alabama,South
SS-11032,Steven Smith,Consumer,United States,Pasadena,California,West
WC-13729,William Clark,Consumer,United States,Wheeling,West Virginia,East
BS-13126,Betty Smith,Corporate,United States,Montebello,California,West
LW-13916,Lisa Williams,Consumer,United States,Port Orange,Florida,South
AM-13159,Ashley Martin,Home Office,United States,Florence,Kentucky,South
KP-11329,Kevin Parker,Home Office,United States,Midland,Michigan,Central
SW-10940,Sharon Williams,Corporate,United States,Bullhead City,Arizona,West
DC-12574,Donna Campbell,Home Office,United States,Margate,Florida,South
MS-12107,Margaret Sanchez,Home Office,United States,Santa Clara,California,West
MM-13653,Michael Martinez,Consumer,United States,Lewiston,Idaho,West
DR-13268,Dorothy Rodriguez,Corporate,United States,Manteca,California,West
NT-11931,Nancy Turner,Home Office,United States,Midland,Michigan,Central
AB-10256,Amanda Brown,Consumer,United States,Burlington,North Carolina,South
DA-14107,Donna Adams,Corporate,United States,Noblesville,Indiana,Central
DE-13103,David Edwards,Consumer,United States,Citrus Heights,California,West
AR-14195,Anthony Ramirez,Home Office,United States,Plano,Texas,Central
PF-13306,Paul Flores,Corporate,United States,Sacramento,California,West
MB-12649,Margaret Brown,Consumer,United States,Apple Valley,California,West
KD-10001,Kenneth Davis,Home Office,United States,Jackson,Michigan,Central
LN-10974,Lisa Nelson,Consumer,United States,Richmond,Virginia,South
RC-11042,Robert Cruz,Corporate,United States,Logan,Utah,West
DA-14074,Donald Allen,Home Office,United States,Morgan Hill,California,West
NG-11791,Nancy Garcia,Home Office,United States,Pensacola,Florida,South
DJ-11377,Dorothy Jackson,Home Office,United States,Malden,Massachusetts,East
JC-13216,Joshua Cruz,Corporate,United States,Temecula,California,West
NR-13034,Nancy Rodriguez,Consumer,United States,Danville,Illinois,Central
MS-11183,Matthew Scott,Home Office,United States,Missouri City,Texas,Central
DY-11163,Donald Young,Consumer,United States,Kent,Washington,West
MR-12578,Michael Ramirez,Consumer,United States,Wilson,North Carolina,South
AA-14167,Anthony Anderson,Corporate,United States,Oceanside,California,West
RB-10274,Robert Brown,Corporate,United States,Richmond,Virginia,South
DA-10233,Donald Adams,Corporate,United States,Roseville,Minnesota,Central
MW-10313,Mark Wright,Corporate,United States,Chandler,Arizona,West
JC-12463,James Collins,Corporate,United States,Apple Valley,California,West
JN-11494,John Nelson,Home Office,United States,Richmond,Indiana,Central
MG-14005,Matthew Green,Consumer,United States,Dublin,California,West
PH-13816,Patricia Hill,Corporate,United States,Beaumont,Texas,Central
PW-12970,Paul Wilson,Home Office,United States,Boise,Idaho,West
DA-13785,Dorothy Allen,Corporate,United States,Palatine,Illinois,Central
AC-10697,Anthony Cruz,Consumer,United States,New Brunswick,New Jersey,East
DD-10916,Daniel Diaz,Home Office,United States,Lawton,Oklahoma,Central
MC-10921,Matthew Clark,Home Office,United States,Grove City,Ohio,East
JC-10661,Joseph Campbell,Home Office,United States,San Antonio,Texas,Central
RG-12177,Richard Green,Corporate,United States,Nashville,Tennessee,South
SY-11983,Sandra Young,Consumer,United States,Rochester,Minnesota,Central
RH-11298,Richard Hill,Corporate,United States,Yonkers,New York,East
DA-10042,Deborah Adams,Consumer,United States,Fort Collins,Colorado,West
SM-10031,Sandra Martinez,Consumer,United States,Kent,Washington,West
BJ-13240,Barbara Jones,Consumer,United States,Lancaster,Ohio,East
JY-13095,Joshua Young,Home Office,United States,Grand Rapids,Michigan,Central
JM-12659,Jeffrey Martin,Consumer,United States,Arvada,Colorado,West
MG-13430,Margaret Gonzalez,Consumer,United States,Suffolk,Virginia,South
AC-11205,Ashley Carter,Corporate,United States,Nashua,New Hampshire,East
DG-13446,Donna Gomez,Corporate,United States,Hempstead,New York,East
RG-10200,Rebecca Garcia,Consumer,United States,Avondale,Arizona,West
MH-12864,Matthew Hall,Corporate,United States,Pompano Beach,Florida,South
CG-10977,Carol Garcia,Consumer,United States,Harlingen,Texas,Central
SP-12194,Stephanie Phillips,Corporate,United States,Franklin,Massachusetts,East
DM-12317,Daniel Martin,Consumer,United States,Wheeling,Illinois,Central
AA-10371,Amanda Anderson,Consumer,United States,Marietta,Georgia,South
WG-10850,William Garcia,Corporate,United States,Round Rock,Texas,Central
PS-11365,Patricia Scott,Home Office,United States,Bedford,Texas,Central
WA-12765,William Adams,Home Office,United States,Fort Lauderdale,Florida,South
TG-13940,Thomas Gomez,Corporate,United States,Henderson,Nevada,West
MW-12845,Michelle Wilson,Corporate,United States,Parma,Ohio,East
JJ-12353,Jason Jones,Home Office,United States,Pensacola,Florida,South
AM-13443,Amanda Miller,Corporate,United States,Lincoln Park,Michigan,Central
RW-13706,Richard Williams,Home Office,United States,Arlington Heights,Illinois,Central
MB-11971,Mark Brown,Consumer,United States,Montgomery,Alabama,South
SP-11743,Sandra Phillips,Corporate,United States,Dallas,Texas,Central
TG-12728,Thomas Garcia,Consumer,United States,Columbus,Indiana,Central
DS-10123,Deborah Scott,Home Office,United States,Tinley Park,Illinois,Central
AW-11344,Anthony Williams,Home Office,United States,Sheboygan,Wisconsin,Central
PL-14188,Paul Lopez,Corporate,United States,Chicago,Illinois,Central
DE-11362,Deborah Edwards,Corporate,United States,Portage,Indiana,Central
AL-10026,Amanda Lee,Consumer,United States,Redlands,California,West
RM-12604,Robert Moore,Corporate,United States,Rock Hill,South Carolina,South
KT-11054,Kimberly Thomas,Corporate,United States,West Allis,Wisconsin,Central
DS-12041,Deborah Smith,Corporate,United States,Danville,Illinois,Central
DC-13225,Dorothy Cruz,Corporate,United States,Fairfield,California,West
BT-13279,Brian Thomas,Consumer,United States,Greenwood,Indiana,Central
LN-10034,Laura Nguyen,Corporate,United States,San Mateo,California,West
JR-11955,John Robinson,Home Office,United States,Eau Claire,Wisconsin,Central
KN-10604,Kenneth Nguyen,Consumer,United States,Alexandria,Virginia,South
GM-13340,George Mitchell,Home Office,United States,Hempstead,New York,East
RS-11844,Robert Scott,Home Office,United States,Commerce City,Colorado,West
TD-11062,Thomas Diaz,Corporate,United States,Moorhead,Minnesota,Central
DB-10837,Daniel Brown,Corporate,United States,Franklin,Massachusetts,East
AS-11827,Ashley Sanchez,Consumer,United States,Mount Vernon,New York,East
RR-12714,Ronald Roberts,Home Office,United States,Bozeman,Montana,West
AG-12821,Amanda Gomez,,United States,Memphis,Tennessee,South
MB-11807,Melissa Brown,Home Office,United States,Vineland,New Jersey,East
JA-10060,Jessica Anderson,Corporate,United States,Saginaw,Michigan,Central
MG-12657,Michelle Gomez,Home Office,United States,Boise,Idaho,West
NA-12236,Nancy Adams,Corporate,United States,San Angelo,Texas,Central
JM-13587,Joshua Mitchell,Corporate,United States,Bayonne,New Jersey,East
BT-11110,Brian Thompson,Home Office,United States,Mansfield,Texas,Central
SH-13188,Susan Hall,Home Office,United States,Pembroke Pines,Florida,South
MG-13506,Mark Green,Consumer,United States,East Orange,New Jersey,East
DS-13257,Donald Sanchez,Corporate,United States,Pompano Beach,Florida,South
SC-12315,Sandra Collins,Consumer,United States,Cincinnati,Ohio,East
SH-11691,Sandra Hall,Corporate,United States,Portland,Oregon,West
MW-14095,Michael Wright,Corporate,United States,Hampton,Virginia,South
DG-10459,Dorothy Green,Corporate,United States,Rock Hill,South Carolina,South
BT-12545,Betty Taylor,Consumer,United States,Concord,New Hampshire,East
EG-13436,Emily Gonzalez,Consumer,United States,Saint Paul,Minnesota,Central
MK-11869,Matthew King,Consumer,United States,Edmond,Oklahoma,Central
AR-13882,Andrew Roberts,,United States,Lebanon,Tennessee,South
ES-12914,Edward Sanchez,Corporate,United States,Everett,Washington,West
PM-11112,Paul Martin,Corporate,United States,Salinas,California,West
JW-11730,Jason White,Corporate,United States,Parma,Ohio,East
KT-10603,Kimberly Thompson,Home Office,United States,Great Falls,Montana,West
DC-12601,Donna Campbell,Consumer,United States,Roseville,Michigan,Central
SH-10319,Stephanie Harris,Home Office,United States,Sterling Heights,Michigan,Central
KL-13525,Kenneth Lewis,,United States,Pocatello,Idaho,West
KW-12047,Kenneth Walker,Consumer,United States,East Orange,New Jersey,East
JA-11100,Joshua Anderson,Corporate,United States,Rochester,Minnesota,Central
MJ-10408,Mark Jones,Corporate,United States,Belleville,New Jersey,East
RL-10358,Ronald Lewis,Home Office,United States,Aurora,Colorado,West
EB-10423,Emily Brown,Home Office,United States,Lodi,California,West
SS-10251,Sharon Smith,Corporate,United States,Laurel,Maryland,East
SL-14022,Stephanie Lewis,Corporate,United States,Bloomington,Indiana,Central
RB-12612,Rebecca Baker,Corporate,United States,Bellingham,Washington,West
AF-13619,Ashley Flores,Corporate,United States,Scottsdale,Arizona,West
AP-11939,Amanda Perez,,United States,Jamestown,New York,East
AC-13239,Amanda Cruz,Consumer,United States,Waterloo,Iowa,Central
DD-13971,David Davis,Corporate,United States,Spokane,Washington,West
KM-10448,Kevin Martin,Consumer,United States,Newark,Ohio,East
RL-10241,Richard Lee,Home Office,United States,Amarillo,Texas,Central
ST-10092,Sharon Thomas,Consumer,United States,Yucaipa,California,West
LD-12087,Laura Davis,Corporate,United States,Farmington,New Mexico,West
TT-13546,Thomas Turner,Consumer,United States,Davis,California,West
RA-12892,Rebecca Allen,Home Office,United States,Owensboro,Kentucky,South
GM-13340,George Mitchell,Home Office,United States,Hempstead,New York,East
ML-13913,Mary Lee,Corporate,United States,Bellingham,Washington,West
ME-10522,Mark Edwards,Consumer,United States,Owensboro,Kentucky,South
ST-12938,Stephanie Thomas,Corporate,United States,Palatine,Illinois,Central
AW-10732,Amanda Wilson,Corporate,United States,Dublin,California,West
MA-14050,Margaret Allen,Corporate,United States,Gilbert,Arizona,West
PC-12752,Patricia Collins,Corporate,United States,Georgetown,Kentucky,South
JW-13466,John White,Corporate,United States,Henderson,Nevada,West
DY-12381,David Young,Consumer,United States,Woonsocket,Rhode Island,East
RN-12699,Ronald Nguyen,Consumer,United States,Manhattan,Kansas,Central
TG-13826,Thomas Gonzalez,Consumer,United States,Burlington,Vermont,East
MT-10070,Margaret Thompson,Corporate,United States,Thornton,Colorado,West
SW-13526,Stephanie Williams,Corporate,United States,Fairfield,Ohio,East
KW-10923,Kenneth Wright,Home Office,United States,Lorain,Ohio,East
KM-10288,Kevin Miller,Corporate,United States,Trenton,Michigan,Central
NC-12664,Nancy Carter,Consumer,United States,Evanston,Illinois,Central
LL-10912,Lisa Lee,Corporate,United States,Saint Peters,Missouri,Central
AR-12560,Amanda Rivera,Corporate,United States,Cary,North Carolina,South
SG-12492,Susan Gonzalez,Corporate,United States,Lafayette,Louisiana,South
DS-14102,Deborah Sanchez,Home Office,United States,Laguna Niguel,California,West
JR-11085,John Robinson,Consumer,United States,Carlsbad,New Mexico,West
DE-12258,Donald Edwards,Consumer,United States,Bloomington,Illinois,Central
MC-10372,Michelle Cruz,Corporate,United States,Kissimmee,Florida,South
JL-13610,Joshua Lee,Consumer,United States,Noblesville,Indiana,Central
GG-14075,George Garcia,Corporate,United States,Wilmington,North Carolina,South
DN-13717,Daniel Nelson,Consumer,United States,Henderson,Kentucky,South
AH-12583,Amanda Hall,Corporate,United States,Maple Grove,Minnesota,Central
JT-12753,Joshua Taylor,Corporate,United States,Lake Charles,Louisiana,South
PW-11413,Paul Wright,,United States,Yucaipa,California,West
SN-12020,Sharon Nelson,Consumer,United States,Parker,Colorado,West
LW-11197,Laura White,Corporate,United States,New York City,New York,East
LE-12011,Lisa Edwards,Consumer,United States,Modesto,California,West
AE-13771,Anthony Evans,Consumer,United States,Bloomington,Indiana,Central
RR-13202,Ronald Ramirez,Consumer,United States,Orange,New Jersey,East
NT-13570,Nancy Thompson,Home Office,United States,Chandler,Arizona,West
JA-12106,James Allen,Corporate,United States,Roseville,Minnesota,Central
DE-11768,Deborah Evans,,United States,Kenosha,Wisconsin,Central
AW-13925,Anthony Wright,Home Office,United States,Huntsville,Texas,Central
AM-10934,Andrew Mitchell,Home Office,United States,Clovis,New Mexico,West
NB-12077,Nancy Baker,Corporate,United States,Garland,Texas,Central
BW-13508,Brian Wright,Home Office,United States,Asheville,North Carolina,South
JJ-12941,Jennifer Jackson,Corporate,United States,Mentor,Ohio,East
TF-12777,Timothy Flores,Home Office,United States,Lubbock,Texas,Central
GM-10324,George Martinez,Home Office,United States,Santa Fe,New Mexico,West
JT-12934,Joshua Torres,Home Office,United States,Peoria,Arizona,West
AT-11387,Amanda Taylor,Consumer,United States,Vancouver,Washington,West
BR-10672,Barbara Robinson,Corporate,United States,Commerce City,Colorado,West
NH-12398,Nancy Hernandez,Home Office,United States,New York City,New York,East
JA-11282,Joseph Anderson,Consumer,United States,Mesa,Arizona,West
MF-10686,Michael Flores,Consumer,United States,Lodi,California,West
SA-10905,Sandra Anderson,Home Office,United States,Revere,Massachusetts,East
EL-13177,Emily Lewis,Consumer,United States,Rancho Cucamonga,California,West
ST-12880,Sharon Thomas,Consumer,United States,Woodland,California,West
PR-12097,Paul Roberts,Consumer,United States,Woonsocket,Rhode Island,East
BH-10449,Betty Hill,Consumer,United States,Grand Prairie,Texas,Central
MN-10216,Margaret Nelson,Consumer,United States,Vacaville,California,West
JW-11568,John White,Home Office,United States,Parma,Ohio,East
DP-11632,Daniel Parker,Home Office,United States,Brownsville,Texas,Central
ER-13256,Elizabeth Roberts,Consumer,United States,North Las Vegas,Nevada,West
AS-11549,Anthony Scott,Corporate,United States,Sheboygan,Wisconsin,Central
WG-13799,William Green,Home Office,United States,Laurel,Maryland,East
AY-12422,Andrew Young,,United States,Harrisonburg,Virginia,South
KM-13753,Kenneth Martin,Corporate,United States,Madison,Wisconsin,Central
KB-10331,Kenneth Baker,Consumer,United States,Spokane,Washington,West
JT-10550,John Thompson,Corporate,United States,Camarillo,California,West
MR-12846,Melissa Roberts,Home Office,United States,Lincoln Park,Michigan,Central
SW-12563,Stephanie Walker,Consumer,United States,Paterson,New Jersey,East
BF-13822,Betty Flores,Home Office,United States,Hamilton,Ohio,East
MS-13121,Melissa Smith,Consumer,United States,Lakewood,Ohio,East
TA-11236,Thomas Adams,Consumer,United States,Broomfield,Colorado,West
CW-10702,Carol Wright,Corporate,United States,Waterloo,Iowa,Central
KY-10863,Kenneth Young,Corporate,United States,Jefferson City,Missouri,Central
JJ-13535,James Johnson,Corporate,United States,Chester,Pennsylvania,East
SP-10071,Sandra Parker,Home Office,United States,Fairfield,Connecticut,East
TG-13489,Thomas Green,Consumer,United States,New Brunswick,New Jersey,East
CM-13131,Chris Martin,Home Office,United States,La Mesa,California,West
BW-10503,Barbara Wilson,Corporate,United States,Lafayette,Indiana,Central
RM-13360,Ronald Miller,Home Office,United States,Abilene,Texas,Central
BY-10954,Betty Young,Home Office,United States,Mission Viejo,California,West
SG-13196,Sandra Garcia,Home Office,United States,Laguna Niguel,California,West
PJ-14030,Paul Johnson,Corporate,United States,Troy,New York,East
KH-13620,Karen Hall,Corporate,United States,Margate,Florida,South
JT-13021,Joshua Thomas,Corporate,United States,Lubbock,Texas,Central
MM-13277,Michelle Martinez,Consumer,United States,Conway,Arkansas,South
LS-11158,Lisa Smith,Consumer,United States,Edinburg,Texas,Central
EN-11171,Edward Nguyen,Home Office,United States,Providence,Rhode Island,East
MR-11921,Mary Robinson,Home Office,United States,Concord,California,West
LW-13311,Laura White,Home Office,United States,Daytona Beach,Florida,South
AT-13515,Anthony Thompson,Home Office,United States,North Charleston,South Carolina,South
RK-10543,Robert King,Home Office,United States,Saint Charles,Missouri,Central
SM-11442,Steven Miller,Home Office,United States,Fairfield,Ohio,East
SM-13149,Stephanie Mitchell,Home Office,United States,Jefferson City,Missouri,Central
JM-12979,Jeffrey Miller,Home Office,United States,Lake Elsinore,California,West
MT-12680,Margaret Turner,Consumer,United States,Carol Stream,Illinois,Central
KH-10500,Kevin Hall,Consumer,United States,Beverly,Massachusetts,East
CH-13662,Carol Harris,Consumer,United States,Altoona,Pennsylvania,East
KR-14013,Kevin Ramirez,Consumer,United States,Auburn,New York,East
JR-10839,Joshua Roberts,Corporate,United States,Missouri City,Texas,Central
SL-11089,Sarah Lewis,Consumer,United States,Louisville,Kentucky,South
AD-12160,Amanda Diaz,Corporate,United States,Pasco,Washington,West
KR-12382,Karen Rivera,Corporate,United States,Billings,Montana,West
JN-10122,Jessica Nelson,Corporate,United States,Warwick,Rhode Island,East
JM-10766,Jeffrey Mitchell,Home Office,United States,Salinas,California,West
PD-13366,Paul Davis,Consumer,United States,Troy,New York,East
DN-10612,David Nguyen,Consumer,United States,Oswego,Illinois,Central
DS-10853,Daniel Scott,Home Office,United States,Columbus,Georgia,South
MB-10155,Mark Baker,Home Office,United States,Harrisonburg,Virginia,South
MH-13754,Michelle Hall,Consumer,United States,Oakland,California,West
JR-10035,Joseph Rodriguez,Corporate,United States,Chico,California,West
CM-10476,Chris Martinez,Consumer,United States,Mcallen,Texas,Central
DT-12882,David Turner,Corporate,United States,Pompano Beach,Florida,South
SN-10739,Susan Nguyen,Consumer,United States,Pasadena,Texas,Central
JD-11943,Joshua Davis,Home Office,United States,Leominster,Massachusetts,East
MH-11219,Mary Harris,Consumer,United States,Edmond,Oklahoma,Central
LH-11355,Laura Hernandez,Consumer,United States,Woodbury,Minnesota,Central
RR-13982,Rebecca Robinson,Consumer,United States,Springfield,Oregon,West
MM-11118,Mary Martinez,Home Office,United States,Lodi,California,West
TG-11198,Timothy Gomez,Corporate,United States,Lubbock,Texas,Central
MW-10193,Michelle Wright,Corporate,United States,Decatur,Alabama,South
MC-11687,Mark Campbell,Consumer,United States,San Francisco,California,West
BH-12161,Barbara Hernandez,Consumer,United States,Independence,Missouri,Central
LR-10184,Laura Roberts,Home Office,United States,San Luis Obispo,California,West
AT-11490,Andrew Torres,Home Office,United States,Vancouver,Washington,West
AT-10112,Ashley Taylor,Consumer,United States,San Antonio,Texas,Central
KP-14081,Kenneth Phillips,Corporate,United States,Cambridge,Massachusetts,East
DM-13484,Donald Martinez,Corporate,United States,Harrisonburg,Virginia,South
JM-12427,Jessica Martinez,Corporate,United States,Paterson,New Jersey,East
AJ-10809,Ashley Johnson,Home Office,United States,Madison,Wisconsin,Central
DF-11350,Deborah Flores,Home Office,United States,Wausau,Wisconsin,Central
RM-12747,Ronald Martinez,Home Office,United States,Bakersfield,California,West
AC-13040,Anthony Cruz,Consumer,United States,Bristol,Tennessee,South
AH-12785,Amanda Hill,Consumer,United States,Sanford,Florida,South
MY-10227,Mary Young,Consumer,United States,Manteca,California,West
RB-13510,Richard Baker,Consumer,United States,Aberdeen,South Dakota,Central
JH-13627,James Hall,Corporate,United States,Decatur,Illinois,Central
MD-13073,Matthew Davis,Consumer,United States,Olathe,Kansas,Central
SS-11225,Stephanie Smith,Corporate,United States,Florence,Alabama,South
SW-10978,Susan Walker,Consumer,United States,Inglewood,California,West
SB-11391,Sharon Baker,Consumer,United States,Shelton,Connecticut,East
DB-10822,Donald Brown,Home Office,United States,Fremont,Nebraska,Central
TT-12666,Thomas Thomas,Home Office,United States,Columbia,Missouri,Central
EH-10633,Edward Hernandez,Home Office,United States,Cedar Hill,Texas,Central
PJ-10538,Paul Johnson,Home Office,United States,Kenner,Louisiana,South
PH-11873,Patricia Hall,Consumer,United States,Bartlett,Tennessee,South
ML-13294,Melissa Lee,Corporate,United States,Reno,Nevada,West
MM-10939,Michael Mitchell,Corporate,United States,Jackson,Tennessee,South
RA-11578,Robert Allen,Corporate,United States,Florence,South Carolina,South
BL-12592,Brian Lewis,Corporate,United States,Helena,Montana,West
LT-10121,Laura Thompson,Home Office,United States,Lansing,Michigan,Central
SE-13161,Sharon Evans,Corporate,United States,Hempstead,New York,East
RC-10404,Ronald Collins,Corporate,United States,Des Plaines,Illinois,Central
KC-13567,Kenneth Collins,Consumer,United States,Portage,Indiana,Central
DG-11704,Donald Green,Consumer,United States,Broomfield,Colorado,West
CS-14044,Carol Sanchez,Home Office,United States,Mesa,Arizona,West
KG-12803,Kenneth Green,Consumer,United States,Quincy,Illinois,Central
MM-12762,Mark Moore,Home Office,United States,Thomasville,North Carolina,South
BR-12606,Brian Ramirez,Consumer,United States,Troy,New York,East
DM-13721,Dorothy Moore,Home Office,United States,Rochester Hills,Michigan,Central
BA-11074,Betty Allen,Home Office,United States,Edmond,Oklahoma,Central
SS-11728,Sandra Smith,Corporate,United States,Buffalo Grove,Illinois,Central
SB-11548,Sarah Baker,Consumer,United States,Missouri City,Texas,Central
PP-13978,Paul Phillips,Consumer,United States,Washington,District of Columbia,East
PC-13875,Paul Carter,Consumer,United States,Sparks,Nevada,West
SA-10217,Steven Adams,Consumer,United States,Lafayette,Indiana,Central
AW-12795,Ashley White,Consumer,United States,Bartlett,Tennessee,South
LC-13255,Linda Collins,,United States,Roseville,Michigan,Central
AB-10294,Anthony Brown,Home Office,United States,Oceanside,California,West
SW-12983,Susan Wright,Corporate,United States,Maple Grove,Minnesota,Central
KW-10829,Kevin Williams,Corporate,United States,Columbia,Maryland,East
LR-13950,Laura Ramirez,Consumer,United States,Jamestown,New York,East
JC-12913,Joseph Clark,Home Office,United States,Bloomington,Indiana,Central
DW-11088,Daniel Wilson,Corporate,United States,Round Rock,Texas,Central
DH-13302,Donna Harris,Consumer,United States,Long Beach,California,West
NR-14156,Nancy Robinson,Home Office,United States,Mansfield,Texas,Central
JE-10566,Joshua Evans,Home Office,United States,Garland,Texas,Central
KH-10584,Kimberly Harris,Consumer,United States,Shelton,Connecticut,East
DW-10909,Dorothy Wilson,Corporate,United States,Jonesboro,Arkansas,South
LC-10849,Lisa Carter,Consumer,United States,Suffolk,Virginia,South
RH-13602,Robert Harris,Home Office,United States,Bowling Green,Kentucky,South
SR-11372,Stephanie Rodriguez,Corporate,United States,Grove City,Ohio,East
DB-11092,Donald Brown,Corporate,United States,Long Beach,California,West
BP-11371,Betty Perez,Corporate,United States,Florence,South Carolina,South
SM-11979,Sandra Martin,Corporate,United States,Logan,Utah,West
MB-13137,Melissa Brown,Corporate,United States,Columbia,Maryland,East
PE-13623,Patricia Evans,Consumer,United States,Philadelphia,Pennsylvania,East
DJ-11631,Daniel Johnson,Consumer,United States,Carol Stream,Illinois,Central
MP-14079,Mark Parker,Consumer,United States,Jacksonville,Florida,South
KT-10878,Karen Thomas,Home Office,United States,Newark,Delaware,East
KW-13415,Karen Walker,Home Office,United States,Carol Stream,Illinois,Central
SW-12379,Sandra Williams,,United States,Saint Paul,Minnesota,Central
AM-10151,Andrew Martin,Home Office,United States,Conroe,Texas,Central
SR-14178,Steven Roberts,Corporate,United States,Lansing,Michigan,Central
JS-10786,Jessica Scott,Corporate,United States,College Station,Texas,Central
AP-12725,Ashley Parker,Corporate,United States,Gilbert,Arizona,West
MG-10299,Mary Green,Home Office,United States,Mobile,Alabama,South
KF-12371,Karen Flores,Consumer,United States,Tucson,Arizona,West
RG-12481,Richard Garcia,Corporate,United States,Lawrence,Indiana,Central
PM-13629,Patricia Martin,Corporate,United States,Chapel Hill,North Carolina,South
BL-13991,Brian Lee,Corporate,United States,Bristol,Tennessee,South
SL-11099,Sarah Lopez,Corporate,United States,Memphis,Tennessee,South
CJ-13523,Carol Johnson,Consumer,United States,Carol Stream,Illinois,Central
JM-12333,Jennifer Martinez,Home Office,United States,Auburn,Washington,West
SR-10169,Sandra Rodriguez,Home Office,United States,Mount Pleasant,Michigan,Central
SS-13642,Susan Smith,Corporate,United States,Rockville,Maryland,East
RE-13911,Rebecca Evans,,United States,Plantation,Florida,South
JF-12037,Jeffrey Flores,Consumer,United States,Hesperia,California,West
BT-10165,Betty Thomas,Home Office,United States,Arlington,Texas,Central
LC-11380,Linda Carter,Home Office,United States,North Charleston,South Carolina,South
AA-11098,Andrew Allen,Corporate,United States,College Station,Texas,Central
AW-12930,Anthony Walker,Corporate,United States,Tampa,Florida,South
RC-13008,Ronald Clark,Consumer,United States,Keller,Texas,Central
CM-10245,Charles Miller,Corporate,United States,Olympia,Washington,West
DA-11501,Donna Adams,Home Office,United States,Inglewood,California,West
ME-10357,Michael Edwards,Corporate,United States,Wilmington,Delaware,East
AT-13704,Amanda Thompson,Corporate,United States,Lincoln Park,Michigan,Central
JS-11616,Jason Sanchez,Corporate,United States,Redmond,Oregon,West
AR-12246,Andrew Rodriguez,,United States,Iowa City,Iowa,Central
GT-14038,George Thomas,Consumer,United States,Richardson,Texas,Central
MJ-10512,Michelle Jackson,Consumer,United States,Daytona Beach,Florida,South
GE-11048,George Edwards,Consumer,United States,Camarillo,California,West
SJ-13779,Steven Jones,Home Office,United States,Linden,New Jersey,East
SH-11786,Steven Hall,Consumer,United States,Fresno,California,West
JH-11853,Jennifer Hall,Consumer,United States,League City,Texas,Central
NT-12215,Nancy Thomas,Consumer,United States,El Cajon,California,West
KN-12641,Kenneth Nelson,Consumer,United States,Thomasville,North Carolina,South
SL-12451,Sarah Lewis,Corporate,United States,Dearborn Heights,Michigan,Central
DR-12953,Deborah Roberts,Corporate,United States,Kent,Ohio,East
RM-12522,Richard Martinez,Consumer,United States,Fairfield,Connecticut,East
CH-14086,Carol Hernandez,Corporate,United States,Vallejo,California,West
RN-13921,Rebecca Nguyen,Home Office,United States,Saint Paul,Minnesota,Central
DM-13364,Donald Martinez,Consumer,United States,Glendale,Arizona,West
EC-10533,Emily Campbell,Corporate,United States,Eugene,Oregon,West
RP-12799,Richard Perez,Home Office,United States,Taylor,Michigan,Central
AH-12181,Anthony Hernandez,Consumer,United States,Sacramento,California,West
DW-12250,David Wright,Consumer,United States,Oklahoma City,Oklahoma,Central
JR-12012,James Rivera,Corporate,United States,Andover,Massachusetts,East
RS-13788,Rebecca Sanchez,Consumer,United States,Columbia,Tennessee,South
SM-10031,Sandra Martinez,Consumer,United States,Kent,Washington,West
AC-12687,Ashley Campbell,Consumer,United States,Port Saint Lucie,Florida,South
MW-14152,Mark Williams,Home Office,United States,Kenosha,Wisconsin,Central
GC-11478,George Cruz,Home Office,United States,Cincinnati,Ohio,East
JP-10214,Joshua Phillips,Home Office,United States,Lindenhurst,New York,East
JH-10983,Joseph Harris,Home Office,United States,Murfreesboro,Tennessee,South
EA-12688,Elizabeth Allen,Corporate,United States,Gladstone,Missouri,Central
EM-12759,Emily Moore,Consumer,United States,Superior,Wisconsin,Central
EL-11660,Emily Lewis,Home Office,United States,Marysville,Washington,West
JM-12779,John Moore,Home Office,United States,Woodbury,Minnesota,Central
JH-10578,John Hill,Home Office,United States,Chester,Pennsylvania,East
KH-11276,Karen Hernandez,Consumer,United States,Medina,Ohio,East
DN-13265,David Nelson,Corporate,United States,Brownsville,Texas,Central
PJ-12376,Paul Johnson,Corporate,United States,Portland,Oregon,West
MR-13460,Michael Robinson,Consumer,United States,Rancho Cucamonga,California,West
MJ-13431,Michael Jones,Home Office,United States,Wheeling,Illinois,Central
AT-10135,Amanda Turner,Corporate,United States,Goldsboro,North Carolina,South
BG-13583,Barbara Gonzalez,Corporate,United States,Raleigh,North Carolina,South
KH-10972,Karen Hernandez,Consumer,United States,Greensboro,North Carolina,South
DP-10941,Daniel Parker,,United States,Long Beach,California,West
AW-12191,Anthony Williams,Corporate,United States,Bloomington,Illinois,Central
SG-13987,Stephanie Garcia,,United States,Greenville,North Carolina,South
DC-11976,Dorothy Carter,Consumer,United States,Texas City,Texas,Central
DN-13959,Deborah Nguyen,Consumer,United States,Chico,California,West
MT-12449,Melissa Thomas,Consumer,United States,Thornton,Colorado,West
GA-11749,George Anderson,Corporate,United States,Delray Beach,Florida,South
MD-12366,Michael Davis,Corporate,United States,North Las Vegas,Nevada,West
DC-13201,David Clark,Corporate,United States,Chester,Pennsylvania,East
LD-13609,Linda Davis,,United States,Elkhart,Indiana,Central
RT-11232,Rebecca Turner,,United States,Pompano Beach,Florida,South
DC-11780,Daniel Cruz,Corporate,United States,Covington,Washington,West
EB-11143,Edward Baker,Consumer,United States,Macon,Georgia,South
MW-12987,Matthew Wilson,Consumer,United States,Hampton,Virginia,South
MJ-11465,Michelle Jones,Corporate,United States,Olympia,Washington,West
CR-13912,Carol Ramirez,Consumer,United States,Meriden,Connecticut,East
NP-10322,Nancy Parker,Corporate,United States,Des Moines,Washington,West
CD-11342,Chris Davis,Home Office,United States,Santa Barbara,California,West
CR-10195,Carol Ramirez,Corporate,United States,Marysville,Washington,West
CM-13451,Carol Martinez,Home Office,United States,Trenton,Michigan,Central
DG-10211,Dorothy Gonzalez,Home Office,United States,Morristown,New Jersey,East
RR-13722,Richard Ramirez,Consumer,United States,Springdale,Arkansas,South
LP-12888,Lisa Phillips,Corporate,United States,Santa Barbara,California,West
PJ-10592,Paul Jackson,Consumer,United States,Paterson,New Jersey,East
PN-13895,Patricia Nguyen,Corporate,United States,Colorado Springs,Colorado,West
MA-12457,Mary Adams,Home Office,United States,Charlotte,North Carolina,South
GR-13335,George Rodriguez,Home Office,United States,Dearborn Heights,Michigan,Central
EG-11652,Edward Garcia,Corporate,United States,Miami,Florida,South
ND-13376,Nancy Davis,Consumer,United States,Woodstock,Illinois,Central
RD-13761,Rebecca Diaz,Corporate,United States,Camarillo,California,West
DG-13077,Donna Gomez,Consumer,United States,Phoenix,Arizona,West
SN-10127,Stephanie Nelson,Corporate,United States,Coppell,Texas,Central
DD-13374,David Davis,Consumer,United States,Florence,Alabama,South
PR-12454,Paul Ramirez,Home Office,United States,Oak Park,Illinois,Central
EM-11744,Emily Mitchell,Corporate,United States,Plantation,Florida,South
JY-12146,Jeffrey Young,Consumer,United States,Belleville,New Jersey,East
DP-13792,Deborah Phillips,Consumer,United States,Smyrna,Georgia,South
MW-10087,Melissa Wright,Home Office,United States,Dallas,Texas,Central
ES-14077,Edward Smith,Home Office,United States,Cottage Grove,Minnesota,Central
SE-11359,Sandra Evans,Home Office,United States,Murrieta,California,West
JJ-13955,John Jones,Corporate,United States,Mishawaka,Indiana,Central
TC-10761,Timothy Collins,Corporate,United States,Pine Bluff,Arkansas,South
SC-10789,Steven Cruz,Corporate,United States,Santa Barbara,California,West
DR-13479,Deborah Ramirez,Corporate,United States,Yonkers,New York,East
JM-11688,Jennifer Martinez,Corporate,United States,Melbourne,Florida,South
BP-10456,Betty Parker,Corporate,United States,Roseville,California,West
GW-11154,George Wright,Home Office,United States,Kent,Washington,West
JB-11196,Jessica Brown,Corporate,United States,Oak Park,Illinois,Central
LR-14140,Laura Rivera,Home Office,United States,Waynesboro,Virginia,South
LC-11772,Lisa Cruz,Consumer,United States,San Clemente,California,West
KH-10961,Kevin Hall,,United States,Tallahassee,Florida,South
MM-10990,Melissa Martinez,Home Office,United States,Carol Stream,Illinois,Central
DA-11483,Donald Adams,Corporate,United States,Louisville,Kentucky,South
RG-12907,Ronald Garcia,Consumer,United States,Ontario,California,West
LM-12739,Linda Moore,Corporate,United States,Dallas,Texas,Central
MC-12873,Matthew Carter,Corporate,United States,Chico,California,West
JD-13158,John Davis,Corporate,United States,New Bedford,Massachusetts,East
BR-10982,Brian Rodriguez,Consumer,United States,Gaithersburg,Maryland,East
LM-13417,Linda Martinez,Home Office,United States,Denver,Colorado,West
NC-10198,Nancy Carter,Corporate,United States,Orange,New Jersey,East
PR-14067,Patricia Roberts,Corporate,United States,Oak Park,Michigan,Central
MF-11090,Michelle Flores,Home Office,United States,Thomasville,North Carolina,South
CE-13292,Chris Edwards,Consumer,United States,Scottsdale,Arizona,West
DD-11984,Donald Davis,Corporate,United States,Passaic,New Jersey,East
JA-10482,Joshua Allen,Corporate,United States,Apple Valley,Minnesota,Central
SC-13382,Sarah Collins,Home Office,United States,Norfolk,Nebraska,Central
SS-13582,Steven Sanchez,Corporate,United States,Burlington,Iowa,Central
SA-10594,Steven Anderson,Consumer,United States,Huntsville,Texas,Central
CH-10769,Chris Hall,Corporate,United States,Port Saint Lucie,Florida,South
SM-13403,Sandra Martinez,Corporate,United States,Atlantic City,New Jersey,East
MM-10470,Michael Martinez,Consumer,United States,Everett,Massachusetts,East
KW-13221,Kenneth White,Home Office,United States,Pomona,California,West
CM-10318,Chris Mitchell,Home Office,United States,Wausau,Wisconsin,Central
AR-12637,Anthony Roberts,Consumer,United States,Madison,Wisconsin,Central
JJ-12483,Joseph Johnson,Home Office,United States,Gilbert,Arizona,West
SB-13286,Sharon Brown,Corporate,United States,Lake Charles,Louisiana,South
WJ-11681,William Jackson,Home Office,United States,Canton,Michigan,Central
RP-10389,Ronald Perez,Consumer,United States,Glendale,Arizona,West
RG-14172,Rebecca Green,Consumer,United States,Santa Ana,California,West
GM-13922,George Martinez,,United States,Highland Park,Illinois,Central
KR-12686,Kenneth Ramirez,Home Office,United States,Mcallen,Texas,Central
RG-11817,Richard Gomez,Consumer,United States,Indianapolis,Indiana,Central
KS-13995,Kenneth Smith,Consumer,United States,Thomasville,North Carolina,South
DM-10380,Donna Mitchell,Corporate,United States,Cary,North Carolina,South
BY-10563,Barbara Young,Corporate,United States,Santa Barbara,California,West
BH-10267,Brian Hill,Corporate,United States,Avondale,Arizona,West
EW-13400,Emily Walker,Consumer,United States,Springfield,Ohio,East
PT-12385,Paul Torres,Corporate,United States,Avondale,Arizona,West
AT-12195,Ashley Thomas,Home Office,United States,Arlington,Virginia,South
KP-14131,Karen Perez,Corporate,United States,Manchester,Connecticut,East
SB-11211,Sandra Brown,Home Office,United States,Woodstock,Illinois,Central
MP-13644,Michael Perez,Home Office,United States,Homestead,Florida,South
KD-13853,Kevin Davis,Consumer,United States,Cincinnati,Ohio,East
BL-11166,Barbara Lewis,Corporate,United States,Pasadena,California,West
MP-10077,Mark Phillips,Consumer,United States,Garden City,Kansas,Central
AG-12497,Anthony Gomez,Consumer,United States,Vancouver,Washington,West
JK-13703,Jeffrey King,Corporate,United States,Salinas,California,West
SL-12056,Stephanie Lopez,Home Office,United States,El Paso,Texas,Central
AG-10536,Anthony Green,Consumer,United States,Lawton,Oklahoma,Central
DJ-10676,Deborah Jackson,Home Office,United States,Antioch,California,West
BW-12402,Brian Walker,Consumer,United States,Mason,Ohio,East
GG-11918,George Green,Corporate,United States,Santa Barbara,California,West
MC-10282,Mary Carter,Home Office,United States,Plano,Texas,Central
CJ-10812,Charles Johnson,Home Office,United States,La Mesa,California,West
SJ-10028,Sarah Jones,Home Office,United States,Cuyahoga Falls,Ohio,East
SH-13410,Sharon Hernandez,Consumer,United States,Rochester,Minnesota,Central
SC-11496,Sandra Cruz,Consumer,United States,Franklin,Wisconsin,Central
EM-11770,Elizabeth Miller,Corporate,United States,Columbus,Ohio,East
SH-10518,Stephanie Hill,Corporate,United States,Grove City,Ohio,East
RL-10880,Robert Lewis,Home Office,United States,Lehi,Utah,West
DA-13739,Donna Allen,Consumer,United States,Bakersfield,California,West
AL-10991,Amanda Lewis,Consumer,United States,Coral Springs,Florida,South
KP-11095,Kenneth Phillips,Consumer,United States,Normal,Illinois,Central
NA-10655,Nancy Allen,Home Office,United States,Chico,California,West
KW-12697,Karen White,Corporate,United States,Lubbock,Texas,Central
RR-12120,Richard Rodriguez,Consumer,United States,Orland Park,Illinois,Central
PT-12668,Patricia Turner,Corporate,United States,Waukesha,Wisconsin,Central
MK-13378,Margaret King,Home Office,United States,Burlington,Vermont,East
MY-12520,Melissa Young,Home Office,United States,Tyler,Texas,Central
EM-11832,Emily Moore,Consumer,United States,Macon,Georgia,South
EC-11977,Edward Carter,Home Office,United States,Logan,Utah,West
CG-11009,Charles Green,Corporate,United States,Ann Arbor,Michigan,Central
SM-13060,Sarah Mitchell,Home Office,United States,La Porte,Indiana,Central
WM-13169,William Miller,Consumer,United States,Kent,Ohio,East
JT-12947,John Thomas,Corporate,United States,Hialeah,Florida,South
ST-11611,Sharon Taylor,Home Office,United States,Round Rock,Texas,Central
LT-13529,Linda Thompson,Corporate,United States,Mount Pleasant,Michigan,Central
LG-10720,Linda Green,,United States,Springfield,Oregon,West
CR-12875,Chris Rivera,Home Office,United States,Bakersfield,California,West
BR-10098,Betty Rodriguez,Corporate,United States,Paterson,New Jersey,East
KT-11170,Kevin Thompson,Corporate,United States,West Palm Beach,Florida,South
RL-10472,Robert Lopez,Corporate,United States,Oak Park,Michigan,Central
LP-12013,Linda Parker,Consumer,United States,Muskogee,Oklahoma,Central
MG-12264,Mary Garcia,Corporate,United States,Montebello,California,West
ST-11317,Sarah Turner,Home Office,United States,Mount Pleasant,South Carolina,South
KG-10968,Kenneth Gomez,Consumer,United States,Rome,New York,East
KW-12039,Kenneth Wright,Corporate,United States,Arlington Heights,Illinois,Central
EP-12229,Elizabeth Parker,Home Office,United States,Roswell,Georgia,South
AG-11680,Anthony Gonzalez,Consumer,United States,Tampa,Florida,South
SS-13246,Susan Smith,Corporate,United States,Elyria,Ohio,East
BE-13171,Betty Evans,Corporate,United States,New York City,New York,East
ST-13241,Steven Thompson,Corporate,United States,San Antonio,Texas,Central
DH-12388,Donna Harris,Corporate,United States,Newport News,Virginia,South
BH-13631,Brian Hernandez,Home Office,United States,Grove City,Ohio,East
CS-11460,Carol Scott,Corporate,United States,Pasadena,Texas,Central
RT-10141,Richard Taylor,Home Office,United States,Pasadena,California,West
PR-10399,Patricia Rodriguez,Home Office,United States,Manhattan,Kansas,Central
SR-10223,Sandra Ramirez,Corporate,United States,Skokie,Illinois,Central
LA-10303,Linda Adams,Corporate,United States,Chester,Pennsylvania,East
CB-10088,Chris Brown,Home Office,United States,Carlsbad,New Mexico,West
SE-13248,Sandra Edwards,Consumer,United States,Roseville,Michigan,Central
SM-12031,Steven Moore,Home Office,United States,Hickory,North Carolina,South
LR-10589,Laura Rivera,Consumer,United States,Port Arthur,Texas,Central
CJ-12130,Carol Johnson,Home Office,United States,Marietta,Georgia,South
AG-13253,Ashley Gonzalez,Home Office,United States,Arvada,Colorado,West
JL-14073,Jessica Lee,Home Office,United States,Lewiston,Idaho,West
JL-10335,John Lee,Corporate,United States,Redlands,California,West
DY-12534,Deborah Young,Corporate,United States,Manchester,Connecticut,East
MT-13758,Mary Turner,Corporate,United States,Milford,Connecticut,East
ED-11530,Edward Davis,Corporate,United States,Columbus,Georgia,South
NM-14090,Nancy Mitchell,Consumer,United States,Marysville,Washington,West
RT-10871,Ronald Thomas,,United States,Kent,Ohio,East
GT-13442,George Thompson,Home Office,United States,Lakeland,Florida,South
AB-12048,Andrew Brown,Home Office,United States,Medford,Oregon,West
RG-11410,Robert Gomez,Home Office,United States,Ormond Beach,Florida,South
SE-10872,Sarah Evans,Corporate,United States,Apple Valley,California,West
KC-13504,Kimberly Campbell,Corporate,United States,Concord,North Carolina,South
BT-10212,Brian Turner,Consumer,United States,Vineland,New Jersey,East
ER-13866,Edward Robinson,Consumer,United States,Jacksonville,Florida,South
JW-11600,Jason Walker,Home Office,United States,Murray,Utah,West
DM-13616,Donald Miller,Home Office,United States,Plantation,Florida,South
DR-12590,Donald Ramirez,,United States,Chicago,Illinois,Central
SP-12690,Steven Parker,Consumer,United States,Oxnard,California,West
MT-11189,Michael Torres,Corporate,United States,Peoria,Illinois,Central
NP-11415,Nancy Perez,Corporate,United States,Woodstock,Illinois,Central
DR-13396,Donna Rivera,Home Office,United States,Manhattan,Kansas,Central
DJ-13917,Donna Johnson,Home Office,United States,Huntington Beach,California,West
WE-12239,William Edwards,Consumer,United States,Auburn,Alabama,South
BB-13808,Barbara Baker,Corporate,United States,Eugene,Oregon,West
SR-14051,Sarah Robinson,Consumer,United States,Clinton,Maryland,East
RW-11504,Ronald Walker,Home Office,United States,Madison,Wisconsin,Central
JR-11671,James Roberts,,United States,Lakewood,California,West
DS-10266,David Smith,Corporate,United States,Dearborn Heights,Michigan,Central
KE-13184,Kimberly Edwards,Home Office,United States,Missoula,Montana,West
ES-12196,Edward Smith,Consumer,United States,Tinley Park,Illinois,Central
CN-10959,Chris Nguyen,Home Office,United States,Fort Lauderdale,Florida,South
EM-10629,Elizabeth Miller,Corporate,United States,Carlsbad,New Mexico,West
AM-11234,Amanda Miller,Consumer,United States,Georgetown,Kentucky,South
LJ-12719,Laura Johnson,Home Office,United States,Lindenhurst,New York,East
JR-12010,Jason Rodriguez,Consumer,United States,Florence,South Carolina,South
KF-10158,Kenneth Flores,Consumer,United States,Bangor,Maine,East
RS-13755,Robert Smith,Home Office,United States,Waynesboro,Virginia,South
KH-10961,Kevin Hall,,United States,Tallahassee,Florida,South
DC-10442,David Carter,Home Office,United States,Edmond,Oklahoma,Central
CG-10693,Carol Gonzalez,Corporate,United States,Spokane,Washington,West
EF-11797,Emily Flores,Consumer,United States,Waterloo,Iowa,Central
SM-13259,Stephanie Moore,Corporate,United States,Lawrence,Massachusetts,East
BH-11071,Brian Hill,Consumer,United States,Bloomington,Illinois,Central
EW-10626,Edward White,Home Office,United States,Kenner,Louisiana,South
PT-11172,Patricia Turner,Home Office,United States,Eau Claire,Wisconsin,Central
JC-13450,Joseph Cruz,Home Office,United States,Royal Oak,Michigan,Central
LK-10059,Laura King,Consumer,United States,Fargo,North Dakota,Central
MG-11058,Melissa Garcia,Consumer,United States,Oswego,Illinois,Central
DT-12334,Daniel Thompson,Home Office,United States,Trenton,Michigan,Central
JK-12905,Joseph King,Home Office,United States,La Porte,Texas,Central
NM-10229,Nancy Moore,Home Office,United States,Kenosha,Wisconsin,Central
SW-10415,Sharon Wilson,Corporate,United States,Lakewood,California,West
BT-12511,Barbara Taylor,Home Office,United States,Edmonds,Washington,West
MW-14128,Matthew White,Home Office,United States,Columbia,Maryland,East
AW-12231,Amanda Wright,Corporate,United States,Green Bay,Wisconsin,Central
RM-13317,Richard Mitchell,Corporate,United States,Pearland,Texas,Central
DL-11883,Dorothy Lewis,Consumer,United States,Wheeling,Illinois,Central
DT-13192,Donna Thompson,Consumer,United States,Auburn,Washington,West
LR-12176,Lisa Rodriguez,Home Office,United States,Lawton,Oklahoma,Central
MR-11537,Margaret Rodriguez,Corporate,United States,Laguna Niguel,California,West
MT-12553,Michael Turner,Home Office,United States,Las Cruces,New Mexico,West
KT-13250,Karen Thompson,Consumer,United States,Richmond,Kentucky,South
LR-12959,Linda Rivera,Corporate,United States,Salem,Oregon,West
PG-13230,Patricia Garcia,Home Office,United States,Bristol,Connecticut,East
SW-12640,Sarah White,Corporate,United States,Lawrence,Indiana,Central
LS-10892,Lisa Sanchez,Home Office,United States,Danville,California,West
RT-12849,Robert Thompson,Home Office,United States,Rochester,Minnesota,Central
RR-12787,Robert Rodriguez,Home Office,United States,Bellevue,Washington,West
SR-13289,Steven Ramirez,Corporate,United States,San Antonio,Texas,Central
SJ-12409,Susan Jackson,Consumer,United States,Kent,Washington,West
JC-11492,Joseph Carter,Consumer,United States,Roseville,Michigan,Central
WD-12180,William Davis,Corporate,United States,Logan,Utah,West
AN-11293,Anthony Nelson,Home Office,United States,Peoria,Illinois,Central
DR-12202,Deborah Rodriguez,Consumer,United States,Conroe,Texas,Central
KH-11002,Kenneth Hill,Home Office,United States,Lakeville,Minnesota,Central
SN-13868,Sarah Nguyen,Corporate,United States,Apple Valley,Minnesota,Central
SE-11627,Susan Evans,Corporate,United States,Laguna Niguel,California,West
MH-10038,Margaret Hill,Corporate,United States,Saginaw,Michigan,Central
CC-12812,Chris Cruz,Consumer,United States,Medina,Ohio,East
SP-12467,Sarah Parker,Corporate,United States,Belleville,New Jersey,East
RL-12115,Richard Lopez,Consumer,United States,Wheeling,West Virginia,East
LC-12003,Laura Carter,Consumer,United States,Henderson,Kentucky,South
JL-12152,Jessica Lopez,Home Office,United States,Columbus,Ohio,East
MG-13453,Mark Gomez,Corporate,United States,Mesa,Arizona,West
KM-10209,Karen Miller,Consumer,United States,East Orange,New Jersey,East
SR-13881,Sandra Ramirez,Home Office,United States,Marlborough,Massachusetts,East
JW-11033,Jessica Williams,Corporate,United States,Yuma,Arizona,West
KW-13245,Karen Walker,Corporate,United States,Missoula,Montana,West
ST-10264,Susan Taylor,Consumer,United States,Taylor,Michigan,Central
KG-12464,Karen Garcia,Corporate,United States,Pleasant Grove,Utah,West
TW-13810,Timothy Walker,Corporate,United States,Draper,Utah,West
MJ-13772,Mary Jackson,Consumer,United States,Lawton,Oklahoma,Central
NM-13297,Nancy Martin,Consumer,United States,New Rochelle,New York,East
DN-13694,Deborah Nelson,Consumer,United States,Chandler,Arizona,West
TL-11390,Timothy Lewis,Home Office,United States,Las Vegas,Nevada,West
SM-12073,Sarah Moore,Corporate,United States,Franklin,Massachusetts,East
AC-11960,Andrew Carter,Home Office,United States,Perth Amboy,New Jersey,East
JC-12079,James Clark,Home Office,United States,Franklin,Massachusetts,East
RW-12426,Richard White,Consumer,United States,Hattiesburg,Mississippi,South
JR-10247,James Rivera,Consumer,United States,Texas City,Texas,Central
TG-13869,Timothy Garcia,Corporate,United States,Denver,Colorado,West
TW-10368,Thomas Wright,Corporate,United States,Fayetteville,Arkansas,South
SA-13527,Susan Anderson,Home Office,United States,Margate,Florida,South
LR-10534,Linda Roberts,Consumer,United States,Keller,Texas,Central
MB-10902,Michael Baker,Home Office,United States,Lancaster,California,West
DG-12338,Dorothy Gonzalez,Consumer,United States,Muskogee,Oklahoma,Central
AJ-12352,Anthony Jackson,Consumer,United States,Baytown,Texas,Central
EF-11733,Elizabeth Flores,Corporate,United States,Meriden,Connecticut,East
RN-12285,Rebecca Nguyen,Corporate,United States,Columbia,Missouri,Central
RE-12937,Robert Evans,Home Office,United States,San Mateo,California,West
EP-14062,Elizabeth Phillips,Consumer,United States,Arlington,Virginia,South
RJ-11962,Richard Jackson,Home Office,United States,Olathe,Kansas,Central
SJ-12800,Stephanie Johnson,Home Office,United States,Cedar Rapids,Iowa,Central
EP-11808,Elizabeth Parker,Consumer,United States,Spokane,Washington,West
JS-12108,Joseph Smith,Home Office,United States,Apple Valley,Minnesota,Central
AR-10690,Amanda Roberts,Consumer,United States,Laredo,Texas,Central
LC-10051,Lisa Cruz,Consumer,United States,San Bernardino,California,West
DG-13579,Donald Gonzalez,Corporate,United States,Lowell,Massachusetts,East
RS-10698,Rebecca Sanchez,Consumer,United States,Clovis,New Mexico,West
KG-13228,Kenneth Garcia,Home Office,United States,Cincinnati,Ohio,East
CR-12519,Chris Ramirez,Corporate,United States,Lancaster,California,West
KM-13730,Karen Martin,Corporate,United States,Hackensack,New Jersey,East
CY-11091,Charles Young,Home Office,United States,Carol Stream,Illinois,Central
PT-14174,Paul Torres,Home Office,United States,Lansing,Michigan,Central
DC-12471,Daniel Clark,,United States,Hillsboro,Oregon,West
RB-11210,Rebecca Brown,Consumer,United States,Pomona,California,West
CA-10694,Charles Adams,Consumer,United States,Akron,Ohio,East
DB-12299,David Brown,Corporate,United States,Fayetteville,North Carolina,South
LA-10189,Laura Anderson,Consumer,United States,Roseville,Michigan,Central
CW-11669,Charles Walker,Consumer,United States,Wilson,North Carolina,South
JA-12540,John Adams,Corporate,United States,Elkhart,Indiana,Central
SC-13877,Stephanie Carter,Consumer,United States,Rockville,Maryland,East
MT-11430,Margaret Turner,Consumer,United States,Miami,Florida,South
SM-11987,Steven Miller,Home Office,United States,Conroe,Texas,Central
ME-11454,Melissa Edwards,Consumer,United States,Thousand Oaks,California,West
MC-10598,Michelle Cruz,Consumer,United States,Saint Petersburg,Florida,South
MS-10494,Michael Scott,Corporate,United States,Sterling Heights,Michigan,Central
KM-12911,Karen Mitchell,Corporate,United States,Fremont,Nebraska,Central
MA-11562,Michelle Adams,Corporate,United States,Des Plaines,Illinois,Central
MP-12257,Mark Perez,Home Office,United States,Gastonia,North Carolina,South
MS-12251,Mary Sanchez,Consumer,United States,Norfolk,Nebraska,Central
JM-10825,Jason Miller,Consumer,United States,Eugene,Oregon,West
BS-12281,Barbara Scott,Home Office,United States,Hattiesburg,Mississippi,South
SS-11990,Sandra Sanchez,Consumer,United States,North Miami,Florida,South
GL-13981,George Lewis,Consumer,United States,Des Plaines,Illinois,Central
DS-12009,Donna Smith,Corporate,United States,Utica,New York,East
BT-12313,Brian Turner,Home Office,United States,Palatine,Illinois,Central
EC-11169,Elizabeth Carter,Consumer,United States,Quincy,Illinois,Central
JW-10759,Joseph Wright,Consumer,United States,Coral Springs,Florida,South
ML-11866,Michael Lewis,Consumer,United States,Mentor,Ohio,East
LN-12536,Lisa Nguyen,Corporate,United States,Huntington Beach,California,West
EM-10109,Emily Martinez,,United States,Bayonne,New Jersey,East
DA-11366,Donald Allen,Home Office,United States,Lancaster,Pennsylvania,East
DE-11972,Donald Edwards,Consumer,United States,Carlsbad,New Mexico,West
RB-14146,Rebecca Baker,Home Office,United States,Stockton,California,West
DH-11291,Donald Hall,Consumer,United States,Waynesboro,Virginia,South
RJ-12100,Robert Jones,Home Office,United States,Romeoville,Illinois,Central
BH-13061,Betty Hall,Consumer,United States,Leominster,Massachusetts,East
EP-11621,Elizabeth Phillips,Corporate,United States,Cleveland,Ohio,East
AA-10270,Amanda Anderson,Home Office,United States,Smyrna,Tennessee,South
JT-11274,Jeffrey Thompson,Consumer,United States,Perth Amboy,New Jersey,East
KC-10884,Kenneth Collins,Consumer,United States,Hackensack,New Jersey,East
MC-12633,Mark Carter,Corporate,United States,Buffalo Grove,Illinois,Central
PT-11967,Paul Thompson,Corporate,United States,Modesto,California,West
KM-11294,Kimberly Moore,Corporate,United States,Laredo,Texas,Central
RR-10177,Robert Rivera,Consumer,United States,Bristol,Connecticut,East
JD-11341,Jennifer Diaz,Corporate,United States,Cedar Hill,Texas,Central
SM-13776,Sandra Moore,Consumer,United States,Fremont,Nebraska,Central
RT-12046,Ronald Torres,Consumer,United States,Allen,Texas,Central
JW-13238,Joshua Williams,Consumer,United States,Daytona Beach,Florida,South
KB-11264,Kenneth Brown,Corporate,United States,Seattle,Washington,West
SH-10207,Sandra Hall,Corporate,United States,Everett,Massachusetts,East
LH-12054,Linda Hill,Home Office,United States,Linden,New Jersey,East
TA-10716,Thomas Adams,Home Office,United States,Bellingham,Washington,West
EH-13028,Edward Harris,Consumer,United States,Edinburg,Texas,Central
DN-12173,Donald Nguyen,Consumer,United States,Helena,Montana,West
AM-13690,Ashley Mitchell,Home Office,United States,Passaic,New Jersey,East
DG-13625,David Garcia,Home Office,United States,Murrieta,California,West
TA-13530,Timothy Adams,,United States,Woodland,California,West
SP-13903,Steven Parker,Home Office,United States,Mcallen,Texas,Central
RB-13069,Richard Brown,Consumer,United States,Toledo,Ohio,East
SE-10631,Sharon Edwards,Corporate,United States,Evanston,Illinois,Central
DC-12625,Deborah Cruz,,United States,Sheboygan,Wisconsin,Central
BH-11517,Betty Hill,Home Office,United States,Marion,Iowa,Central
JM-11711,Joshua Martinez,Consumer,United States,Murray,Utah,West
EJ-10749,Edward Johnson,Corporate,United States,Broomfield,Colorado,West
TR-11404,Thomas Rodriguez,Home Office,United States,Trenton,Michigan,Central
MH-12134,Michelle Hernandez,Consumer,United States,Saginaw,Michigan,Central
BC-11128,Barbara Campbell,Home Office,United States,Los Angeles,California,West
MM-13689,Michael Martin,Corporate,United States,Bangor,Maine,East
GS-13138,George Sanchez,Home Office,United States,Springfield,Missouri,Central
GP-12634,George Parker,Consumer,United States,Pembroke Pines,Florida,South
KL-14007,Kevin Lopez,Consumer,United States,Paterson,New Jersey,East
JD-11915,Joshua Diaz,Corporate,United States,Stockton,California,West
MM-12055,Melissa Martinez,Corporate,United States,The Colony,Texas,Central
JC-10692,Jeffrey Cruz,Corporate,United States,Pensacola,Florida,South
RT-10390,Ronald Torres,Consumer,United States,Jonesboro,Arkansas,South
KK-11784,Karen King,Corporate,United States,Phoenix,Arizona,West
ME-11970,Michelle Edwards,Home Office,United States,Midland,Michigan,Central
MR-12887,Mark Robinson,Corporate,United States,Superior,Wisconsin,Central
AA-13232,Amanda Allen,Corporate,United States,Salem,Oregon,West
EC-10232,Emily Carter,Home Office,United States,New Bedford,Massachusetts,East
LT-12695,Lisa Torres,Consumer,United States,Fairfield,Ohio,East
MG-12474,Mark Gomez,Consumer,United States,Salem,Oregon,West
LP-12931,Laura Parker,Consumer,United States,Richmond,Indiana,Central
ML-10280,Melissa Lee,Consumer,United States,North Las Vegas,Nevada,West
WR-14181,William Robinson,Corporate,United States,Lodi,California,West
DG-12038,Donald Green,Home Office,United States,Inglewood,California,West
RR-12373,Ronald Robinson,Corporate,United States,Monroe,North Carolina,South
EH-13385,Elizabeth Harris,Home Office,United States,The Colony,Texas,Central
KW-12424,Kenneth Wright,Home Office,United States,Covington,Washington,West
MP-10545,Matthew Parker,,United States,Avondale,Arizona,West
WB-13728,William Baker,Corporate,United States,Yonkers,New York,East
LW-13576,Laura Wilson,Corporate,United States,Rochester,Minnesota,Central
RC-13831,Robert Clark,Home Office,United States,Belleville,New Jersey,East
NH-13630,Nancy Hall,Corporate,United States,Orange,New Jersey,East
RC-12718,Richard Carter,Home Office,United States,Pensacola,Florida,South
KT-13545,Kenneth Torres,Home Office,United States,Meridian,Idaho,West
ME-10171,Michelle Evans,Corporate,United States,Holland,Michigan,Central
SA-11818,Sandra Adams,Consumer,United States,San Francisco,California,West
MK-13516,Margaret King,Consumer,United States,Bangor,Maine,East
CT-12868,Chris Thomas,Home Office,United States,Monroe,Louisiana,South
KE-14025,Kenneth Evans,Corporate,United States,Newark,Ohio,East
EG-10333,Edward Green,Corporate,United States,Des Moines,Washington,West
MD-13528,Matthew Davis,Corporate,United States,Jefferson City,Missouri,Central
JM-13964,Joseph Martin,Corporate,United States,Oak Park,Michigan,Central
TM-12288,Thomas Martin,Consumer,United States,Yuma,Arizona,West
BR-13517,Barbara Robinson,Corporate,United States,Baytown,Texas,Central
DH-13323,Donna Hall,Home Office,United States,Fremont,Nebraska,Central
MC-12665,Mary Cruz,Home Office,United States,El Cajon,California,West
AR-12560,Amanda Rivera,Corporate,United States,Cary,North Carolina,South
MR-12908,Margaret Roberts,Consumer,United States,Rock Hill,South Carolina,South
KS-11999,Karen Sanchez,Home Office,United States,Santa Clara,California,West
GL-12854,George Lopez,Home Office,United States,Sioux Falls,South Dakota,Central
AG-13943,Ashley Green,Consumer,United States,Rockford,Illinois,Central
RY-11027,Robert Young,Home Office,United States,Sandy Springs,Georgia,South
DT-11082,Donna Taylor,Consumer,United States,Chapel Hill,North Carolina,South
EM-14048,Elizabeth Miller,Corporate,United States,Mason,Ohio,East
LT-13301,Lisa Thomas,Consumer,United States,Kenosha,Wisconsin,Central
JL-12513,Jennifer Lee,Corporate,United States,Glenview,Illinois,Central
MJ-10547,Melissa Johnson,Consumer,United States,La Quinta,California,West
JW-10650,John Williams,Consumer,United States,Bristol,Tennessee,South
SG-13437,Sarah Garcia,Home Office,United States,Twin Falls,Idaho,West
CH-12005,Charles Harris,Corporate,United States,Hagerstown,Maryland,East
MR-12548,Matthew Roberts,Corporate,United States,Temecula,California,West
PS-12387,Patricia Sanchez,Corporate,United States,Carrollton,Texas,Central
NH-12841,Nancy Hernandez,Corporate,United States,Wilmington,North Carolina,South
DC-12870,Donna Cruz,Consumer,United States,Frankfort,Illinois,Central
AR-13727,Andrew Ramirez,Home Office,United States,Saint Louis,Missouri,Central
JL-13891,Jason Lopez,Corporate,United States,Freeport,Illinois,Central
JC-12997,Joshua Collins,Corporate,United States,Springdale,Arkansas,South
MR-11699,Melissa Roberts,Home Office,United States,Manchester,Connecticut,East
TS-11625,Thomas Scott,,United States,Mansfield,Texas,Central
JC-14120,Jennifer Cruz,Consumer,United States,Escondido,California,West
MF-12575,Mark Flores,Corporate,United States,Kent,Washington,West
AS-12259,Amanda Scott,Corporate,United States,Norman,Oklahoma,Central
SC-12551,Stephanie Collins,Home Office,United States,Peoria,Arizona,West
TB-12791,Thomas Baker,Corporate,United States,Andover,Massachusetts,East
SG-11840,Stephanie Gonzalez,Corporate,United States,Grove City,Ohio,East
MT-10796,Matthew Torres,Corporate,United States,Thomasville,North Carolina,South
BE-10917,Barbara Evans,Home Office,United States,Reading,Pennsylvania,East
SR-14179,Susan Robinson,Consumer,United States,El Paso,Texas,Central
CM-10582,Carol Moore,Consumer,United States,Pomona,California,West
AC-12062,Andrew Campbell,Consumer,United States,Malden,Massachusetts,East
AL-13347,Ashley Lopez,Consumer,United States,Rome,New York,East
CR-12088,Charles Robinson,Home Office,United States,Morristown,New Jersey,East
ST-10092,Sharon Thomas,Consumer,United States,Yucaipa,California,West
TF-13762,Timothy Flores,Home Office,United States,Wichita,Kansas,Central
CW-11164,Carol Wright,Consumer,United States,Eau Claire,Wisconsin,Central
SJ-12614,Susan Jackson,Home Office,United States,Saint Petersburg,Florida,South
JB-10687,Jessica Brown,Consumer,United States,Glenview,Illinois,Central
LT-10913,Linda Taylor,Home Office,United States,Bethlehem,Pennsylvania,East
LT-13200,Lisa Torres,Home Office,United States,Conway,Arkansas,South
RM-11207,Robert Martin,Corporate,United States,Buffalo Grove,Illinois,Central
AL-11466,Ashley Lewis,Home Office,United States,Huntsville,Alabama,South
RA-11586,Ronald Anderson,Corporate,United States,Deltona,Florida,South
TG-12133,Timothy Gomez,Corporate,United States,Quincy,Illinois,Central
SM-10943,Stephanie Mitchell,Home Office,United States,Mason,Ohio,East
CE-13715,Charles Evans,Consumer,United States,Fayetteville,Arkansas,South
CW-12399,Chris Williams,Home Office,United States,La Crosse,Wisconsin,Central
NT-11353,Nancy Thompson,Home Office,United States,Medford,Oregon,West
DC-12831,Donna Cruz,Consumer,United States,West Palm Beach,Florida,South
TD-12295,Timothy Davis,Home Office,United States,Bakersfield,California,West
DT-12964,David Turner,Home Office,United States,Dover,Delaware,East
TM-13765,Timothy Mitchell,Consumer,United States,New Bedford,Massachusetts,East
MT-11214,Mary Thomas,Corporate,United States,Waukesha,Wisconsin,Central
SC-11202,Sarah Campbell,Home Office,United States,Port Saint Lucie,Florida,South
JE-11345,James Evans,Home Office,United States,Austin,Texas,Central
JH-10868,Joshua Hall,Corporate,United States,Oakland,California,West
RP-12203,Ronald Parker,Home Office,United States,Vacaville,California,West
RJ-13263,Richard Jackson,Consumer,United States,Bloomington,Illinois,Central
TR-10374,Timothy Robinson,Home Office,United States,Chesapeake,Virginia,South
SH-13086,Sharon Hall,Home Office,United States,Overland Park,Kansas,Central
PH-12919,Paul Harris,Corporate,United States,Oceanside,California,West
KM-10711,Kevin Miller,Consumer,United States,Riverside,California,West
DD-11043,Deborah Diaz,Corporate,United States,Lakewood,Ohio,East
AM-11132,Ashley Martinez,Home Office,United States,Lincoln Park,Michigan,Central
TC-11241,Thomas Collins,Corporate,United States,Odessa,Texas,Central
JT-11880,Jennifer Taylor,Home Office,United States,Quincy,Massachusetts,East
AH-12783,Ashley Hernandez,Consumer,United States,Longmont,Colorado,West
CE-12435,Carol Edwards,Consumer,United States,Urbandale,Iowa,Central
SS-12187,Sarah Smith,Home Office,United States,Baytown,Texas,Central
KC-11015,Kenneth Carter,Corporate,United States,Dublin,Ohio,East
CA-13734,Chris Allen,Corporate,United States,Tallahassee,Florida,South
AA-13218,Amanda Allen,Home Office,United States,Palm Coast,Florida,South
EC-13846,Edward Cruz,Home Office,United States,Goldsboro,North Carolina,South
DG-13052,Deborah Garcia,Corporate,United States,Apple Valley,Minnesota,Central
JL-11949,Jennifer Lewis,Consumer,United States,Buffalo Grove,Illinois,Central
DA-13371,Daniel Adams,Consumer,United States,Henderson,Nevada,West
DT-11546,Donna Taylor,Home Office,United States,El Paso,Texas,Central
AT-10340,Amanda Thomas,Home Office,United States,Santa Barbara,California,West
RN-12279,Robert Nguyen,Consumer,United States,Troy,Ohio,East
DC-13824,Donald Collins,Home Office,United States,Carrollton,Texas,Central
KT-10210,Karen Torres,Corporate,United States,Troy,Ohio,East
MT-12553,Michael Turner,Home Office,United States,Las Cruces,New Mexico,West
DM-13423,David Moore,Home Office,United States,Lowell,Massachusetts,East
CW-12216,Carol Walker,Home Office,United States,Oswego,Illinois,Central
DR-10004,Donna Ramirez,Consumer,United States,Portland,Oregon,West
SJ-13812,Stephanie Jones,,United States,Wichita,Kansas,Central
WY-11716,William Young,Corporate,United States,Freeport,New York,East
DT-13421,Dorothy Turner,Home Office,United States,Appleton,Wisconsin,Central
DB-10637,Daniel Brown,Corporate,United States,Carlsbad,New Mexico,West
LH-11228,Laura Harris,Corporate,United States,Coachella,California,West
ER-13606,Edward Ramirez,Corporate,United States,Ormond Beach,Florida,South
SC-13862,Susan Collins,Home Office,United States,Laredo,Texas,Central
KL-11891,Kenneth Lopez,Consumer,United States,Concord,California,West
JL-11944,Jason Lee,Corporate,United States,Portland,Oregon,West
KL-12810,Kenneth Lewis,Consumer,United States,East Orange,New Jersey,East
AH-11942,Andrew Hill,Consumer,United States,Billings,Montana,West
MK-11735,Michael King,Consumer,United States,Detroit,Michigan,Central
SM-13975,Sarah Martinez,Consumer,United States,Tucson,Arizona,West
AH-10289,Anthony Hall,Corporate,United States,Clovis,New Mexico,West
KH-10998,Kimberly Hill,Consumer,United States,Chico,California,West
JW-11050,Joseph Wright,Home Office,United States,Holyoke,Massachusetts,East
JW-10348,Jason Walker,Consumer,United States,Richmond,Kentucky,South
LW-11477,Laura Wright,Corporate,United States,Saint Peters,Missouri,Central
MH-10858,Matthew Hernandez,Corporate,United States,Dearborn,Michigan,Central
KA-13640,Kevin Adams,Home Office,United States,Jonesboro,Arkansas,South
AM-14106,Andrew Miller,Home Office,United States,Atlanta,Georgia,South
AA-11124,Ashley Adams,Consumer,United States,Stockton,California,West
ML-12827,Michelle Lewis,Consumer,United States,Torrance,California,West
SD-10935,Steven Davis,Consumer,United States,Marlborough,Massachusetts,East
DR-13735,Daniel Ramirez,Corporate,United States,Waterbury,Connecticut,East
WR-11208,William Roberts,Home Office,United States,Waterloo,Iowa,Central
BC-13089,Brian Carter,Corporate,United States,Coppell,Texas,Central
AY-13349,Andrew Young,Home Office,United States,Garland,Texas,Central
BM-13568,Barbara Martin,Consumer,United States,Philadelphia,Pennsylvania,East
WF-12052,William Flores,Corporate,United States,Raleigh,North Carolina,South
MR-12503,Matthew Rivera,Home Office,United States,Thornton,Colorado,West
TT-10816,Timothy Thompson,Corporate,United States,Tigard,Oregon,West
JT-10118,John Turner,Home Office,United States,Frisco,Texas,Central
RW-12208,Ronald Wilson,Home Office,United States,Belleville,New Jersey,East
MC-11352,Michael Carter,Consumer,United States,Greenville,North Carolina,South
TS-13472,Timothy Scott,Consumer,United States,San Francisco,California,West
LN-11047,Lisa Nguyen,Consumer,United States,Oak Park,Michigan,Central
AR-12219,Amanda Ramirez,Consumer,United States,Olathe,Kansas,Central
SL-10315,Sandra Lee,Home Office,United States,Boca Raton,Florida,South
MR-13405,Melissa Rodriguez,Home Office,United States,Concord,California,West
MM-12104,Matthew Moore,Home Office,United States,Burlington,North Carolina,South
LW-13204,Linda Wright,,United States,Jackson,Mississippi,South
RT-13495,Richard Thompson,Corporate,United States,West Allis,Wisconsin,Central
GN-13963,George Nguyen,Consumer,United States,Redmond,Oregon,West
RL-13988,Robert Lee,Home Office,United States,Mount Vernon,New York,East
TR-10585,Thomas Roberts,Home Office,United States,Allen,Texas,Central
KR-11534,Kimberly Ramirez,Corporate,United States,Fairfield,California,West
KM-11201,Karen Mitchell,Corporate,United States,Cranston,Rhode Island,East
DP-13447,Donna Parker,Corporate,United States,Columbus,Ohio,East
TC-13672,Timothy Cruz,Corporate,United States,Skokie,Illinois,Central
BT-13031,Barbara Taylor,Corporate,United States,Lake Charles,Louisiana,South
JK-10230,James King,Consumer,United States,Murrieta,California,West
AN-12076,Amanda Nguyen,Home Office,United States,Washington,District of Columbia,East
BA-11603,Betty Anderson,Consumer,United States,Aberdeen,South Dakota,Central
MT-11408,Michelle Turner,Corporate,United States,Oklahoma City,Oklahoma,Central
CN-12915,Chris Nguyen,Home Office,United States,Gilbert,Arizona,West
JR-12308,James Rodriguez,Corporate,United States,Redwood City,California,West
AA-10841,Ashley Anderson,Home Office,United States,Bowling Green,Ohio,East
RS-13412,Robert Smith,Corporate,United States,Elyria,Ohio,East
TN-11445,Timothy Nelson,Corporate,United States,Minneapolis,Minnesota,Central
KJ-11461,Kevin Jones,Consumer,United States,North Las Vegas,Nevada,West
SL-10710,Steven Lee,Corporate,United States,Saint Petersburg,Florida,South
ST-11199,Sarah Turner,Home Office,United States,Grand Island,Nebraska,Central
BB-10253,Barbara Brown,Corporate,United States,Newark,Delaware,East
SJ-10621,Sandra Jones,Consumer,United States,Denver,Colorado,West
SF-10410,Sarah Flores,Home Office,United States,Springdale,Arkansas,South
ML-13873,Matthew Lopez,Home Office,United States,Woonsocket,Rhode Island,East
TA-10551,Timothy Adams,Home Office,United States,Salinas,California,West
LP-12860,Lisa Phillips,Home Office,United States,Waukesha,Wisconsin,Central
ED-12383,Edward Davis,Home Office,United States,Elyria,Ohio,East
AA-12367,Ashley Anderson,Consumer,United States,Anaheim,California,West
DT-13787,Donna Thompson,Home Office,United States,San Luis Obispo,California,West
MF-13000,Mary Flores,Corporate,United States,Costa Mesa,California,West
DM-13855,Dorothy Mitchell,Consumer,United States,La Quinta,California,West
JT-13638,Jennifer Taylor,Home Office,United States,Apopka,Florida,South
KL-13634,Kenneth Lewis,Home Office,United States,Rochester,New York,East
PW-11605,Paul Williams,Corporate,United States,La Mesa,California,West
MW-12124,Mary Williams,Consumer,United States,Sioux Falls,South Dakota,Central
SH-10552,Sandra Hall,Home Office,United States,Lehi,Utah,West
JC-11599,James Carter,Consumer,United States,West Palm Beach,Florida,South
NM-12957,Nancy Mitchell,Consumer,United States,San Mateo,California,West
LM-10400,Linda Mitchell,Corporate,United States,Saginaw,Michigan,Central
TC-11831,Thomas Cruz,Consumer,United States,Eau Claire,Wisconsin,Central
MM-10124,Melissa Martinez,,United States,Smyrna,Georgia,South
CD-13941,Chris Davis,Corporate,United States,Taylor,Michigan,Central
DW-14010,Daniel Wright,Corporate,United States,Moreno Valley,California,West
KH-13726,Karen Hill,Consumer,United States,Lakewood,Ohio,East
SW-11265,Sarah Wilson,Home Office,United States,Omaha,Nebraska,Central
BP-13679,Barbara Perez,Consumer,United States,Sandy Springs,Georgia,South
MT-13068,Mark Torres,Consumer,United States,Reno,Nevada,West
CN-10568,Chris Nelson,Corporate,United States,Springfield,Oregon,West
SS-10297,Sarah Scott,Corporate,United States,Mesa,Arizona,West
RC-10149,Richard Clark,Home Office,United States,Orange,New Jersey,East
JA-11440,James Adams,Home Office,United States,Whittier,California,West
SR-11223,Sharon Roberts,Corporate,United States,Fremont,Nebraska,Central
AK-10857,Andrew King,Home Office,United States,Edmonds,Washington,West
KH-11278,Kimberly Hill,Corporate,United States,Waterloo,Iowa,Central
GT-11647,George Thomas,Home Office,United States,Allentown,Pennsylvania,East
LP-13243,Linda Perez,Home Office,United States,Pomona,California,West
LC-10641,Lisa Carter,Corporate,United States,Temecula,California,West
BA-11484,Betty Anderson,Home Office,United States,Woodstock,Georgia,South
AR-14108,Andrew Roberts,Home Office,United States,Olathe,Kansas,Central
SJ-10028,Sarah Jones,Home Office,United States,Cuyahoga Falls,Ohio,East
KL-12017,Kevin Lopez,Consumer,United States,Oak Park,Illinois,Central
JR-11151,Jeffrey Ramirez,Consumer,United States,Mount Vernon,New York,East
DN-13300,Deborah Nguyen,Home Office,United States,Oxnard,California,West
DH-10893,Donna Hall,Consumer,United States,Draper,Utah,West
SM-12311,Susan Martinez,Consumer,United States,Pocatello,Idaho,West
KM-12539,Kenneth Moore,Corporate,United States,Fort Worth,Texas,Central
RM-11708,Ronald Moore,Consumer,United States,San Luis Obispo,California,West
MC-10696,Melissa Campbell,Consumer,United States,Columbus,Ohio,East
AT-11587,Anthony Thompson,Home Office,United States,Nashua,New Hampshire,East
DC-11932,Donald Collins,Consumer,United States,Pasco,Washington,West
DW-10506,Deborah Wright,Consumer,United States,Beverly,Massachusetts,East
MM-12368,Michael Mitchell,Consumer,United States,Monroe,Louisiana,South
CC-10311,Charles Campbell,Home Office,United States,Broomfield,Colorado,West
GW-14192,George White,Corporate,United States,New Castle,Indiana,Central
AC-10541,Andrew Clark,Home Office,United States,Round Rock,Texas,Central
MJ-14002,Margaret Jones,Home Office,United States,Roseville,Minnesota,Central
JP-11337,Jessica Perez,Consumer,United States,Auburn,Washington,West
SP-10125,Stephanie Phillips,Corporate,United States,Lancaster,Pennsylvania,East
MT-10889,Michael Taylor,Home Office,United States,Greenville,North Carolina,South
RM-11737,Richard Miller,Consumer,United States,Kirkwood,Missouri,Central
JA-11777,Joshua Adams,Consumer,United States,Paterson,New Jersey,East
JL-10167,Joseph Lopez,Corporate,United States,Redwood City,California,West
ER-14199,Edward Rodriguez,Home Office,United States,Montgomery,Alabama,South
RT-11747,Robert Turner,Consumer,United States,Columbia,Missouri,Central
DH-10662,Donald Hernandez,Home Office,United States,Waterloo,Iowa,Central
RN-10351,Rebecca Nelson,Corporate,United States,Woodland,California,West
DG-12748,David Gomez,Home Office,United States,Thomasville,North Carolina,South
SA-11424,Stephanie Allen,Corporate,United States,Citrus Heights,California,West
DT-12099,Dorothy Taylor,Consumer,United States,Warwick,Rhode Island,East
EL-11444,Edward Lewis,Corporate,United States,Highland Park,Illinois,Central
DB-12500,Donna Baker,Consumer,United States,Hampton,Virginia,South
SM-11968,Sarah Martinez,Home Office,United States,Bowling Green,Kentucky,South
RM-11168,Rebecca Moore,Consumer,United States,Marion,Iowa,Central
MP-10701,Michael Perez,,United States,South Bend,Indiana,Central
JR-11349,Jason Robinson,Home Office,United States,Lincoln Park,Michigan,Central
AR-13586,Ashley Ramirez,Corporate,United States,Citrus Heights,California,West
RD-13505,Rebecca Diaz,Home Office,United States,Parker,Colorado,West
RP-14016,Rebecca Phillips,Home Office,United States,Frankfort,Illinois,Central
KK-12926,Kevin King,Corporate,United States,Santa Clara,California,West
JT-11405,Jason Taylor,Corporate,United States,Fort Worth,Texas,Central
BC-11615,Brian Carter,Corporate,United States,Waukesha,Wisconsin,Central
MA-12419,Michelle Allen,Home Office,United States,San Gabriel,California,West
BB-12480,Barbara Baker,Corporate,United States,Salt Lake City,Utah,West
WB-12564,William Baker,Consumer,United States,Paterson,New Jersey,East
AL-11602,Ashley Lopez,Corporate,United States,Conway,Arkansas,South
MB-13906,Mary Baker,Home Office,United States,Newport News,Virginia,South
RC-12722,Rebecca Cruz,Corporate,United States,Arlington Heights,Illinois,Central
NH-13114,Nancy Harris,Home Office,United States,Highland Park,Illinois,Central
BG-13618,Betty Garcia,Corporate,United States,Clifton,New Jersey,East
DG-14160,Donna Green,Consumer,United States,New York City,New York,East
PT-14136,Patricia Torres,Home Office,United States,Minneapolis,Minnesota,Central
KM-12004,Kevin Martinez,Home Office,United States,Elkhart,Indiana,Central
AD-13467,Anthony Diaz,Corporate,United States,Lakeland,Florida,South
KR-11061,Kevin Rodriguez,Corporate,United States,Smyrna,Georgia,South
MR-11753,Michael Roberts,Corporate,United States,Aberdeen,South Dakota,Central
MJ-12801,Margaret Jones,Consumer,United States,Pomona,California,West
SS-11556,Stephanie Scott,Consumer,United States,Decatur,Illinois,Central
EH-11886,Emily Harris,Consumer,United States,Independence,Missouri,Central
SK-12151,Sarah King,Corporate,United States,Portage,Indiana,Central
LJ-10117,Linda Jones,Home Office,United States,Louisville,Kentucky,South
PS-12566,Patricia Scott,Consumer,United States,Cincinnati,Ohio,East
CM-11038,Chris Moore,Home Office,United States,Inglewood,California,West
JG-12948,Jeffrey Green,Corporate,United States,Everett,Washington,West
EH-10846,Elizabeth Harris,Home Office,United States,Chester,Pennsylvania,East
EH-12460,Emily Harris,Home Office,United States,Bozeman,Montana,West
JC-12573,Jennifer Clark,Corporate,United States,Reading,Pennsylvania,East
JS-11175,Jennifer Sanchez,Home Office,United States,Charlotte,North Carolina,South
DW-12034,Donna Walker,Consumer,United States,Colorado Springs,Colorado,West
JA-10615,John Adams,Corporate,United States,Aberdeen,South Dakota,Central
MT-13470,Mark Taylor,Home Office,United States,Roseville,California,West
MH-10180,Matthew Hall,Home Office,United States,Waynesboro,Virginia,South
AH-10665,Andrew Hall,Consumer,United States,Jackson,Mississippi,South
DR-12524,David Rivera,Corporate,United States,Athens,Georgia,South
ES-11049,Elizabeth Smith,Consumer,United States,Santa Fe,New Mexico,West
KM-13768,Kevin Miller,Corporate,United States,Mason,Ohio,East
TR-12933,Timothy Rivera,Consumer,United States,Oak Park,Illinois,Central
DW-13046,Donald Williams,Home Office,United States,Haltom City,Texas,Central
NM-13989,Nancy Moore,Home Office,United States,San Gabriel,California,West
KW-13774,Karen Williams,Consumer,United States,Port Arthur,Texas,Central
WG-11260,William Gonzalez,Corporate,United States,Clarksville,Tennessee,South
DK-10671,Donald King,Corporate,United States,Corpus Christi,Texas,Central
KN-10236,Kevin Nguyen,Corporate,United States,Hoover,Alabama,South
WY-13101,William Young,Corporate,United States,Long Beach,California,West
CW-10681,Charles Williams,Home Office,United States,Spokane,Washington,West
JR-14080,Jeffrey Ramirez,Consumer,United States,Clovis,New Mexico,West
GJ-11283,George Johnson,Home Office,United States,Woodstock,Georgia,South
MA-10605,Margaret Allen,Consumer,United States,Grand Prairie,Texas,Central
MA-11036,Melissa Adams,Consumer,United States,West Allis,Wisconsin,Central
KY-10066,Kevin Young,Home Office,United States,Escondido,California,West
KH-13813,Kenneth Harris,Home Office,United States,Lakeville,Minnesota,Central
RS-11892,Richard Smith,Consumer,United States,Tempe,Arizona,West
JL-10265,Jessica Lopez,Consumer,United States,Longmont,Colorado,West
MG-14143,Mark Green,Corporate,United States,Franklin,Tennessee,South
JJ-10006,Joshua Johnson,Consumer,United States,Kissimmee,Florida,South
SW-14133,Sarah Williams,Home Office,United States,Baltimore,Maryland,East
AS-11576,Andrew Smith,Consumer,United States,El Paso,Texas,Central
CC-10895,Charles Clark,Consumer,United States,Hackensack,New Jersey,East
AW-13462,Andrew White,Consumer,United States,Newport News,Virginia,South
DG-10309,Deborah Gomez,Corporate,United States,Lawrence,Indiana,Central
CW-12635,Carol White,Consumer,United States,Burlington,Vermont,East
DL-12928,David Lee,Corporate,United States,Hickory,North Carolina,South
MG-11559,Margaret Garcia,Corporate,United States,Saginaw,Michigan,Central
BG-11709,Betty Gomez,Consumer,United States,Vineland,New Jersey,East
MM-12411,Michelle Mitchell,Home Office,United States,Lowell,Massachusetts,East
ET-10473,Edward Torres,Corporate,United States,Arlington Heights,Illinois,Central
SG-13018,Steven Garcia,Home Office,United States,Texarkana,Arkansas,South
KA-10362,Kimberly Allen,Consumer,United States,Fayetteville,North Carolina,South
MR-13424,Matthew Rodriguez,Corporate,United States,Cuyahoga Falls,Ohio,East
JT-13005,John Thomas,Home Office,United States,Freeport,Illinois,Central
EM-11066,Elizabeth Miller,,United States,Lancaster,California,West
BW-14191,Betty Walker,Corporate,United States,Glendale,Arizona,West
JA-10268,John Anderson,Home Office,United States,Keller,Texas,Central
EM-10437,Elizabeth Mitchell,Consumer,United States,Minneapolis,Minnesota,Central
DJ-10894,Daniel Johnson,,United States,Loveland,Colorado,West
RC-10302,Rebecca Collins,Corporate,United States,Jacksonville,Florida,South
TW-13854,Thomas Wright,Corporate,United States,Jonesboro,Arkansas,South
JJ-11425,John Jackson,Corporate,United States,Burlington,Iowa,Central
JJ-12182,Jeffrey Jackson,Home Office,United States,Mount Vernon,New York,East
LE-13357,Linda Evans,Home Office,United States,Richardson,Texas,Central
JY-13481,Joshua Young,Home Office,United States,Reno,Nevada,West
SJ-13980,Susan Jackson,Corporate,United States,Coral Gables,Florida,South
LT-12444,Linda Torres,Consumer,United States,Draper,Utah,West
JJ-14039,Jason Johnson,Consumer,United States,Beverly,Massachusetts,East
EL-11178,Edward Lewis,,United States,Lorain,Ohio,East
CE-13195,Carol Edwards,Corporate,United States,Des Moines,Iowa,Central
SR-13544,Stephanie Rodriguez,Consumer,United States,Holland,Michigan,Central
JJ-10157,Jennifer Jackson,Home Office,United States,Kenner,Louisiana,South
EB-10967,Edward Brown,Consumer,United States,Franklin,Wisconsin,Central
LM-13748,Linda Mitchell,Home Office,United States,San Luis Obispo,California,West
DR-12615,Donald Rodriguez,Consumer,United States,Lorain,Ohio,East
LA-12984,Linda Anderson,Consumer,United States,Harrisonburg,Virginia,South
WT-13261,William Thompson,Consumer,United States,Covington,Washington,West
KY-13636,Kevin Young,Corporate,United States,Raleigh,North Carolina,South
DL-10411,Dorothy Lee,Home Office,United States,Highland Park,Illinois,Central
BG-10975,Betty Green,Home Office,United States,Johnson City,Tennessee,South
DC-12658,Daniel Cruz,Consumer,United States,Revere,Massachusetts,East
NE-10981,Nancy Evans,Corporate,United States,Lindenhurst,New York,East
JF-10403,Joseph Flores,Home Office,United States,Independence,Missouri,Central
LS-10460,Linda Sanchez,Corporate,United States,Troy,New York,East
JM-13001,Jessica Mitchell,Consumer,United States,Baytown,Texas,Central
DL-12985,Daniel Lee,Consumer,United States,Lorain,Ohio,East
DL-10104,David Lewis,Home Office,United States,Normal,Illinois,Central
RC-10896,Rebecca Campbell,Corporate,United States,Mission Viejo,California,West
DG-10823,David Garcia,Corporate,United States,Norfolk,Nebraska,Central
LE-13511,Lisa Evans,Consumer,United States,Summerville,South Carolina,South
KH-13541,Kenneth Harris,Corporate,United States,Lorain,Ohio,East
DM-14058,Dorothy Miller,Consumer,United States,Elkhart,Indiana,Central
ML-11209,Mary Lopez,Consumer,United States,Burlington,Iowa,Central
JR-10413,Joshua Ramirez,Home Office,United States,Pembroke Pines,Florida,South
CF-10653,Chris Flores,Consumer,United States,Sunnyvale,California,West
RK-11732,Richard King,Home Office,United States,Santa Barbara,California,West
EA-10341,Elizabeth Anderson,Home Office,United States,Lewiston,Idaho,West
BM-11626,Betty Miller,Consumer,United States,Des Moines,Iowa,Central
AP-13502,Ashley Parker,Consumer,United States,Stockton,California,West
CH-13179,Carol Hernandez,Home Office,United States,Long Beach,California,West
MM-12646,Mark Martinez,Home Office,United States,Philadelphia,Pennsylvania,East
MD-12571,Mary Davis,Consumer,United States,Hattiesburg,Mississippi,South
RH-13112,Ronald Hall,Consumer,United States,Marion,Ohio,East
PP-12660,Paul Perez,Home Office,United States,Gresham,Oregon,West
SR-12400,Sharon Ramirez,Home Office,United States,Mansfield,Texas,Central
DH-13935,Donald Hill,Corporate,United States,Deltona,Florida,South
CS-11864,Chris Sanchez,Home Office,United States,Romeoville,Illinois,Central
CS-12724,Chris Sanchez,Consumer,United States,Woodstock,Georgia,South
CH-11608,Chris Hall,Consumer,United States,San Francisco,California,West
RR-10017,Richard Rivera,Consumer,United States,Santa Clara,California,West
JS-12226,Jennifer Sanchez,Corporate,United States,Columbia,Maryland,East
JB-11194,Joshua Baker,Consumer,United States,Overland Park,Kansas,Central
MY-10444,Margaret Young,Corporate,United States,Boise,Idaho,West
SE-12002,Susan Evans,Home Office,United States,Dearborn,Michigan,Central
SL-13595,Stephanie Lee,Consumer,United States,Greenwood,Indiana,Central
LW-12442,Laura White,Corporate,United States,Layton,Utah,West
KD-10467,Kenneth Davis,Home Office,United States,Glenview,Illinois,Central
CF-10886,Carol Flores,Home Office,United States,Pasadena,California,West
SM-12365,Steven Moore,Corporate,United States,Aurora,Illinois,Central
MW-13339,Mary Wright,Consumer,United States,Dublin,California,West
GS-14057,George Sanchez,Home Office,United States,Waukesha,Wisconsin,Central
CF-14085,Chris Flores,,United States,Murray,Utah,West
SC-13368,Steven Cruz,Consumer,United States,Plantation,Florida,South
DN-10271,Donna Nelson,Corporate,United States,Rockford,Illinois,Central
PS-11156,Patricia Sanchez,Home Office,United States,Romeoville,Illinois,Central
JA-12778,Joseph Anderson,Corporate,United States,Oak Park,Michigan,Central
AG-10587,Ashley Gonzalez,Consumer,United States,Rochester,New York,East
DN-11121,Dorothy Nelson,Home Office,United States,Woodland,California,West
TC-10363,Thomas Collins,Corporate,United States,Georgetown,Kentucky,South
MR-13550,Michelle Rivera,Consumer,United States,Normal,Illinois,Central
AD-12491,Ashley Davis,Home Office,United States,Florence,Alabama,South
MA-11822,Matthew Allen,Corporate,United States,Pembroke Pines,Florida,South
DE-14183,Donna Edwards,Corporate,United States,Aurora,Colorado,West
KW-11011,Kenneth Wright,Home Office,United States,Everett,Washington,West
MW-14060,Mark White,Home Office,United States,League City,Texas,Central
EH-13880,Emily Harris,Home Office,United States,Spokane,Washington,West
MD-11001,Matthew Davis,Corporate,United States,New Bedford,Massachusetts,East
JT-10838,Joseph Turner,Corporate,United States,Morristown,New Jersey,East
DW-12980,David Williams,Home Office,United States,Plantation,Florida,South
NW-13600,Nancy Wilson,Home Office,United States,Logan,Utah,West
MM-11545,Michael Martinez,Home Office,United States,Texarkana,Arkansas,South
MJ-12122,Matthew Jones,Home Office,United States,Beaumont,Texas,Central
RA-11412,Ronald Allen,Corporate,United States,Evanston,Illinois,Central
BR-10213,Brian Roberts,Home Office,United States,Oklahoma City,Oklahoma,Central
MN-10132,Mary Nelson,Corporate,United States,Burlington,Iowa,Central
JM-11655,Jessica Mitchell,Corporate,United States,Bowling Green,Kentucky,South
CT-12498,Charles Taylor,Home Office,United States,Pleasant Grove,Utah,West
MH-13197,Margaret Hall,Home Office,United States,Rochester Hills,Michigan,Central
MR-11093,Matthew Rodriguez,Consumer,United States,West Allis,Wisconsin,Central
RY-11157,Rebecca Young,Consumer,United States,Chester,Pennsylvania,East
EB-12505,Emily Brown,,United States,Decatur,Illinois,Central
KT-13889,Kevin Taylor,Consumer,United States,Houston,Texas,Central
PM-10730,Paul Martinez,Corporate,United States,Lancaster,California,West
JA-12904,Joseph Anderson,Corporate,United States,La Porte,Indiana,Central
BD-11076,Betty Diaz,Home Office,United States,Elkhart,Indiana,Central
RR-11736,Rebecca Rodriguez,Consumer,United States,Concord,New Hampshire,East
JC-12030,Jason Campbell,Home Office,United States,Smyrna,Georgia,South
AY-10080,Anthony Young,Consumer,United States,Moreno Valley,California,West
DP-10559,Daniel Parker,Home Office,United States,Scottsdale,Arizona,West
MC-12121,Mary Campbell,Corporate,United States,Parma,Ohio,East
AW-13608,Ashley Williams,Corporate,United States,Baltimore,Maryland,East
CS-12213,Carol Scott,Home Office,United States,Detroit,Michigan,Central
DM-13166,Donald Moore,Home Office,United States,Manchester,Connecticut,East
JW-11318,Jason Walker,Home Office,United States,Manhattan,Kansas,Central
KN-12396,Karen Nguyen,Home Office,United States,Arvada,Colorado,West
AR-11623,Ashley Rodriguez,Home Office,United States,Bartlett,Tennessee,South
NW-10182,Nancy Wright,Corporate,United States,Waterbury,Connecticut,East
LM-10992,Laura Miller,Consumer,United States,Warner Robins,Georgia,South
JR-12050,Jennifer Rodriguez,Consumer,United States,Milford,Connecticut,East
RF-10815,Richard Flores,Corporate,United States,Beverly,Massachusetts,East
AB-13666,Amanda Brown,Consumer,United States,Coppell,Texas,Central
KW-12278,Karen Walker,Corporate,United States,Cambridge,Massachusetts,East
LG-11948,Lisa Gomez,Consumer,United States,Columbus,Ohio,East
DJ-10304,Dorothy Jackson,Home Office,United States,Chico,California,West
JA-10019,Jason Anderson,Corporate,United States,Peoria,Illinois,Central
RD-13719,Ronald Diaz,Home Office,United States,La Mesa,California,West
TH-11502,Thomas Harris,Home Office,United States,Long Beach,New York,East
LL-11758,Laura Lee,Corporate,United States,Garden City,Kansas,Central
MM-11653,Michelle Martinez,Home Office,United States,Arvada,Colorado,West
BT-12118,Brian Thompson,Consumer,United States,Waco,Texas,Central
MB-13084,Michelle Brown,Corporate,United States,Bowling Green,Ohio,East
DW-10392,Donna Wilson,Corporate,United States,Freeport,New York,East
CW-10973,Carol White,Consumer,United States,North Las Vegas,Nevada,West
DE-10657,Donald Evans,Corporate,United States,Westland,Michigan,Central
MH-10084,Margaret Hall,Home Office,United States,Clifton,New Jersey,East
JG-11575,Joshua Gonzalez,Corporate,United States,Margate,Florida,South
JK-12645,Jason King,Consumer,United States,Haltom City,Texas,Central
DN-11381,Donald Nguyen,Home Office,United States,Coral Gables,Florida,South
RP-11116,Richard Phillips,Corporate,United States,Montgomery,Alabama,South
BA-13199,Brian Adams,Home Office,United States,Burlington,Iowa,Central
AJ-12336,Andrew Jones,Home Office,United States,Pembroke Pines,Florida,South
JG-10074,Jessica Gonzalez,Home Office,United States,Virginia Beach,Virginia,South
TN-11254,Thomas Nguyen,Corporate,United States,Florence,South Carolina,South
JC-11056,John Collins,Home Office,United States,Middletown,Connecticut,East
DS-13252,Daniel Smith,Corporate,United States,Peoria,Illinois,Central
KT-11418,Kevin Thompson,Consumer,United States,Citrus Heights,California,West
DL-13305,Dorothy Lewis,Consumer,United States,Pembroke Pines,Florida,South
RG-10083,Ronald Gomez,Corporate,United States,Margate,Florida,South
DL-13319,David Lewis,Corporate,United States,Chico,California,West
BR-13578,Brian Rodriguez,Corporate,United States,Skokie,Illinois,Central
MA-11471,Melissa Adams,Corporate,United States,Miramar,Florida,South
RG-12312,Rebecca Gonzalez,Home Office,United States,Rapid City,South Dakota,Central
AJ-11401,Amanda Jones,Consumer,United States,Round Rock,Texas,Central
SS-11622,Stephanie Smith,Corporate,United States,New Brunswick,New Jersey,East
SN-11511,Susan Nguyen,Home Office,United States,Cottage Grove,Minnesota,Central
DW-12992,Dorothy Wright,Consumer,United States,Elyria,Ohio,East
RF-12095,Richard Flores,Consumer,United States,Apple Valley,California,West
SL-10964,Sarah Lee,Corporate,United States,Bowling Green,Kentucky,South
KM-12897,Karen Mitchell,Consumer,United States,Baltimore,Maryland,East
JA-12630,John Allen,Consumer,United States,Wilmington,North Carolina,South
SP-10574,Steven Phillips,Consumer,United States,Evanston,Illinois,Central
AY-10929,Amanda Young,Home Office,United States,Plantation,Florida,South
AB-10447,Amanda Baker,Home Office,United States,Waco,Texas,Central
ML-10899,Michael Lewis,Corporate,United States,Elkhart,Indiana,Central
JA-12788,Jason Anderson,Home Office,United States,Hendersonville,Tennessee,South
JW-12506,Jessica Walker,Home Office,United States,Jamestown,New York,East
MR-12175,Michelle Robinson,Corporate,United States,Concord,New Hampshire,East
JT-11836,Jessica Torres,Corporate,United States,Waynesboro,Virginia,South
KS-12103,Kenneth Smith,Home Office,United States,Columbus,Ohio,East
JW-13757,Jessica Wilson,Corporate,United States,Miami,Florida,South
MP-11252,Melissa Parker,Corporate,United States,San Bernardino,California,West
DT-10885,Deborah Thomas,Consumer,United States,Mishawaka,Indiana,Central
TR-10417,Timothy Robinson,Corporate,United States,San Mateo,California,West
MW-12918,Matthew Wilson,Consumer,United States,Chattanooga,Tennessee,South
SD-11965,Sarah Davis,Home Office,United States,Melbourne,Florida,South
BT-10891,Brian Torres,Corporate,United States,Fresno,California,West
MN-13584,Michael Nguyen,Corporate,United States,La Porte,Texas,Central
JR-11513,John Rodriguez,Home Office,United States,Laurel,Maryland,East
RJ-13499,Richard Jones,Home Office,United States,East Orange,New Jersey,East
DL-11456,David Lopez,Home Office,United States,Fresno,California,West
JP-13006,Jeffrey Perez,Corporate,United States,Anaheim,California,West
JD-13088,Joshua Davis,Corporate,United States,Glenview,Illinois,Central
EH-10187,Edward Harris,Home Office,United States,West Allis,Wisconsin,Central
RE-13533,Rebecca Edwards,Home Office,United States,Lawrence,Indiana,Central
SS-14155,Sarah Scott,Consumer,United States,Passaic,New Jersey,East
DC-13705,Donna Clark,Corporate,United States,Kenosha,Wisconsin,Central
JR-12865,Joshua Ramirez,Consumer,United States,Niagara Falls,New York,East
WW-12150,William Wilson,Home Office,United States,Rochester Hills,Michigan,Central
DE-13778,Daniel Edwards,Corporate,United States,Cambridge,Massachusetts,East
DT-11986,Deborah Thompson,Consumer,United States,Bryan,Texas,Central
SY-12527,Sandra Young,Home Office,United States,Gastonia,North Carolina,South
RM-12227,Robert Miller,,United States,Lancaster,California,West
RN-12786,Robert Nguyen,Home Office,United States,Great Falls,Montana,West
CN-10501,Carol Nelson,Home Office,United States,Thornton,Colorado,West
KD-13677,Karen Diaz,Consumer,United States,Parma,Ohio,East
EW-12832,Elizabeth Walker,Home Office,United States,Bozeman,Montana,West
PR-14067,Patricia Roberts,Corporate,United States,Oak Park,Michigan,Central
MN-12189,Margaret Nguyen,Home Office,United States,Greenville,North Carolina,South
JJ-13129,Joshua Jackson,Home Office,United States,Vancouver,Washington,West
MR-11794,Margaret Roberts,Consumer,United States,Montgomery,Alabama,South
TG-13027,Timothy Gomez,Consumer,United States,Georgetown,Kentucky,South
MH-12243,Michelle Hernandez,Corporate,United States,Rio Rancho,New Mexico,West
CB-13094,Chris Baker,Consumer,United States,Freeport,Illinois,Central
JG-10441,Joshua Garcia,Consumer,United States,Decatur,Illinois,Central
GC-13932,George Cruz,Corporate,United States,Santa Fe,New Mexico,West
GT-12296,George Torres,Corporate,United States,Westland,Michigan,Central
RJ-13641,Robert Jones,Consumer,United States,Rogers,Arkansas,South
SB-13926,Stephanie Brown,Home Office,United States,Yuma,Arizona,West
AH-11861,Ashley Hall,Corporate,United States,Manteca,California,West
SR-13651,Sarah Ramirez,Home Office,United States,Lancaster,California,West
JE-12879,Joseph Edwards,Corporate,United States,Clinton,Maryland,East
JJ-13923,Jennifer Jones,Home Office,United States,Florence,Alabama,South
PH-10751,Paul Harris,Consumer,United States,Deltona,Florida,South
JC-12694,Jason Clark,Consumer,United States,Jackson,Mississippi,South
MD-12894,Michael Davis,Corporate,United States,San Diego,California,West
DS-13580,Dorothy Scott,Corporate,United States,Florence,South Carolina,South
LH-10744,Laura Harris,Corporate,United States,Daytona Beach,Florida,South
NC-13878,Nancy Campbell,Corporate,United States,Covington,Washington,West
KT-11361,Kenneth Turner,Consumer,United States,Mason,Ohio,East
JM-13491,Jennifer Martin,Corporate,United States,Fargo,North Dakota,Central
LM-13290,Linda Moore,Corporate,United States,Summerville,South Carolina,South
RA-11885,Ronald Allen,Corporate,United States,Evanston,Illinois,Central
JT-12053,Jason Taylor,Home Office,United States,Naperville,Illinois,Central
SB-13487,Susan Brown,Consumer,United States,Cuyahoga Falls,Ohio,East
KA-10764,Kimberly Anderson,,United States,North Miami,Florida,South
EL-11591,Emily Lopez,Corporate,United States,Pensacola,Florida,South
DW-10336,Daniel White,Consumer,United States,Woonsocket,Rhode Island,East
DH-13883,David Harris,Home Office,United States,Athens,Georgia,South
RM-12757,Robert Martin,,United States,Murfreesboro,Tennessee,South
DW-14118,Dorothy Walker,Corporate,United States,Mishawaka,Indiana,Central
DR-12456,Donald Rivera,Corporate,United States,Las Cruces,New Mexico,West
NC-14037,Nancy Clark,Home Office,United States,Royal Oak,Michigan,Central
JE-13614,John Edwards,Home Office,United States,Texas City,Texas,Central
DR-10593,Dorothy Rivera,Corporate,United States,Linden,New Jersey,East
JG-12154,Jennifer Green,Corporate,United States,Oklahoma City,Oklahoma,Central
KT-13212,Kimberly Thompson,Corporate,United States,Romeoville,Illinois,Central
CN-10145,Chris Nelson,Home Office,United States,Costa Mesa,California,West
BW-11302,Brian Walker,Consumer,United States,Little Rock,Arkansas,South
AB-14017,Anthony Baker,Consumer,United States,Provo,Utah,West
BN-14196,Betty Nguyen,Consumer,United States,Columbia,South Carolina,South
JR-11505,Jeffrey Rodriguez,Consumer,United States,Mcallen,Texas,Central
LS-13024,Lisa Sanchez,Consumer,United States,Redondo Beach,California,West
CW-13454,Charles White,Consumer,United States,Woonsocket,Rhode Island,East
DT-14064,Donna Thomas,Consumer,United States,Arlington,Virginia,South
MT-11640,Michelle Torres,Consumer,United States,Revere,Massachusetts,East
RH-10860,Robert Hernandez,Corporate,United States,Broken Arrow,Oklahoma,Central
RH-11374,Rebecca Hall,Corporate,United States,Hillsboro,Oregon,West
JK-10731,Jason King,Consumer,United States,Boise,Idaho,West
PD-13155,Patricia Davis,Home Office,United States,Kenner,Louisiana,South
BT-11503,Betty Thompson,Corporate,United States,Malden,Massachusetts,East
JA-11672,Joshua Anderson,Home Office,United States,West Jordan,Utah,West
SF-11898,Sarah Flores,Consumer,United States,Sheboygan,Wisconsin,Central
AH-12306,Amanda Hall,Consumer,United States,Wheeling,Illinois,Central
DS-11649,David Sanchez,Consumer,United States,Warwick,Rhode Island,East
LK-14180,Linda King,Corporate,United States,Torrance,California,West
MF-12817,Michael Flores,Consumer,United States,Hickory,North Carolina,South
JA-11980,Joseph Anderson,Home Office,United States,Plainfield,New Jersey,East
DM-12436,David Moore,Consumer,United States,Salem,Oregon,West
DG-11755,David Gomez,Home Office,United States,Garland,Texas,Central
ES-14117,Emily Sanchez,Corporate,United States,Redondo Beach,California,West
JR-11073,Jennifer Rivera,Corporate,United States,Coppell,Texas,Central
MP-10707,Melissa Perez,Home Office,United States,Springfield,Oregon,West
KC-12837,Kenneth Collins,Consumer,United States,Monroe,North Carolina,South
ML-11707,Margaret Lee,Consumer,United States,Melbourne,Florida,South
GN-13986,George Nelson,Corporate,United States,Norman,Oklahoma,Central
TG-12437,Thomas Gomez,Home Office,United States,Auburn,Washington,West
WH-13852,William Hill,Corporate,United States,Pearland,Texas,Central
MC-12655,Michelle Collins,Home Office,United States,Aurora,Illinois,Central
LR-13283,Linda Rodriguez,Consumer,United States,Visalia,California,West
SE-12002,Susan Evans,Home Office,United States,Dearborn,Michigan,Central
KG-12675,Kevin Gomez,Home Office,United States,Marlborough,Massachusetts,East
EJ-12537,Elizabeth Johnson,Corporate,United States,Taylor,Michigan,Central
AM-13039,Ashley Martin,,United States,Mason,Ohio,East
KM-11947,Kimberly Martin,Consumer,United States,Salinas,California,West
CM-13970,Chris Miller,Corporate,United States,Albuquerque,New Mexico,West
RE-10320,Ronald Evans,Corporate,United States,Burlington,North Carolina,South
DJ-10516,Deborah Jackson,Home Office,United States,Hempstead,New York,East
JL-11411,Joseph Lopez,Consumer,United States,Des Plaines,Illinois,Central
AC-10511,Amanda Campbell,Corporate,United States,Salem,Virginia,South
SD-11781,Sharon Davis,Home Office,United States,Providence,Rhode Island,East
SS-11769,Steven Scott,Home Office,United States,Coral Gables,Florida,South
MR-13144,Michael Rodriguez,Home Office,United States,Quincy,Massachusetts,East
LR-13258,Lisa Ramirez,Home Office,United States,Alexandria,Virginia,South
SP-13145,Sharon Phillips,Home Office,United States,Fairfield,Connecticut,East
PJ-11651,Patricia Johnson,Home Office,United States,Missouri City,Texas,Central
LG-11297,Linda Gomez,Corporate,United States,Huntington Beach,California,West
JC-12843,Joseph Collins,Home Office,United States,Concord,North Carolina,South
DS-12766,Donald Smith,Home Office,United States,Fremont,Nebraska,Central
RM-11212,Richard Moore,Corporate,United States,Hoover,Alabama,South
EC-10356,Edward Campbell,Home Office,United States,Laredo,Texas,Central
PH-13182,Paul Hernandez,Home Office,United States,Thornton,Colorado,West
KT-11075,Karen Taylor,Consumer,United States,Linden,New Jersey,East
DM-13835,Donald Martin,Consumer,United States,Pueblo,Colorado,West
MG-13096,Michelle Gomez,Corporate,United States,Taylor,Michigan,Central
DG-10063,Dorothy Green,Consumer,United States,Akron,Ohio,East
KM-11829,Kenneth Martin,,United States,Pleasant Grove,Utah,West
DA-10062,Donna Anderson,Consumer,United States,West Jordan,Utah,West
AK-11230,Amanda King,Home Office,United States,Missouri City,Texas,Central
MT-13154,Michael Thompson,Consumer,United States,Pasco,Washington,West
AA-12221,Ashley Allen,Consumer,United States,Beverly,Massachusetts,East
MW-14127,Margaret Wilson,Consumer,United States,Andover,Massachusetts,East
DS-14110,David Smith,Consumer,United States,Middletown,Connecticut,East
ST-12462,Sharon Thomas,Corporate,United States,Cranston,Rhode Island,East
JC-13369,James Collins,Consumer,United States,Florence,Alabama,South
CW-10616,Carol Wilson,Corporate,United States,Romeoville,Illinois,Central
DW-11029,David White,Corporate,United States,Hialeah,Florida,South
RM-10900,Robert Martin,Home Office,United States,Pasadena,California,West
MD-14144,Michael Diaz,Corporate,United States,Saint Charles,Missouri,Central
DT-12271,Daniel Thompson,Corporate,United States,Leominster,Massachusetts,East
AC-12282,Andrew Carter,Consumer,United States,Laredo,Texas,Central
SP-13575,Susan Parker,Consumer,United States,Hot Springs,Arkansas,South
BP-11910,Brian Parker,Corporate,United States,Baltimore,Maryland,East
KA-12112,Kenneth Adams,Corporate,United States,Layton,Utah,West
KJ-13696,Kenneth Johnson,Corporate,United States,Arlington,Texas,Central
CG-10824,Carol Gomez,,United States,Lincoln Park,Michigan,Central
LJ-12952,Lisa Jones,Home Office,United States,Wilmington,North Carolina,South
DR-10591,Daniel Rivera,Home Office,United States,Medina,Ohio,East
CD-13709,Charles Davis,Corporate,United States,San Francisco,California,West
RD-12156,Richard Davis,Consumer,United States,Renton,Washington,West
AG-13956,Anthony Green,Home Office,United States,Bullhead City,Arizona,West
SK-13078,Susan King,Corporate,United States,West Jordan,Utah,West
JN-11108,Jessica Nguyen,Home Office,United States,Ormond Beach,Florida,South
JW-11922,Jason Wilson,Corporate,United States,Lawrence,Indiana,Central
BL-13013,Barbara Lewis,Consumer,United States,Madison,Wisconsin,Central
TS-12848,Timothy Smith,Consumer,United States,Wheeling,Illinois,Central
CG-12709,Chris Garcia,Corporate,United States,Santa Fe,New Mexico,West
JC-12742,Joseph Collins,Corporate,United States,New Albany,Indiana,Central
AE-12531,Andrew Edwards,Consumer,United States,Springdale,Arkansas,South
SS-10670,Susan Scott,Home Office,United States,Manteca,California,West
DR-13832,Donald Rodriguez,Home Office,United States,Indianapolis,Indiana,Central
AF-11835,Amanda Flores,Corporate,United States,Providence,Rhode Island,East
CE-14100,Charles Evans,Home Office,United States,Texarkana,Arkansas,South
MR-10401,Mark Roberts,Home Office,United States,Haltom City,Texas,Central
AA-12406,Ashley Allen,Consumer,United States,Sioux Falls,South Dakota,Central
RE-11080,Richard Evans,Corporate,United States,Visalia,California,West
JE-10614,John Evans,Consumer,United States,Columbia,South Carolina,South
DJ-12741,Donald Johnson,Home Office,United States,Dubuque,Iowa,Central
CY-12349,Chris Young,Corporate,United States,Auburn,New York,East
BH-12117,Brian Harris,Home Office,United States,Richmond,Kentucky,South
EM-12286,Emily Mitchell,Consumer,United States,Danville,California,West
RJ-10505,Robert Jackson,Home Office,United States,Peoria,Illinois,Central
AW-10228,Ashley Wilson,Corporate,United States,Mishawaka,Indiana,Central
BA-11756,Betty Allen,Home Office,United States,New Castle,Indiana,Central
CM-13127,Chris Martinez,Consumer,United States,Apopka,Florida,South
JW-10246,Joseph White,Corporate,United States,Columbia,Maryland,East
JK-13858,Jessica King,Corporate,United States,Tigard,Oregon,West
MC-11636,Mark Cruz,Corporate,United States,Tamarac,Florida,South
JT-11676,Joseph Taylor,,United States,Colorado Springs,Colorado,West
TE-11848,Timothy Edwards,Consumer,United States,Greensboro,North Carolina,South
AD-10375,Anthony Davis,Consumer,United States,Warner Robins,Georgia,South
JM-10120,John Martin,Consumer,United States,Hot Springs,Arkansas,South
GD-10041,George Davis,,United States,Goldsboro,North Carolina,South
KC-13071,Kenneth Collins,Home Office,United States,Lawrence,Massachusetts,East
SS-13458,Stephanie Smith,Corporate,United States,Rochester Hills,Michigan,Central
TB-10664,Timothy Baker,Consumer,United States,Vineland,New Jersey,East
MC-11903,Michael Clark,Consumer,United States,Concord,New Hampshire,East
MS-10647,Michael Sanchez,Corporate,United States,Bakersfield,California,West
EN-12380,Emily Nelson,Home Office,United States,Lubbock,Texas,Central
AE-11436,Andrew Evans,Corporate,United States,Pueblo,Colorado,West
DM-12358,Donna Miller,Consumer,United States,Omaha,Nebraska,Central
SK-11748,Susan King,Consumer,United States,Quincy,Illinois,Central
DM-12756,David Mitchell,Home Office,United States,Texas City,Texas,Central
AC-11913,Andrew Campbell,Consumer,United States,Oxnard,California,West
MP-14029,Michelle Perez,Home Office,United States,Lakeland,Florida,South
KP-11902,Karen Perez,Consumer,United States,Long Beach,California,West
KA-10018,Kevin Anderson,,United States,Fairfield,Ohio,East
SJ-10756,Susan Jones,Home Office,United States,Peoria,Illinois,Central
LW-13864,Linda White,Consumer,United States,Mission Viejo,California,West
JG-12277,Joshua Garcia,Consumer,United States,Plainfield,New Jersey,East
JK-10903,Jessica King,Home Office,United States,Linden,New Jersey,East
ET-13194,Emily Taylor,Corporate,United States,Allen,Texas,Central
JN-12609,Joseph Nguyen,Home Office,United States,Sioux Falls,South Dakota,Central
CA-13428,Chris Adams,Corporate,United States,Revere,Massachusetts,East
BC-12533,Barbara Clark,Consumer,United States,Cincinnati,Ohio,East
PK-10803,Patricia King,Consumer,United States,Aurora,Colorado,West
JM-14045,Jeffrey Moore,Consumer,United States,Arvada,Colorado,West
BG-11388,Brian Gomez,Consumer,United States,Springfield,Oregon,West
DP-13215,Daniel Phillips,Home Office,United States,Delray Beach,Florida,South
KW-12268,Kevin White,Consumer,United States,Pearland,Texas,Central
CH-13521,Charles Hall,Consumer,United States,Pembroke Pines,Florida,South
ST-10752,Sandra Thompson,Corporate,United States,Cary,North Carolina,South
MN-11819,Matthew Nelson,Home Office,United States,Indianapolis,Indiana,Central
MH-10379,Melissa Hall,Corporate,United States,Beaumont,Texas,Central
GC-12022,George Cruz,Home Office,United States,Waco,Texas,Central
JD-14019,Jeffrey Diaz,Consumer,United States,Dearborn Heights,Michigan,Central
KM-10606,Kimberly Martinez,Consumer,United States,Columbia,Missouri,Central
JT-13893,John Thompson,Home Office,United States,Tuscaloosa,Alabama,South
KS-10290,Kevin Sanchez,Consumer,United States,Garden City,Kansas,Central
KP-12458,Kevin Phillips,Home Office,United States,Fairfield,Connecticut,East
MB-11272,Mary Baker,Home Office,United States,Seattle,Washington,West
CL-10567,Charles Lee,Consumer,United States,Warwick,Rhode Island,East
MS-10980,Mark Smith,Home Office,United States,San Francisco,California,West
AM-12704,Andrew Martin,Corporate,United States,San Marcos,Texas,Central
AT-13867,Ashley Turner,Corporate,United States,Aurora,Colorado,West
MG-12287,Mary Gomez,Consumer,United States,Fort Lauderdale,Florida,South
SE-11993,Susan Evans,Corporate,United States,Woonsocket,Rhode Island,East
RN-12327,Ronald Nelson,Home Office,United States,Owensboro,Kentucky,South
CW-13904,Chris Williams,Home Office,United States,Davis,California,West
MC-10298,Mark Cruz,Consumer,United States,Helena,Montana,West
MY-13751,Melissa Young,Consumer,United States,Salem,Oregon,West
BD-12758,Brian Davis,Home Office,United States,Warner Robins,Georgia,South
LG-13531,Lisa Gomez,Home Office,United States,Florence,Alabama,South
PM-13076,Patricia Moore,Home Office,United States,West Jordan,Utah,West
RW-13820,Robert Wright,Consumer,United States,Pine Bluff,Arkansas,South
LA-11741,Lisa Anderson,Consumer,United States,Lakeville,Minnesota,Central
DP-12802,David Perez,,United States,Lakewood,Ohio,East
BT-12470,Brian Taylor,Consumer,United States,Buffalo Grove,Illinois,Central
SG-10704,Sarah Gonzalez,Corporate,United States,Gastonia,North Carolina,South
AA-11635,Amanda Allen,Home Office,United States,Roseville,Michigan,Central
DG-10487,Dorothy Garcia,Home Office,United States,Holland,Michigan,Central
SM-13388,Sarah Martinez,Corporate,United States,Layton,Utah,West
BW-11550,Barbara White,Home Office,United States,Rapid City,South Dakota,Central
DW-13767,Donald Walker,Corporate,United States,Fairfield,Ohio,East
SN-10725,Stephanie Nelson,Consumer,United States,Buffalo,New York,East
DS-10483,Donna Scott,Corporate,United States,Phoenix,Arizona,West
SG-13023,Sharon Gomez,Consumer,United States,Moreno Valley,California,West
KG-11925,Kenneth Gonzalez,Corporate,United States,Muskogee,Oklahoma,Central
RW-10962,Ronald Wright,Consumer,United States,Pearland,Texas,Central
SP-11639,Stephanie Perez,Home Office,United States,Manhattan,Kansas,Central
MB-12815,Michael Baker,Home Office,United States,Redlands,California,West
ME-12172,Matthew Edwards,Consumer,United States,Gulfport,Mississippi,South
RC-13934,Robert Collins,Home Office,United States,Haltom City,Texas,Central
RD-12585,Richard Davis,Home Office,United States,Eagan,Minnesota,Central
JB-11008,John Brown,Home Office,United States,Pearland,Texas,Central
CG-10555,Charles Gonzalez,Consumer,United States,Independence,Missouri,Central
TW-13189,Timothy Williams,Consumer,United States,Smyrna,Georgia,South
MP-10911,Michael Phillips,Consumer,United States,Goldsboro,North Carolina,South
EA-12902,Edward Adams,Corporate,United States,Houston,Texas,Central
AH-10638,Ashley Hill,Corporate,United States,Avondale,Arizona,West
KC-12949,Kevin Collins,Home Office,United States,Detroit,Michigan,Central
AH-13773,Andrew Harris,Home Office,United States,Orem,Utah,West
GS-12599,George Scott,Consumer,United States,Port Orange,Florida,South
SG-11256,Sharon Green,Home Office,United States,Dublin,California,West
MG-12556,Margaret Garcia,Corporate,United States,Altoona,Pennsylvania,East
JD-12245,Jessica Davis,Corporate,United States,Phoenix,Arizona,West
LM-10628,Linda Moore,Consumer,United States,Bullhead City,Arizona,West
JL-10225,Jeffrey Lewis,Corporate,United States,Glendale,Arizona,West
MN-11368,Matthew Nelson,Home Office,United States,College Station,Texas,Central
GM-13308,George Martinez,Consumer,United States,Independence,Missouri,Central
BW-12523,Barbara Williams,Corporate,United States,Avondale,Arizona,West
MT-12619,Mary Thompson,Corporate,United States,El Paso,Texas,Central
CR-12350,Charles Robinson,Home Office,United States,Perth Amboy,New Jersey,East
SD-11854,Steven Diaz,Home Office,United States,Danville,Illinois,Central
BG-12132,Barbara Green,Corporate,United States,Carlsbad,New Mexico,West
DD-11284,David Davis,Home Office,United States,Lancaster,Ohio,East
DH-13747,Donald Hall,Consumer,United States,Lincoln Park,Michigan,Central
LR-12910,Lisa Rodriguez,Consumer,United States,Hagerstown,Maryland,East
MD-10276,Mark Davis,Home Office,United States,Lewiston,Maine,East
TL-12318,Timothy Lewis,Corporate,United States,Hendersonville,Tennessee,South
MH-13977,Mary Hill,Home Office,United States,Wilmington,Delaware,East
JK-13079,Joshua King,Corporate,United States,Lafayette,Louisiana,South
MS-10082,Matthew Smith,Corporate,United States,Gresham,Oregon,West
MS-10851,Mark Scott,Home Office,United States,Morgan Hill,California,West
CR-13134,Charles Rivera,Consumer,United States,Corpus Christi,Texas,Central
SW-11265,Sarah Wilson,Home Office,United States,Omaha,Nebraska,Central
ML-12732,Michelle Lee,Consumer,United States,Norwich,Connecticut,East
MS-11674,Margaret Sanchez,Consumer,United States,Pomona,California,West
AE-11176,Andrew Edwards,Home Office,United States,Bartlett,Tennessee,South
MC-11518,Mary Cruz,Consumer,United States,Bowling Green,Kentucky,South
AG-11945,Anthony Garcia,Consumer,United States,Jupiter,Florida,South
BH-13948,Brian Hernandez,Consumer,United States,Pasadena,Texas,Central
LW-12126,Linda Wilson,Corporate,United States,Hendersonville,Tennessee,South
KM-10107,Kevin Miller,Corporate,United States,Anaheim,California,West
LM-12850,Linda Martinez,Corporate,United States,Port Orange,Florida,South
EH-11788,Edward Hill,Home Office,United States,Pine Bluff,Arkansas,South
EK-13711,Elizabeth King,Home Office,United States,Fairfield,Ohio,East
GM-14101,George Martin,Home Office,United States,Las Cruces,New Mexico,West
PJ-10426,Patricia Jackson,Corporate,United States,Perth Amboy,New Jersey,East
MW-12253,Melissa Wright,Corporate,United States,Lake Forest,California,West
ET-13017,Emily Turner,Consumer,United States,Roswell,Georgia,South
CL-10360,Charles Lee,Consumer,United States,Plantation,Florida,South
PC-13741,Patricia Carter,Consumer,United States,Apple Valley,California,West
LN-11997,Linda Nguyen,Corporate,United States,Danville,California,West
KS-10170,Kimberly Scott,Corporate,United States,Stockton,California,West
BG-12475,Betty Gonzalez,Corporate,United States,Johnson City,Tennessee,South
MS-11339,Matthew Sanchez,Consumer,United States,Provo,Utah,West
KR-11959,Kimberly Roberts,Consumer,United States,Perth Amboy,New Jersey,East
PC-12752,Patricia Collins,Corporate,United States,Georgetown,Kentucky,South
MB-12080,Michael Baker,Corporate,United States,Citrus Heights,California,West
DR-13280,Donald Rivera,Home Office,United States,Warwick,Rhode Island,East
RL-11860,Robert Lopez,,United States,Wichita,Kansas,Central
SS-11193,Sarah Sanchez,Home Office,United States,Plainfield,New Jersey,East
EH-10499,Emily Harris,Consumer,United States,Huntsville,Alabama,South
RG-11083,Robert Gonzalez,Consumer,United States,Freeport,Illinois,Central
KG-10464,Kimberly Garcia,Corporate,United States,Woodland,California,West
DJ-12242,Daniel Jackson,Consumer,United States,Sandy Springs,Georgia,South
ST-10257,Stephanie Torres,Consumer,United States,Columbia,Missouri,Central
JR-10867,Joshua Rodriguez,Corporate,United States,Paterson,New Jersey,East
BC-11877,Betty Clark,Corporate,United States,Quincy,Massachusetts,East
SP-13135,Stephanie Perez,Home Office,United States,Waynesboro,Virginia,South
TJ-13381,Timothy Jackson,Consumer,United States,Sparks,Nevada,West
TR-10342,Thomas Robinson,Home Office,United States,Bridgeton,New Jersey,East
MJ-11144,Mark Jones,Corporate,United States,Aurora,Colorado,West
KR-12565,Kimberly Ramirez,Home Office,United States,Springfield,Oregon,West
BB-10196,Barbara Brown,Corporate,United States,Allen,Texas,Central
JH-10024,Jessica Hernandez,Corporate,United States,Hattiesburg,Mississippi,South
SG-10291,Sandra Garcia,Corporate,United States,Moorhead,Minnesota,Central
KR-12972,Kevin Rivera,Corporate,United States,Warwick,Rhode Island,East
BW-12958,Betty Williams,Corporate,United States,Philadelphia,Pennsylvania,East
SA-11742,Susan Adams,Consumer,United States,Grand Island,Nebraska,Central
DW-13496,Donald Wright,Home Office,United States,Trenton,Michigan,Central
MR-13548,Mary Ramirez,Home Office,United States,Orem,Utah,West
PJ-10933,Paul Jackson,Corporate,United States,Omaha,Nebraska,Central
JH-13865,Jessica Hall,Home Office,United States,Mcallen,Texas,Central
DC-12826,Daniel Clark,Home Office,United States,Moreno Valley,California,West
JR-10029,Jeffrey Rivera,Consumer,United States,Moorhead,Minnesota,Central
LY-12135,Linda Young,Consumer,United States,Gulfport,Mississippi,South
LL-12247,Lisa Lopez,Home Office,United States,Jonesboro,Arkansas,South
RR-10601,Robert Rodriguez,Home Office,United States,Stockton,California,West
KM-12627,Kevin Miller,Corporate,United States,Carlsbad,New Mexico,West
DS-14134,Donald Sanchez,Home Office,United States,Independence,Missouri,Central
LJ-13117,Linda Jackson,Consumer,United States,Long Beach,California,West
KA-13048,Kevin Adams,Corporate,United States,Arlington,Texas,Central
DN-11332,Daniel Nelson,Consumer,United States,Mount Pleasant,South Carolina,South
BP-11606,Betty Parker,Corporate,United States,Linden,New Jersey,East
JM-10394,Jason Martinez,,United States,Montgomery,Alabama,South
DA-13966,Donna Allen,Corporate,United States,Texarkana,Arkansas,South
MT-12526,Mark Thompson,Corporate,United States,Kissimmee,Florida,South
CT-12404,Chris Torres,Corporate,United States,Franklin,Massachusetts,East
JM-10766,Jeffrey Mitchell,Home Office,United States,Salinas,California,West
RH-11051,Rebecca Hall,Corporate,United States,Fremont,Nebraska,Central
AC-10632,Andrew Campbell,Consumer,United States,Ontario,California,West
BS-14015,Brian Sanchez,Corporate,United States,Great Falls,Montana,West
AP-10689,Anthony Perez,Consumer,United States,Yuma,Arizona,West
RN-12459,Ronald Nelson,Corporate,United States,Mobile,Alabama,South
JD-13009,Joseph Diaz,Corporate,United States,Lincoln Park,Michigan,Central
SL-11544,Stephanie Lee,Corporate,United States,Dearborn Heights,Michigan,Central
JR-11403,John Ramirez,Home Office,United States,Tulsa,Oklahoma,Central
SC-14116,Steven Carter,Consumer,United States,Concord,California,West
MR-12344,Matthew Ramirez,Home Office,United States,Escondido,California,West
KR-10113,Kenneth Ramirez,Consumer,United States,Olathe,Kansas,Central
LD-10414,Linda Diaz,Home Office,United States,Atlantic City,New Jersey,East
WA-11224,William Adams,Home Office,United States,Lorain,Ohio,East
JW-12990,Jeffrey Wilson,Corporate,United States,Hickory,North Carolina,South
ET-10205,Elizabeth Thomas,Corporate,United States,Atlanta,Georgia,South
TJ-11585,Thomas Jones,,United States,Hempstead,New York,East
EC-10301,Emily Clark,Consumer,United States,Columbus,Georgia,South
JJ-12611,Jeffrey Jackson,Corporate,United States,Gresham,Oregon,West
JB-13372,Jeffrey Baker,Home Office,United States,Apple Valley,Minnesota,Central
LT-10021,Lisa Thompson,Home Office,United States,La Porte,Indiana,Central
JM-10700,James Martin,Home Office,United States,Mansfield,Texas,Central
SP-12542,Susan Parker,Home Office,United States,San Jose,California,West
BC-13391,Brian Clark,Consumer,United States,Littleton,Colorado,West
EE-13172,Emily Evans,Home Office,United States,Goldsboro,North Carolina,South
BW-11723,Barbara Wright,Corporate,United States,Sparks,Nevada,West
MJ-13063,Michael Jones,Home Office,United States,Rock Hill,South Carolina,South
RJ-13314,Ronald Johnson,Home Office,United States,Asheville,North Carolina,South
JG-10854,Joshua Gomez,Corporate,United States,Manteca,California,West
RE-14150,Richard Evans,Consumer,United States,Ann Arbor,Michigan,Central
KE-13512,Karen Edwards,Home Office,United States,San Bernardino,California,West
SA-11338,Steven Anderson,Home Office,United States,Garden City,Kansas,Central
LG-11673,Lisa Gonzalez,Home Office,United States,Carol Stream,Illinois,Central
LT-13387,Linda Torres,Home Office,United States,Edinburg,Texas,Central
TT-11612,Thomas Thomas,Corporate,United States,Plano,Texas,Central
BR-11481,Betty Roberts,Consumer,United States,Reno,Nevada,West
NG-12125,Nancy Gomez,Corporate,United States,Roseville,California,West
DH-12809,Deborah Hill,Consumer,United States,Wichita,Kansas,Central
KC-12731,Karen Clark,Consumer,United States,Edmonds,Washington,West
AL-14021,Amanda Lee,Corporate,United States,Carol Stream,Illinois,Central
JT-10013,Jason Thompson,Consumer,United States,Smyrna,Tennessee,South
MR-13992,Michael Rivera,Corporate,United States,Des Plaines,Illinois,Central
AG-12439,Ashley Gomez,Consumer,United States,New York City,New York,East
JB-11598,Jennifer Baker,Home Office,United States,Woodbury,Minnesota,Central
CL-13336,Charles Lee,Home Office,United States,Hamilton,Ohio,East
KW-12065,Karen Walker,Consumer,United States,Commerce City,Colorado,West
SW-12703,Sharon Williams,Corporate,United States,Rock Hill,South Carolina,South
BR-11905,Barbara Robinson,Corporate,United States,East Orange,New Jersey,East
KW-13492,Kimberly Wilson,Consumer,United States,Bellevue,Washington,West
AW-13791,Amanda Walker,Consumer,United States,Quincy,Massachusetts,East
SW-10129,Sharon Williams,Consumer,United States,Avondale,Arizona,West
AA-12738,Ashley Allen,Corporate,United States,Holland,Michigan,Central
JC-11052,James Carter,Home Office,United States,Corpus Christi,Texas,Central
WD-11553,William Diaz,Home Office,United States,Park Ridge,Illinois,Central
MB-12066,Matthew Baker,Corporate,United States,Gresham,Oregon,West
EC-12190,Elizabeth Collins,Consumer,United States,Laurel,Maryland,East
AM-10852,Anthony Miller,Consumer,United States,Memphis,Tennessee,South
LC-10985,Lisa Cruz,Consumer,United States,Springfield,Missouri,Central
EJ-10793,Elizabeth Johnson,Home Office,United States,El Paso,Texas,Central
CD-11184,Chris Diaz,Home Office,United States,Kenosha,Wisconsin,Central
AY-10877,Amanda Young,Home Office,United States,Dearborn,Michigan,Central
BW-14138,Barbara Walker,Consumer,United States,Saint Charles,Illinois,Central
DA-13043,Daniel Allen,Home Office,United States,Frankfort,Illinois,Central
JW-13105,Jessica Wilson,Home Office,United States,Santa Ana,California,West
EH-13033,Emily Hill,Consumer,United States,Moreno Valley,California,West
MM-10907,Mary Mitchell,Corporate,United States,Rockford,Illinois,Central
LW-10383,Lisa Wilson,Corporate,United States,Freeport,Illinois,Central
MH-10569,Mark Hill,Consumer,United States,Texarkana,Arkansas,South
SG-12136,Stephanie Gonzalez,Corporate,United States,Texarkana,Arkansas,South
DH-10164,Dorothy Hall,Corporate,United States,Apple Valley,Minnesota,Central
BA-12986,Betty Adams,Consumer,United States,Mesquite,Texas,Central
RT-11133,Robert Thomas,Corporate,United States,Albuquerque,New Mexico,West
NC-13828,Nancy Carter,Consumer,United States,Franklin,Tennessee,South
TE-10738,Thomas Evans,Home Office,United States,Concord,North Carolina,South
RW-11142,Rebecca Walker,Home Office,United States,Hagerstown,Maryland,East
GG-12425,George Green,Home Office,United States,Denver,Colorado,West
RR-12114,Rebecca Robinson,Home Office,United States,Fairfield,Ohio,East
SC-10222,Stephanie Collins,Corporate,United States,Montebello,California,West
SS-11894,Stephanie Smith,Consumer,United States,Oak Park,Michigan,Central
LL-11946,Lisa Lewis,Consumer,United States,Chesapeake,Virginia,South
JA-12262,Joshua Adams,Home Office,United States,Washington,District of Columbia,East
JW-12501,James Walker,Corporate,United States,Springfield,Ohio,East
NC-13494,Nancy Carter,Consumer,United States,Reading,Pennsylvania,East
TW-11229,Thomas Wilson,Corporate,United States,Waterbury,Connecticut,East
DP-10461,David Phillips,Home Office,United States,La Crosse,Wisconsin,Central
RC-13235,Richard Collins,Home Office,United States,West Jordan,Utah,West
ML-10489,Mark Lewis,Home Office,United States,Waterloo,Iowa,Central
KJ-13674,Kenneth Jackson,Home Office,United States,Spokane,Washington,West
SC-11204,Susan Collins,Home Office,United States,Tinley Park,Illinois,Central
MG-10745,Matthew Garcia,Consumer,United States,El Cajon,California,West
WW-13827,William Wilson,Home Office,United States,Hillsboro,Oregon,West
KA-10688,Kenneth Anderson,Consumer,United States,Decatur,Illinois,Central
AL-12428,Anthony Lee,Home Office,United States,Saginaw,Michigan,Central
TW-12375,Thomas Wright,,United States,Sacramento,California,West
GJ-11775,George Jones,Corporate,United States,Manteca,California,West
DJ-13952,Dorothy Jackson,Corporate,United States,Park Ridge,Illinois,Central
EM-10119,Emily Martinez,Consumer,United States,Lakewood,California,West
DL-11117,Dorothy Lopez,Consumer,United States,Quincy,Massachusetts,East
MM-10508,Matthew Martinez,Consumer,United States,Bossier City,Louisiana,South
SB-10765,Sarah Brown,Home Office,United States,Sheboygan,Wisconsin,Central
JM-13278,Jessica Moore,Corporate,United States,Columbus,Indiana,Central
AS-12652,Anthony Sanchez,Corporate,United States,Davis,California,West
DM-11771,Daniel Martinez,Corporate,United States,Grove City,Ohio,East
BE-13725,Betty Edwards,Corporate,United States,Franklin,Massachusetts,East
MW-10579,Mark White,Corporate,United States,Murray,Utah,West
ML-11610,Michael Lee,Home Office,United States,Haltom City,Texas,Central
ME-12582,Michelle Evans,Home Office,United States,Woodstock,Illinois,Central
BR-13168,Brian Ramirez,Home Office,United States,Broomfield,Colorado,West
SM-13085,Stephanie Miller,Corporate,United States,Concord,North Carolina,South
CB-11799,Chris Baker,Consumer,United States,Pine Bluff,Arkansas,South
BN-13742,Betty Nelson,Corporate,United States,Madison,Wisconsin,Central
JP-13929,Jessica Perez,Corporate,United States,Vineland,New Jersey,East
BD-11289,Brian Davis,Corporate,United States,Port Saint Lucie,Florida,South
TA-10240,Thomas Anderson,Home Office,United States,Lindenhurst,New York,East
SY-13014,Sharon Young,Consumer,United States,Santa Clara,California,West
SK-11746,Sarah King,Home Office,United States,Bloomington,Illinois,Central
JW-11600,Jason Walker,Home Office,United States,Murray,Utah,West
JR-11779,Jennifer Roberts,Corporate,United States,Redlands,California,West
DP-10904,David Perez,Corporate,United States,Andover,Massachusetts,East
PT-13860,Patricia Thompson,Home Office,United States,Hickory,North Carolina,South
CL-11870,Charles Lewis,Corporate,United States,Pearland,Texas,Central
JW-11560,Joseph White,Home Office,United States,Colorado Springs,Colorado,West
KL-13900,Kenneth Lopez,Home Office,United States,Aurora,Illinois,Central
JD-11312,James Diaz,Home Office,United States,Grove City,Ohio,East
BH-13732,Barbara Harris,Consumer,United States,Hollywood,Florida,South
TN-10804,Timothy Nelson,Consumer,United States,San Jose,California,West
DJ-14093,Donald Jones,Corporate,United States,Fort Worth,Texas,Central
AW-10344,Amanda Wright,Consumer,United States,Hialeah,Florida,South
KC-11331,Kevin Campbell,Corporate,United States,Coppell,Texas,Central
DN-13549,Deborah Nguyen,Consumer,United States,Waynesboro,Virginia,South
DF-13811,Daniel Flores,Consumer,United States,Rapid City,South Dakota,Central
RM-12869,Ronald Moore,Home Office,United States,Atlanta,Georgia,South
AB-12369,Ashley Baker,Consumer,United States,Decatur,Alabama,South
MG-11941,Matthew Green,Consumer,United States,Wilson,North Carolina,South
JG-13449,Jeffrey Green,Home Office,United States,Columbus,Georgia,South
AA-11577,Anthony Allen,Home Office,United States,Richmond,Kentucky,South
MG-11541,Melissa Gomez,Home Office,United States,West Jordan,Utah,West
AR-11086,Andrew Ramirez,Corporate,United States,Maple Grove,Minnesota,Central
DT-13141,Donald Thompson,Corporate,United States,Chattanooga,Tennessee,South
AC-13566,Amanda Clark,Corporate,United States,Troy,Ohio,East
WH-11123,William Hernandez,Home Office,United States,Hollywood,Florida,South
ET-13976,Emily Turner,Consumer,United States,Redding,California,West
KS-13298,Kevin Smith,Consumer,United States,Longmont,Colorado,West
SK-11041,Stephanie King,Corporate,United States,Franklin,Wisconsin,Central
JH-10012,Jennifer Harris,Corporate,United States,Quincy,Illinois,Central
ML-12798,Mark Lee,Corporate,United States,Fort Worth,Texas,Central
JR-12588,Jessica Ramirez,Consumer,United States,Montebello,California,West
MG-12558,Margaret Garcia,Home Office,United States,Bloomington,Illinois,Central
RC-13782,Ronald Carter,Corporate,United States,Lubbock,Texas,Central
JG-12326,John Gonzalez,Consumer,United States,Louisville,Colorado,West
JE-13331,Jessica Evans,Home Office,United States,Lansing,Michigan,Central
DN-10312,Donna Nelson,Consumer,United States,Bethlehem,Pennsylvania,East
JS-11044,Jennifer Scott,Consumer,United States,Mentor,Ohio,East
LW-11451,Linda Williams,Home Office,United States,Fort Worth,Texas,Central
BW-10488,Barbara Williams,Home Office,United States,Jackson,Tennessee,South
DP-11536,Donna Phillips,Consumer,United States,Pine Bluff,Arkansas,South
CC-11222,Carol Clark,Consumer,United States,Owensboro,Kentucky,South
JR-13930,Joseph Robinson,Home Office,United States,Moorhead,Minnesota,Central
SD-11238,Stephanie Diaz,Home Office,United States,Yucaipa,California,West
BW-11912,Brian Wilson,Consumer,United States,Westfield,New Jersey,East
MT-13223,Mark Thompson,Home Office,United States,Lewiston,Maine,East
MA-11288,Michael Adams,Consumer,United States,New York City,New York,East
TM-10950,Timothy Miller,Corporate,United States,Marysville,Washington,West
LT-10514,Laura Turner,Corporate,United States,Olympia,Washington,West
SY-10634,Sandra Young,Corporate,United States,Leominster,Massachusetts,East
MW-12270,Matthew White,Corporate,United States,Houston,Texas,Central
AC-12939,Andrew Cruz,Corporate,United States,Roseville,Minnesota,Central
DG-10918,Donna Garcia,Corporate,United States,Anaheim,California,West
LT-14171,Lisa Thompson,Corporate,United States,Hendersonville,Tennessee,South
EM-10714,Edward Moore,Corporate,United States,Knoxville,Tennessee,South
DW-12682,Donald Wilson,Consumer,United States,Citrus Heights,California,West
ME-11590,Melissa Evans,Consumer,United States,Clarksville,Tennessee,South
DR-10908,Donna Ramirez,Consumer,United States,Billings,Montana,West
BG-13106,Brian Garcia,Corporate,United States,Huntington Beach,California,West
MM-10572,Margaret Moore,Consumer,United States,Hamilton,Ohio,East
DT-13464,Donald Taylor,Home Office,United States,Boise,Idaho,West
BC-11195,Betty Cruz,Home Office,United States,Lincoln Park,Michigan,Central
WG-11834,William Garcia,Home Office,United States,Hempstead,New York,East
JJ-11798,Jessica Jones,Corporate,United States,Lafayette,Louisiana,South
RT-12891,Robert Thompson,,United States,Lakewood,New Jersey,East
LY-13164,Linda Young,Consumer,United States,Chico,California,West
RJ-13427,Rebecca Jones,Corporate,United States,Lewiston,Maine,East
DH-14137,Donald Hill,Corporate,United States,Margate,Florida,South
DM-13448,David Martinez,Consumer,United States,Danville,California,West
BR-11841,Brian Rivera,Consumer,United States,Waterloo,Iowa,Central
AC-10163,Anthony Cruz,Consumer,United States,Pine Bluff,Arkansas,South
JT-11751,Jessica Torres,Home Office,United States,Columbia,Maryland,East
JL-11644,Jeffrey Lewis,Home Office,United States,Wheeling,Illinois,Central
RC-12706,Rebecca Campbell,Consumer,United States,Green Bay,Wisconsin,Central
RW-10101,Robert Wright,Home Office,United States,Harrisonburg,Virginia,South
JT-13933,Jennifer Thompson,,United States,Andover,Massachusetts,East
JM-10409,Joshua Martinez,Consumer,United States,Dublin,Ohio,East
JD-11383,Jeffrey Diaz,Consumer,United States,Altoona,Pennsylvania,East
JT-13639,Jennifer Thompson,Consumer,United States,East Point,Georgia,South
MW-13656,Mary Walker,Corporate,United States,Glenview,Illinois,Central
ML-10994,Margaret Lee,Consumer,United States,Warner Robins,Georgia,South
DW-13767,Donald Walker,Corporate,United States,Fairfield,Ohio,East
JC-10044,James Campbell,Home Office,United States,Carrollton,Texas,Central
MW-11738,Michael Williams,Home Office,United States,Coral Gables,Florida,South
DW-13496,Donald Wright,Home Office,United States,Trenton,Michigan,Central
JS-11452,Joshua Sanchez,Home Office,United States,Everett,Washington,West
SD-10140,Steven Davis,Home Office,United States,Mount Pleasant,South Carolina,South
SJ-12044,Stephanie Jackson,Consumer,United States,Fairfield,Ohio,East
CA-13723,Charles Anderson,Corporate,United States,Portland,Oregon,West
TP-13348,Timothy Parker,Consumer,United States,New Brunswick,New Jersey,East
DP-12275,David Phillips,Home Office,United States,Champaign,Illinois,Central
CH-10249,Charles Hall,Home Office,United States,Atlanta,Georgia,South
LE-11348,Lisa Evans,Consumer,United States,Fairfield,Connecticut,East
BJ-11850,Barbara Johnson,Home Office,United States,Tigard,Oregon,West
RW-13563,Rebecca Wilson,Consumer,United States,Chattanooga,Tennessee,South
AH-14190,Andrew Hall,Home Office,United States,Broken Arrow,Oklahoma,Central
MW-14003,Michelle Wilson,Consumer,United States,Concord,New Hampshire,East
ME-12943,Michelle Evans,Corporate,United States,Salinas,California,West
ES-12337,Edward Smith,Consumer,United States,Oxnard,California,West
EF-12866,Edward Flores,Consumer,United States,La Porte,Texas,Central
JR-13884,Jessica Rodriguez,Corporate,United States,Melbourne,Florida,South
MW-12224,Michelle White,Consumer,United States,Dublin,Ohio,East
EW-10771,Edward Wright,Consumer,United States,Wausau,Wisconsin,Central
ME-10562,Mark Edwards,Corporate,United States,Sterling Heights,Michigan,Central
KK-13927,Kimberly King,Corporate,United States,Iowa City,Iowa,Central
LB-12794,Linda Baker,Corporate,United States,Redwood City,California,West
JJ-11506,Joseph Jones,Home Office,United States,Caldwell,Idaho,West
EL-12438,Emily Lopez,Home Office,United States,Roseville,California,West
PA-10519,Patricia Adams,Corporate,United States,Moreno Valley,California,West
JC-14054,Joseph Clark,Corporate,United States,Kissimmee,Florida,South
BP-13140,Betty Perez,Home Office,United States,Altoona,Pennsylvania,East
ML-12557,Michelle Lopez,Home Office,United States,Covington,Washington,West
KT-11916,Kimberly Torres,Consumer,United States,Jamestown,New York,East
SM-12089,Sandra Moore,Home Office,United States,Edinburg,Texas,Central
KA-10284,Kimberly Adams,Corporate,United States,Boise,Idaho,West
BH-12994,Brian Harris,Corporate,United States,Springfield,Ohio,East
MD-10709,Michelle Diaz,Corporate,United States,Conroe,Texas,Central
DW-11664,Daniel Walker,Consumer,United States,El Cajon,California,West
RR-13353,Robert Ramirez,Corporate,United States,Thomasville,North Carolina,South
CG-10521,Charles Garcia,Corporate,United States,Trenton,Michigan,Central
BY-11776,Barbara Young,Consumer,United States,Aberdeen,South Dakota,Central
WA-10760,William Allen,Consumer,United States,Fairfield,Ohio,East
JJ-13433,Jessica Jackson,Home Office,United States,Bossier City,Louisiana,South
RA-12935,Richard Allen,Corporate,United States,Hampton,Virginia,South
JN-12521,Jason Nelson,Consumer,United States,Mcallen,Texas,Central
EG-10037,Elizabeth Green,Home Office,United States,Evanston,Illinois,Central
TW-10027,Timothy Williams,Corporate,United States,Mesquite,Texas,Central
KP-10897,Karen Perez,Consumer,United States,Sandy Springs,Georgia,South
CW-10086,Charles Wilson,Home Office,United States,Westfield,New Jersey,East
AM-13668,Andrew Moore,Consumer,United States,Parma,Ohio,East
DR-14032,Deborah Roberts,Consumer,United States,Davis,California,West
KT-12410,Karen Torres,Consumer,United States,Overland Park,Kansas,Central
KT-12671,Karen Torres,Corporate,United States,Fort Worth,Texas,Central
KC-14000,Kenneth Cruz,Home Office,United States,Hesperia,California,West
RH-11739,Rebecca Harris,Home Office,United States,Bethlehem,Pennsylvania,East
JG-13628,Jeffrey Gomez,Consumer,United States,Independence,Missouri,Central
SJ-10876,Stephanie Jackson,Corporate,United States,Tampa,Florida,South
BJ-10148,Brian Jackson,Consumer,United States,Wheeling,West Virginia,East
AM-11701,Amanda Martin,Consumer,United States,Saint Louis,Missouri,Central
CC-11094,Carol Cruz,Consumer,United States,Palatine,Illinois,Central
PD-12113,Paul Diaz,Consumer,United States,Fort Collins,Colorado,West
AF-11851,Andrew Flores,Home Office,United States,Murray,Kentucky,South
EA-10928,Emily Allen,Corporate,United States,Rogers,Arkansas,South
MT-10528,Michael Turner,Consumer,United States,Bangor,Maine,East
EC-13029,Edward Collins,Home Office,United States,Paterson,New Jersey,East
RL-13601,Ronald Lee,Home Office,United States,Freeport,New York,East
WG-12825,William Green,Corporate,United States,Chico,California,West
DC-10800,David Campbell,,United States,North Charleston,South Carolina,South
JS-12974,Joshua Smith,Corporate,United States,San Jose,California,West
AM-10382,Anthony Moore,Home Office,United States,Saint Paul,Minnesota,Central
PL-10486,Patricia Lewis,Corporate,United States,Warwick,Rhode Island,East
KC-11702,Kenneth Campbell,Home Office,United States,Roseville,California,West
DM-11103,David Miller,Home Office,United States,Jackson,Tennessee,South
LR-10597,Lisa Robinson,Consumer,United States,Atlantic City,New Jersey,East
SK-12727,Sharon King,Corporate,United States,Stockton,California,West
JR-14031,Jennifer Roberts,Corporate,United States,Littleton,Colorado,West
JP-11595,Jessica Parker,Consumer,United States,Kent,Washington,West
CP-10493,Carol Perez,Corporate,United States,Dublin,Ohio,East
BA-11796,Betty Adams,Consumer,United States,Romeoville,Illinois,Central
EJ-10580,Edward Jones,Consumer,United States,Laurel,Maryland,East
DT-11803,David Thompson,Home Office,United States,Boise,Idaho,West
DL-10607,David Lee,Corporate,United States,Macon,Georgia,South
SM-12968,Sarah Martinez,Corporate,United States,Iowa City,Iowa,Central
AR-13113,Andrew Roberts,Home Office,United States,Medina,Ohio,East
EG-10643,Emily Gonzalez,Home Office,United States,Wheeling,Illinois,Central
RB-13493,Rebecca Brown,Corporate,United States,Lowell,Massachusetts,East
PF-13795,Patricia Flores,Consumer,United States,North Las Vegas,Nevada,West
SP-11830,Sarah Phillips,Home Office,United States,Franklin,Tennessee,South
LT-13119,Linda Torres,Consumer,United States,Las Cruces,New Mexico,West
TJ-12430,Timothy Jackson,Corporate,United States,Trenton,Michigan,Central
LB-12138,Linda Baker,Home Office,United States,Pine Bluff,Arkansas,South
DS-13419,David Smith,Corporate,United States,Woodland,California,West
BH-11982,Barbara Hall,Corporate,United States,Little Rock,Arkansas,South
JP-13082,Jeffrey Perez,Consumer,United States,Moorhead,Minnesota,Central
JH-14027,Jeffrey Hernandez,Consumer,United States,Rio Rancho,New Mexico,West
DC-13251,Daniel Cruz,Corporate,United States,Torrance,California,West
MA-11543,Matthew Adams,Home Office,United States,Jonesboro,Arkansas,South
ET-10451,Edward Taylor,Corporate,United States,Fairfield,Ohio,East
JT-10931,Jennifer Torres,Consumer,United States,Minneapolis,Minnesota,Central
LT-12771,Linda Thompson,Home Office,United States,Corpus Christi,Texas,Central
TP-10395,Thomas Phillips,Consumer,United States,Linden,New Jersey,East
JA-13697,Jason Anderson,Corporate,United States,Mission Viejo,California,West
CA-12751,Charles Adams,Consumer,United States,Lake Elsinore,California,West
AC-11937,Andrew Campbell,Home Office,United States,Mesquite,Texas,Central
BR-11438,Betty Ramirez,Consumer,United States,Mesquite,Texas,Central
TE-13937,Timothy Evans,Home Office,United States,Parker,Colorado,West
DB-13839,Donald Brown,Corporate,United States,Eau Claire,Wisconsin,Central
SM-12528,Sharon Martinez,Corporate,United States,Fayetteville,Arkansas,South
DC-11914,Donald Campbell,Corporate,United States,Spokane,Washington,West
EP-12256,Elizabeth Phillips,Home Office,United States,Sanford,Florida,South
LY-12605,Linda Young,Corporate,United States,Albuquerque,New Mexico,West
TH-10115,Thomas Hernandez,Home Office,United States,Boise,Idaho,West
DN-13939,Donna Nelson,Home Office,United States,Grove City,Ohio,East
DY-13075,Donald Young,Consumer,United States,Peoria,Illinois,Central
TL-11182,Thomas Lee,Consumer,United States,Detroit,Michigan,Central
JC-11539,Joshua Cruz,Corporate,United States,Normal,Illinois,Central
NG-12761,Nancy Green,Home Office,United States,El Paso,Texas,Central
AM-10949,Andrew Moore,Home Office,United States,Caldwell,Idaho,West
BW-12691,Brian Wilson,Corporate,United States,Sandy Springs,Georgia,South
MR-11323,Matthew Roberts,Home Office,United States,Nashville,Tennessee,South
JC-11509,Joseph Clark,Home Office,United States,Little Rock,Arkansas,South
MD-13789,Mary Diaz,Consumer,United States,Oceanside,New York,East
JP-14111,Jennifer Phillips,Consumer,United States,Aurora,Illinois,Central
CL-10869,Chris Lopez,Corporate,United States,Pearland,Texas,Central
SP-13918,Susan Phillips,Home Office,United States,Ontario,California,West
DD-12170,Deborah Davis,Consumer,United States,Kent,Ohio,East
MG-10635,Mary Garcia,Home Office,United States,Apple Valley,California,West
DW-12248,Dorothy Williams,Corporate,United States,Stockton,California,West
KA-10221,Kimberly Adams,Home Office,United States,Suffolk,Virginia,South
JR-13814,Jennifer Rodriguez,Corporate,United States,Bartlett,Tennessee,South
JH-12085,Jason Hill,Corporate,United States,Montgomery,Alabama,South
SC-10305,Sarah Clark,Corporate,United States,Loveland,Colorado,West
JA-11852,Joseph Anderson,Corporate,United States,Memphis,Tennessee,South
JP-13847,John Phillips,Home Office,United States,Melbourne,Florida,South
CF-12484,Carol Flores,Consumer,United States,Fairfield,California,West
PG-11097,Paul Gomez,Corporate,United States,Helena,Montana,West
TY-12446,Thomas Young,Consumer,United States,Layton,Utah,West
SH-10047,Steven Hill,Consumer,United States,Brownsville,Texas,Central
RP-11146,Robert Perez,Corporate,United States,Santa Ana,California,West
DN-10613,David Nelson,Home Office,United States,New Castle,Indiana,Central
LS-12489,Linda Smith,Corporate,United States,Palatine,Illinois,Central
SW-13483,Sandra Williams,Consumer,United States,Saint Charles,Illinois,Central
RW-11495,Ronald White,Corporate,United States,Pharr,Texas,Central
KC-13157,Kenneth Campbell,Consumer,United States,Yucaipa,California,West
KT-13635,Kimberly Thomas,Corporate,United States,Hagerstown,Maryland,East
RR-10523,Rebecca Ramirez,Consumer,United States,Austin,Texas,Central
CG-11589,Charles Garcia,Home Office,United States,San Mateo,California,West
AT-13273,Amanda Turner,Corporate,United States,Clarksville,Tennessee,South
CM-13798,Chris Miller,Corporate,United States,Bullhead City,Arizona,West
JC-10079,Jennifer Carter,Consumer,United States,Smyrna,Georgia,South
DL-14125,Daniel Lopez,Corporate,United States,Jackson,Michigan,Central
MC-10622,Mark Clark,Corporate,United States,Chandler,Arizona,West
SN-12877,Sarah Nguyen,Home Office,United States,Visalia,California,West
AS-13038,Anthony Sanchez,Corporate,United States,Bakersfield,California,West
RH-11218,Rebecca Hall,,United States,Layton,Utah,West
AC-13420,Amanda Cruz,Home Office,United States,Margate,Florida,South
GA-11875,George Allen,Consumer,United States,Gastonia,North Carolina,South
JR-11505,Jeffrey Rodriguez,Consumer,United States,Mcallen,Texas,Central
MR-13737,Mary Roberts,Consumer,United States,Manhattan,Kansas,Central
KT-14006,Kenneth Thompson,Home Office,United States,Chandler,Arizona,West
KC-11911,Kimberly Clark,Consumer,United States,Cambridge,Massachusetts,East
JW-13333,Joshua White,Consumer,United States,Manteca,California,West
GM-12340,George Miller,Home Office,United States,Escondido,California,West
CJ-11684,Chris Johnson,Consumer,United States,Burlington,North Carolina,South
MG-11594,Melissa Gonzalez,Home Office,United States,Provo,Utah,West
JK-12477,Jessica King,Home Office,United States,Montgomery,Alabama,South
SS-13208,Sarah Smith,Corporate,United States,Franklin,Massachusetts,East
SC-11958,Sandra Cruz,Consumer,United States,Franklin,Wisconsin,Central
JP-13805,John Phillips,Consumer,United States,Warner Robins,Georgia,South
JH-11697,Jessica Harris,Consumer,United States,Cranston,Rhode Island,East
JA-10820,Jason Adams,Consumer,United States,Portland,Oregon,West
RC-10753,Richard Cruz,Consumer,United States,Gastonia,North Carolina,South
RH-12292,Robert Hill,Home Office,United States,Haltom City,Texas,Central
KR-13355,Kimberly Rodriguez,Home Office,United States,Houston,Texas,Central
SH-11678,Stephanie Hall,Corporate,United States,Bayonne,New Jersey,East
CG-13663,Charles Gonzalez,Consumer,United States,Temecula,California,West
EM-13213,Emily Moore,Consumer,United States,Pembroke Pines,Florida,South
EC-13205,Emily Clark,Corporate,United States,Dublin,Ohio,East
CW-13850,Charles Williams,Corporate,United States,Rancho Cucamonga,California,West
SK-13750,Susan King,Home Office,United States,Plainfield,New Jersey,East
RM-13802,Richard Mitchell,Corporate,United States,Cottage Grove,Minnesota,Central
BM-13671,Betty Miller,Home Office,United States,Gulfport,Mississippi,South
SN-12912,Stephanie Nelson,Corporate,United States,Mishawaka,Indiana,Central
JG-11476,Joshua Garcia,Consumer,United States,Raleigh,North Carolina,South
KM-13266,Kevin Moore,Corporate,United States,Park Ridge,Illinois,Central
LM-13270,Linda Miller,Consumer,United States,Troy,New York,East
MM-13622,Michelle Miller,Consumer,United States,Columbia,South Carolina,South
MB-13425,Michelle Brown,Corporate,United States,Boynton Beach,Florida,South
MM-10003,Melissa Miller,Consumer,United States,Saint Charles,Illinois,Central
CG-13612,Carol Gomez,Consumer,United States,Pine Bluff,Arkansas,South
PT-11068,Paul Thompson,Corporate,United States,Antioch,California,West
SJ-10181,Susan Jones,Corporate,United States,Lawrence,Indiana,Central
KC-10147,Kevin Clark,Corporate,United States,San Angelo,Texas,Central
MP-10630,Matthew Parker,Consumer,United States,Odessa,Texas,Central
DM-10402,Donna Miller,Home Office,United States,Fargo,North Dakota,Central
PC-11105,Patricia Carter,Home Office,United States,Boynton Beach,Florida,South
EP-11450,Emily Parker,Consumer,United States,Morgan Hill,California,West
MA-12890,Mark Anderson,Home Office,United States,Kent,Washington,West
LH-10173,Laura Hernandez,Corporate,United States,Oak Park,Illinois,Central
BS-14083,Betty Smith,Consumer,United States,Apopka,Florida,South
SR-10668,Steven Roberts,Home Office,United States,Marietta,Georgia,South
RT-13809,Richard Turner,Home Office,United States,Antioch,California,West
LC-12276,Laura Clark,Home Office,United States,Dearborn,Michigan,Central
BN-11814,Brian Nelson,Corporate,United States,Dover,Delaware,East
JT-13151,Jason Torres,Home Office,United States,Las Vegas,Nevada,West
MT-11917,Michelle Torres,Home Office,United States,Jupiter,Florida,South
MD-12622,Margaret Davis,Consumer,United States,Providence,Rhode Island,East
JJ-14008,Jeffrey Jackson,Corporate,United States,Helena,Montana,West
JC-13876,Joshua Carter,Corporate,United States,Southaven,Mississippi,South
TW-10776,Thomas Wilson,Home Office,United States,Little Rock,Arkansas,South
LW-11005,Lisa Wright,Corporate,United States,Florence,Kentucky,South
SL-12252,Sandra Lee,Consumer,United States,Palm Coast,Florida,South
EN-13712,Emily Nelson,Corporate,United States,Bossier City,Louisiana,South
KJ-10412,Kimberly Jackson,Home Office,United States,San Gabriel,California,West
JH-10259,Joshua Hill,Home Office,United States,Cedar Rapids,Iowa,Central
LJ-10901,Linda Johnson,Home Office,United States,Sacramento,California,West
DM-12555,Donald Moore,Home Office,United States,Danbury,Connecticut,East
CJ-13350,Charles Johnson,Consumer,United States,Peoria,Arizona,West
LH-11607,Linda Hall,Corporate,United States,Redwood City,California,West
RW-12721,Ronald Wilson,Home Office,United States,Thomasville,North Carolina,South
DB-13272,Deborah Baker,Consumer,United States,Smyrna,Georgia,South
JN-11524,Joshua Nguyen,Consumer,United States,Tampa,Florida,South
SC-11416,Susan Carter,Corporate,United States,Glenview,Illinois,Central
MG-13002,Michelle Garcia,Consumer,United States,Denver,Colorado,West
JT-10792,John Torres,Home Office,United States,Fresno,California,West
DL-10531,Donald Lewis,Consumer,United States,Fort Worth,Texas,Central
AL-13067,Ashley Lopez,Consumer,United States,La Mesa,California,West
AB-12355,Ashley Baker,Corporate,United States,Wilmington,North Carolina,South
AA-13514,Ashley Adams,Corporate,United States,Sandy Springs,Georgia,South
SM-13749,Steven Mitchell,Home Office,United States,Monroe,Louisiana,South
JY-10966,Jason Young,Home Office,United States,Sacramento,California,West
LW-10834,Laura Wright,Corporate,United States,Lincoln Park,Michigan,Central
RG-12754,Rebecca Green,Home Office,United States,Reno,Nevada,West
PS-11396,Patricia Smith,Consumer,United States,Allentown,Pennsylvania,East
EP-11638,Elizabeth Parker,Home Office,United States,Lake Elsinore,California,West
JJ-11434,Jennifer Jones,Consumer,United States,Fairfield,Connecticut,East
SW-10791,Susan White,Corporate,United States,Ontario,California,West
PT-11785,Paul Torres,Corporate,United States,Cleveland,Ohio,East
AR-13397,Andrew Roberts,Home Office,United States,Boynton Beach,Florida,South
JB-12681,Jennifer Brown,Consumer,United States,Bloomington,Indiana,Central
JR-11180,John Ramirez,Home Office,United States,Tamarac,Florida,South
MA-14011,Michael Anderson,,United States,Gastonia,North Carolina,South
SD-12200,Sandra Diaz,Home Office,United States,Coral Gables,Florida,South
ES-12420,Edward Scott,Consumer,United States,Garland,Texas,Central
ML-11145,Mary Lee,Consumer,United States,El Paso,Texas,Central
DB-12602,Dorothy Brown,Consumer,United States,Eugene,Oregon,West
MA-12998,Matthew Allen,Home Office,United States,Freeport,New York,East
EM-10675,Emily Martin,Corporate,United States,Macon,Georgia,South
CC-14092,Chris Clark,Consumer,United States,Columbia,Maryland,East
MB-11973,Matthew Brown,Corporate,United States,Saint Petersburg,Florida,South
KE-10608,Kimberly Edwards,Consumer,United States,Bowling Green,Kentucky,South
ME-12320,Melissa Evans,Consumer,United States,Park Ridge,Illinois,Central
DC-13334,Dorothy Cruz,Corporate,United States,Modesto,California,West
CW-13477,Carol Wright,Consumer,United States,Logan,Utah,West
MM-13588,Michelle Miller,Corporate,United States,Noblesville,Indiana,Central
BR-11016,Brian Ramirez,Consumer,United States,Parma,Ohio,East
JR-12014,Jessica Ramirez,Home Office,United States,Bolingbrook,Illinois,Central
CR-12472,Chris Robinson,Consumer,United States,Durham,North Carolina,South
JR-10703,Jeffrey Rodriguez,Corporate,United States,Holland,Michigan,Central
BH-13951,Betty Hall,Consumer,United States,Sheboygan,Wisconsin,Central
LG-11297,Linda Gomez,Corporate,United States,Huntington Beach,California,West
ER-11953,Elizabeth Roberts,Home Office,United States,Franklin,Massachusetts,East
MM-10422,Margaret Miller,Consumer,United States,Waukesha,Wisconsin,Central
JG-14145,Jason Gonzalez,Corporate,United States,Westland,Michigan,Central
MW-13740,Michelle Wright,Corporate,United States,San Marcos,Texas,Central
JD-11488,Jessica Diaz,Home Office,United States,Richmond,Virginia,South
PG-10611,Paul Garcia,Home Office,United States,La Mesa,California,West
KC-12086,Kevin Carter,Consumer,United States,San Marcos,Texas,Central
KF-10475,Kenneth Flores,Home Office,United States,Saint Louis,Missouri,Central
NM-10560,Nancy Moore,Corporate,United States,Costa Mesa,California,West
KR-12881,Karen Ramirez,Home Office,United States,Redondo Beach,California,West
SG-11924,Stephanie Green,Consumer,United States,Reno,Nevada,West
DH-13996,Donna Harris,Home Office,United States,Gulfport,Mississippi,South
JW-11580,Jeffrey Wright,Corporate,United States,Bryan,Texas,Central
SP-13445,Steven Phillips,Consumer,United States,Cleveland,Ohio,East
MK-12193,Margaret King,Corporate,United States,Bolingbrook,Illinois,Central
DE-13062,David Evans,Consumer,United States,Grand Island,Nebraska,Central
RH-10509,Rebecca Hall,Home Office,United States,Richmond,Virginia,South
JN-12885,Joseph Nguyen,Corporate,United States,Phoenix,Arizona,West
AH-12431,Amanda Hill,Corporate,United States,Pleasant Grove,Utah,West
BH-11500,Barbara Harris,Corporate,United States,Orlando,Florida,South
JC-11140,Jeffrey Clark,Corporate,United States,Woodbury,Minnesota,Central
KP-12507,Kevin Phillips,Consumer,United States,Newark,Ohio,East
AM-14068,Anthony Martin,Consumer,United States,New Castle,Indiana,Central
LR-14162,Lisa Robinson,Home Office,United States,Taylor,Michigan,Central
LB-11928,Linda Baker,Corporate,United States,Littleton,Colorado,West
BN-11458,Barbara Nelson,Consumer,United States,Greeley,Colorado,West
EM-10770,Elizabeth Martin,,United States,Corpus Christi,Texas,Central
MT-11991,Michelle Thomas,Consumer,United States,Burbank,California,West
LR-12346,Linda Robinson,Home Office,United States,Jackson,Mississippi,South
DS-13857,Deborah Scott,Home Office,United States,Charlottesville,Virginia,South
KR-13146,Karen Robinson,Home Office,United States,Des Moines,Iowa,Central
DG-11134,David Green,Home Office,United States,Hesperia,California,West
JW-10005,Jennifer Wilson,Home Office,United States,Freeport,New York,East
JD-13667,Joseph Davis,Consumer,United States,Monroe,Louisiana,South
BY-11670,Brian Young,Corporate,United States,League City,Texas,Central
SC-10250,Sharon Carter,Consumer,United States,Roseville,Minnesota,Central
WA-13648,William Anderson,Corporate,United States,Summerville,South Carolina,South
TR-10102,Thomas Rodriguez,Consumer,United States,Coachella,California,West
WG-10610,William Green,Home Office,United States,Lubbock,Texas,Central
KG-12561,Kimberly Green,Consumer,United States,Cambridge,Massachusetts,East
LP-11310,Lisa Phillips,Corporate,United States,Ontario,California,West
CM-11155,Charles Martin,Consumer,United States,Salem,Virginia,South
WL-11489,William Lewis,Consumer,United States,Evanston,Illinois,Central
MT-12603,Margaret Torres,Home Office,United States,Mesquite,Texas,Central
SC-10735,Steven Clark,Home Office,United States,Mentor,Ohio,East
CD-11782,Carol Diaz,Home Office,United States,Orem,Utah,West
JN-13282,Jason Nguyen,Consumer,United States,Louisville,Kentucky,South
RE-10468,Richard Edwards,Corporate,United States,Coachella,California,West
PH-13408,Patricia Hall,Home Office,United States,Huntington Beach,California,West
ET-11111,Elizabeth Torres,Corporate,United States,Oceanside,California,West
RS-12018,Richard Scott,Corporate,United States,Apple Valley,Minnesota,Central
RC-13087,Rebecca Cruz,Consumer,United States,Dearborn,Michigan,Central
ET-12514,Elizabeth Taylor,Corporate,United States,Norman,Oklahoma,Central
KE-13175,Kevin Edwards,Consumer,United States,Concord,California,West
EB-11143,Edward Baker,Consumer,United States,Macon,Georgia,South
JL-10757,John Lewis,Consumer,United States,San Jose,California,West
BN-10285,Barbara Nguyen,Home Office,United States,Miramar,Florida,South
SC-12164,Stephanie Cruz,Consumer,United States,San Gabriel,California,West
BL-12656,Betty Lewis,Home Office,United States,Jonesboro,Arkansas,South
CR-10043,Charles Ramirez,Corporate,United States,Hialeah,Florida,South
ST-10636,Sandra Thomas,Home Office,United States,Royal Oak,Michigan,Central
JE-12923,John Evans,Consumer,United States,Frankfort,Illinois,Central
SS-10081,Sharon Sanchez,Consumer,United States,Akron,Ohio,East
DS-12314,Dorothy Scott,Corporate,United States,Jacksonville,Florida,South
JR-13370,Joseph Ramirez,Consumer,United States,Mount Pleasant,South Carolina,South
BW-13760,Betty Walker,Consumer,United States,Farmington,New Mexico,West
DT-10194,Donna Torres,Consumer,United States,Decatur,Alabama,South
MH-13160,Melissa Harris,,United States,Murfreesboro,Tennessee,South
JW-10783,James Wilson,Home Office,United States,Virginia Beach,Virginia,South
EP-13459,Emily Parker,Corporate,United States,Long Beach,California,West
JR-10138,Joshua Ramirez,Home Office,United States,Malden,Massachusetts,East
JS-13534,Jessica Smith,Consumer,United States,Lawrence,Indiana,Central
SB-10734,Stephanie Brown,Consumer,United States,San Gabriel,California,West
PM-10947,Paul Moore,Consumer,United States,Montebello,California,West
PS-10736,Patricia Scott,Home Office,United States,Hattiesburg,Mississippi,South
KT-13133,Kenneth Turner,Corporate,United States,Royal Oak,Michigan,Central
MT-12171,Michael Thomas,Consumer,United States,Saint Cloud,Minnesota,Central
PW-11694,Paul Walker,Consumer,United States,Norwich,Connecticut,East
JR-13358,John Rodriguez,Consumer,United States,Coppell,Texas,Central
GW-13307,George Walker,Home Office,United States,Monroe,North Carolina,South
DR-12999,Donna Rivera,Consumer,United States,Richardson,Texas,Central
SR-11406,Sandra Rivera,Consumer,United States,Cary,North Carolina,South
AR-11754,Amanda Robinson,Consumer,United States,Edinburg,Texas,Central
DM-11675,Dorothy Mitchell,Corporate,United States,Gresham,Oregon,West
RE-11295,Rebecca Edwards,Home Office,United States,Wilmington,North Carolina,South
RF-12716,Richard Flores,Home Office,United States,West Palm Beach,Florida,South
NG-14200,Nancy Gomez,Consumer,United States,Fairfield,Connecticut,East
KE-10106,Kevin Evans,Corporate,United States,Wheeling,West Virginia,East
KJ-12230,Kenneth Johnson,Corporate,United States,Missoula,Montana,West
GR-10875,George Robinson,Corporate,United States,La Porte,Indiana,Central
JR-12174,Jeffrey Ramirez,Consumer,United States,Sierra Vista,Arizona,West
PL-11899,Patricia Lopez,Consumer,United States,Arlington,Texas,Central
KC-11837,Karen Collins,Corporate,United States,Knoxville,Tennessee,South
JW-13404,Jessica Wilson,Consumer,United States,Florence,Alabama,South
SP-13660,Steven Perez,Corporate,United States,Monroe,Louisiana,South
LS-10680,Laura Sanchez,Consumer,United States,Malden,Massachusetts,East
CA-12639,Charles Allen,Consumer,United States,Milwaukee,Wisconsin,Central
JC-10960,Jennifer Campbell,Home Office,United States,Hampton,Virginia,South
DJ-14041,David Jackson,Consumer,United States,Oklahoma City,Oklahoma,Central
MC-10622,Mark Clark,Corporate,United States,Chandler,Arizona,West
GG-11718,George Gonzalez,Home Office,United States,Troy,New York,East
DH-12142,David Hall,Home Office,United States,Frisco,Texas,Central
MN-11522,Michelle Nelson,Corporate,United States,Conway,Arkansas,South
KJ-11428,Kenneth Jones,Home Office,United States,Lansing,Michigan,Central
LW-13377,Laura Williams,Consumer,United States,Tyler,Texas,Central
LW-10272,Linda Wright,Home Office,United States,Macon,Georgia,South
SF-10100,Sandra Flores,Consumer,United States,Danbury,Connecticut,East
DE-12218,Daniel Edwards,Home Office,United States,Tigard,Oregon,West
GG-14159,George Garcia,Corporate,United States,Torrance,California,West
JH-11569,James Hernandez,Corporate,United States,Saint Petersburg,Florida,South
AA-11734,Anthony Adams,Consumer,United States,College Station,Texas,Central
SW-12932,Sharon Wilson,Corporate,United States,Peoria,Arizona,West
LC-11666,Lisa Clark,Consumer,United States,Allen,Texas,Central
AM-12946,Andrew Miller,Home Office,United States,Apple Valley,California,West
DR-11583,Deborah Robinson,Home Office,United States,La Crosse,Wisconsin,Central
SW-10248,Sarah Williams,Home Office,United States,Fairfield,Connecticut,East
CP-10746,Carol Parker,Consumer,United States,Sparks,Nevada,West
JJ-11765,Joshua Johnson,Consumer,United States,Redwood City,California,West
EN-10428,Elizabeth Nelson,Consumer,United States,Georgetown,Kentucky,South
JT-13398,Jennifer Thomas,Consumer,United States,Haltom City,Texas,Central
TH-14169,Thomas Hall,Corporate,United States,Mcallen,Texas,Central
DW-11508,David White,Home Office,United States,Park Ridge,Illinois,Central
CL-10154,Carol Lee,Corporate,United States,Logan,Utah,West
MY-13861,Michelle Young,Consumer,United States,Redmond,Oregon,West
AH-13551,Andrew Harris,Home Office,United States,Jackson,Michigan,Central
KT-13011,Kevin Thomas,Home Office,United States,Greenville,North Carolina,South
EW-10011,Elizabeth Wilson,Consumer,United States,Southaven,Mississippi,South
JH-12045,John Hall,Home Office,United States,Columbia,Missouri,Central
LR-13655,Laura Robinson,Corporate,United States,Round Rock,Texas,Central
JW-10826,Joseph Wilson,Corporate,United States,Greeley,Colorado,West
AS-11364,Ashley Smith,Home Office,United States,Glenview,Illinois,Central
MG-10808,Michelle Green,Home Office,United States,Loveland,Colorado,West
WM-12829,William Martin,Corporate,United States,San Luis Obispo,California,West
CM-14018,Charles Moore,Consumer,United States,Lake Forest,California,West
MR-10922,Matthew Ramirez,Corporate,United States,Torrance,California,West
KE-12921,Kenneth Edwards,Consumer,United States,Columbia,Missouri,Central
MW-10830,Mary Wilson,Consumer,United States,La Porte,Texas,Central
LA-13181,Linda Allen,Corporate,United States,Broomfield,Colorado,West
SA-13116,Stephanie Anderson,Corporate,United States,Long Beach,New York,East
EJ-11573,Emily Jackson,Home Office,United States,Rapid City,South Dakota,Central
JR-12341,Jason Rivera,Corporate,United States,Oak Park,Illinois,Central
ME-10963,Margaret Evans,Corporate,United States,Cuyahoga Falls,Ohio,East
SD-11258,Steven Davis,Home Office,United States,Highland Park,Illinois,Central
MJ-11637,Michelle Jackson,Home Office,United States,Danville,California,West
DF-10844,Deborah Flores,Consumer,United States,Springfield,Oregon,West
JT-10421,Jennifer Turner,Consumer,United States,Hackensack,New Jersey,East
JH-11712,Jessica Hernandez,Consumer,United States,Norfolk,Nebraska,Central
MD-12547,Mary Diaz,Consumer,United States,Homestead,Florida,South
SP-12465,Susan Parker,Corporate,United States,Trenton,Michigan,Central
DM-13207,Deborah Moore,Consumer,United States,Vancouver,Washington,West
LR-13806,Lisa Roberts,Home Office,United States,Dubuque,Iowa,Central
LL-12735,Laura Lee,,United States,Appleton,Wisconsin,Central
RR-10361,Richard Rodriguez,Corporate,United States,El Cajon,California,West
LR-11532,Laura Roberts,Home Office,United States,Woonsocket,Rhode Island,East
ML-10847,Matthew Lee,Consumer,United States,Woodstock,Illinois,Central
KW-13597,Kevin White,Consumer,United States,Murray,Utah,West
JC-13435,James Carter,,United States,Bozeman,Montana,West
LG-13590,Laura Green,Corporate,United States,Saginaw,Michigan,Central
SY-11893,Sandra Young,Home Office,United States,Cedar Hill,Texas,Central
EB-13488,Edward Baker,Corporate,United States,Thornton,Colorado,West
GE-10469,George Evans,Consumer,United States,Arlington,Texas,Central
AC-12644,Anthony Collins,Corporate,United States,Santa Fe,New Mexico,West
SW-12186,Sharon Wilson,Corporate,United States,Wausau,Wisconsin,Central
RG-13386,Ronald Gomez,Consumer,United States,Gaithersburg,Maryland,East
GW-11491,George Walker,Consumer,United States,Nashville,Tennessee,South
DL-11117,Dorothy Lopez,Consumer,United States,Quincy,Massachusetts,East
MA-13543,Margaret Anderson,Home Office,United States,Pembroke Pines,Florida,South
JH-11712,Jessica Hernandez,Consumer,United States,Norfolk,Nebraska,Central
DJ-14097,David Jones,Home Office,United States,Elmhurst,Illinois,Central
WN-11839,William Nguyen,Home Office,United States,West Palm Beach,Florida,South
LL-11845,Linda Lopez,Consumer,United States,Ormond Beach,Florida,South
JY-12598,Jason Young,Home Office,United States,East Orange,New Jersey,East
RC-12019,Rebecca Clark,Corporate,United States,Chester,Pennsylvania,East
GC-12273,George Cruz,Home Office,United States,Freeport,Illinois,Central
BT-11617,Barbara Torres,Home Office,United States,Mesa,Arizona,West
BG-14094,Brian Gonzalez,Home Office,United States,Yonkers,New York,East
PC-11889,Patricia Clark,Corporate,United States,Leominster,Massachusetts,East
JL-13537,Joshua Lee,Consumer,United States,Bangor,Maine,East
DL-11646,David Lopez,Consumer,United States,Gilbert,Arizona,West
AE-13914,Anthony Edwards,Corporate,United States,Pompano Beach,Florida,South
DT-11574,Daniel Thompson,Consumer,United States,Olathe,Kansas,Central
JC-11459,Jason Carter,Corporate,United States,Modesto,California,West
EH-10996,Emily Hill,Home Office,United States,South Bend,Indiana,Central
MJ-13908,Michael Jones,Corporate,United States,Lake Forest,California,West
CW-12925,Charles Wilson,Corporate,United States,Freeport,New York,East
PL-13439,Patricia Lee,Corporate,United States,Columbus,Georgia,South
GC-12035,George Campbell,Corporate,United States,Beverly,Massachusetts,East
JM-12129,John Mitchell,Corporate,United States,Vallejo,California,West
SN-11895,Susan Nguyen,Corporate,United States,Pensacola,Florida,South
RG-13800,Richard Gonzalez,Corporate,United States,Newark,Delaware,East
BC-11929,Betty Campbell,Home Office,United States,Elyria,Ohio,East
TR-11356,Timothy Rivera,Consumer,United States,Santa Fe,New Mexico,West
MM-11064,Mark Moore,Consumer,United States,Pico Rivera,California,West
DM-14104,Donna Martinez,Home Office,United States,Warwick,Rhode Island,East
MS-13841,Margaret Scott,Consumer,United States,Grove City,Ohio,East
SH-13560,Sandra Hill,Consumer,United States,Rochester,New York,East
PG-11000,Patricia Gomez,Corporate,United States,Mobile,Alabama,South
RR-13708,Ronald Robinson,Corporate,United States,Greeley,Colorado,West
GC-13058,George Clark,Consumer,United States,Murfreesboro,Tennessee,South
PB-11714,Patricia Brown,Home Office,United States,Bowling Green,Ohio,East
AR-10805,Anthony Rodriguez,Consumer,United States,Murray,Kentucky,South
ME-12183,Michelle Edwards,Home Office,United States,Santa Ana,California,West
EJ-10325,Elizabeth Jones,Corporate,United States,Danville,Illinois,Central
CB-13901,Carol Brown,Consumer,United States,Freeport,New York,East
JT-11773,Joseph Taylor,Consumer,United States,Paterson,New Jersey,East
GL-11729,George Lopez,Home Office,United States,New Albany,Indiana,Central
KL-10914,Kenneth Lee,Home Office,United States,Pharr,Texas,Central
JG-11113,John Garcia,Consumer,United States,Redlands,California,West
AW-10882,Anthony Wright,,United States,Urbandale,Iowa,Central
JM-11453,Jennifer Martin,Home Office,United States,Lansing,Michigan,Central
JA-13851,Joshua Adams,Corporate,United States,Niagara Falls,New York,East
DL-13025,Donald Lewis,Home Office,United States,Altoona,Pennsylvania,East
AJ-12698,Ashley Johnson,,United States,Rochester Hills,Michigan,Central
RT-13020,Richard Thomas,Consumer,United States,Champaign,Illinois,Central
MG-11346,Michelle Green,Home Office,United States,Columbia,Missouri,Central
MR-10864,Michael Rodriguez,Consumer,United States,Columbia,Missouri,Central
RR-13957,Rebecca Ramirez,Corporate,United States,Fairfield,Ohio,East
WT-12197,William Thompson,Consumer,United States,Springfield,Oregon,West
JT-10093,Jeffrey Torres,Home Office,United States,Westminster,California,West
SR-14166,Sarah Rodriguez,Corporate,United States,Sanford,Florida,South
EE-10831,Edward Evans,Consumer,United States,Pearland,Texas,Central
AR-13227,Anthony Roberts,Consumer,United States,Ontario,California,West
MM-12407,Michelle Martin,Corporate,United States,Summerville,South Carolina,South
PT-13965,Patricia Torres,Home Office,United States,Redwood City,California,West
LA-13605,Laura Adams,Home Office,United States,Manhattan,Kansas,Central
ET-13271,Elizabeth Thompson,Consumer,United States,Draper,Utah,West
LD-11358,Linda Diaz,Consumer,United States,Apple Valley,California,West
RR-13124,Ronald Rodriguez,Home Office,United States,Santa Maria,California,West
JJ-12068,James Jackson,Corporate,United States,Daytona Beach,Florida,South
LH-13931,Linda Hall,Corporate,United States,New Bedford,Massachusetts,East
SW-13661,Sarah White,Consumer,United States,Franklin,Massachusetts,East
DW-13961,Donna White,Corporate,United States,San Gabriel,California,West
SL-11067,Sandra Lee,Consumer,United States,Tinley Park,Illinois,Central
KP-12822,Kimberly Perez,Consumer,United States,La Porte,Texas,Central
JL-13351,Jeffrey Lopez,Home Office,United States,Bolingbrook,Illinois,Central
MH-13065,Margaret Hernandez,Corporate,United States,New Brunswick,New Jersey,East
CC-12549,Carol Carter,Consumer,United States,Chester,Pennsylvania,East
JP-13118,Jennifer Perez,Home Office,United States,Oceanside,California,West
RY-12554,Richard Young,Corporate,United States,Citrus Heights,California,West
RM-14177,Rebecca Mitchell,Consumer,United States,Plano,Texas,Central
TP-13361,Timothy Perez,Consumer,United States,Hackensack,New Jersey,East
SD-13399,Susan Diaz,Corporate,United States,Westland,Michigan,Central
EJ-13561,Elizabeth Jackson,Consumer,United States,Grapevine,Texas,Central
JW-10958,Jeffrey White,Corporate,United States,Margate,Florida,South
BS-10166,Brian Smith,Corporate,United States,Richmond,Kentucky,South
JA-10202,Joseph Adams,Home Office,United States,Tampa,Florida,South
JH-12844,Joseph Hall,Corporate,United States,Deltona,Florida,South
BR-10239,Brian Robinson,Corporate,United States,Indianapolis,Indiana,Central
WG-11978,William Garcia,Consumer,United States,Lewiston,Maine,East
MR-10986,Matthew Roberts,Home Office,United States,Springfield,Ohio,East
BP-10553,Barbara Phillips,Consumer,United States,Marysville,Washington,West
DH-11992,Donald Harris,Corporate,United States,Dublin,Ohio,East
SA-13324,Sandra Allen,Corporate,United States,Cambridge,Massachusetts,East
MD-13654,Melissa Davis,Consumer,United States,New Bedford,Massachusetts,East
WK-13733,William King,Home Office,United States,Boise,Idaho,West
JC-11820,Jason Collins,Consumer,United States,Bellingham,Washington,West
JM-10825,Jason Miller,Consumer,United States,Eugene,Oregon,West
DK-11645,Donna King,Corporate,United States,Portage,Indiana,Central
BJ-14076,Brian Jones,Consumer,United States,Troy,Ohio,East
DC-11281,David Collins,Consumer,United States,Yucaipa,California,West
RJ-11400,Richard Jackson,Consumer,United States,Daytona Beach,Florida,South
NT-12672,Nancy Thomas,Home Office,United States,Coon Rapids,Minnesota,Central
MB-12040,Michelle Brown,Home Office,United States,Sacramento,California,West
DK-10049,Deborah King,Home Office,United States,Henderson,Kentucky,South
AP-12840,Andrew Perez,Corporate,United States,Springfield,Missouri,Central
PM-13669,Paul Miller,Consumer,United States,Kenosha,Wisconsin,Central
ED-13647,Elizabeth Diaz,Consumer,United States,Holland,Michigan,Central
JT-14157,Jennifer Torres,Consumer,United States,Danville,California,West
SA-13834,Steven Anderson,Corporate,United States,Elmhurst,Illinois,Central
MT-12163,Margaret Taylor,Home Office,United States,Burlington,Vermont,East
DJ-12824,Dorothy Jones,Home Office,United States,Olympia,Washington,West
PH-11379,Paul Hall,Home Office,United States,Saint Louis,Missouri,Central
PE-10741,Patricia Edwards,Corporate,United States,Tampa,Florida,South
CG-11920,Charles Gonzalez,Consumer,United States,Los Angeles,California,West
DD-12269,Dorothy Diaz,Corporate,United States,Edinburg,Texas,Central
AT-10515,Amanda Torres,Corporate,United States,Iowa City,Iowa,Central
KM-12199,Kevin Martin,Home Office,United States,Cottage Grove,Minnesota,Central
MH-11740,Michelle Hall,Consumer,United States,Everett,Massachusetts,East
TJ-11432,Timothy Jones,Consumer,United States,Chester,Pennsylvania,East
KW-11700,Kevin Wilson,Corporate,United States,Wausau,Wisconsin,Central
DE-14147,David Edwards,Home Office,United States,Lodi,California,West
AS-11129,Andrew Sanchez,Consumer,United States,Mansfield,Texas,Central
EG-12982,Emily Green,Home Office,United States,Virginia Beach,Virginia,South
DJ-11634,Deborah Jackson,Corporate,United States,Mishawaka,Indiana,Central
MW-11810,Mark Walker,Corporate,United States,Gilbert,Arizona,West
KG-12808,Kimberly Gomez,Consumer,United States,Smyrna,Georgia,South
RA-10504,Richard Anderson,Consumer,United States,Laredo,Texas,Central
RS-11696,Rebecca Smith,Home Office,United States,Huntsville,Texas,Central
SH-12889,Sarah Harris,Consumer,United States,Jackson,Michigan,Central
DN-12237,Donna Nelson,Home Office,United States,Renton,Washington,West
JL-11554,Joseph Lewis,Consumer,United States,Cottage Grove,Minnesota,Central
DY-10924,David Young,Consumer,United States,Keller,Texas,Central
PL-12720,Paul Lopez,Corporate,United States,New Albany,Indiana,Central
TR-12316,Timothy Rodriguez,Corporate,United States,Westland,Michigan,Central
CL-12853,Charles Lopez,Corporate,United States,Boynton Beach,Florida,South
JL-14069,John Lee,Home Office,United States,Sanford,Florida,South
MC-14026,Mark Clark,Home Office,United States,Fresno,California,West
KT-11658,Kevin Thompson,Corporate,United States,Kent,Ohio,East
TM-12416,Timothy Martin,Corporate,United States,Holland,Michigan,Central
BM-12973,Brian Martin,Consumer,United States,Freeport,Illinois,Central
CH-10269,Charles Hall,Consumer,United States,San Gabriel,California,West
ES-12357,Elizabeth Sanchez,Home Office,United States,Visalia,California,West
CB-13471,Carol Brown,Home Office,United States,Niagara Falls,New York,East
AF-11851,Andrew Flores,Home Office,United States,Murray,Kentucky,South
MR-12819,Matthew Robinson,Home Office,United States,Baytown,Texas,Central
DT-11243,Dorothy Torres,Corporate,United States,Virginia Beach,Virginia,South
BM-11648,Brian Mitchell,Consumer,United States,Colorado Springs,Colorado,West
SF-13456,Susan Flores,Consumer,United States,Chapel Hill,North Carolina,South
JT-12674,Joseph Thompson,Corporate,United States,Springfield,Missouri,Central
LC-10108,Linda Cruz,Home Office,United States,Richmond,Kentucky,South
PJ-11938,Paul Johnson,Home Office,United States,Homestead,Florida,South
DA-11414,Daniel Anderson,Home Office,United States,Harrisonburg,Virginia,South
MJ-11257,Michelle Jones,Consumer,United States,Yuma,Arizona,West
LM-13411,Lisa Martinez,Consumer,United States,Tamarac,Florida,South
RM-13190,Richard Martinez,Consumer,United States,Springfield,Missouri,Central
AR-10458,Andrew Ramirez,Corporate,United States,Laurel,Maryland,East
LW-10577,Lisa White,Home Office,United States,Noblesville,Indiana,Central
LM-12141,Linda Moore,Corporate,United States,Vallejo,California,West
JW-10817,Jennifer White,Corporate,United States,Conroe,Texas,Central
ER-12906,Edward Robinson,Corporate,United States,Lewiston,Idaho,West
SF-14189,Stephanie Flores,Home Office,United States,Mentor,Ohio,East
DG-10856,Deborah Garcia,Consumer,United States,Rapid City,South Dakota,Central
RT-11026,Robert Taylor,Home Office,United States,Aberdeen,South Dakota,Central
AC-10143,Amanda Campbell,Corporate,United States,Saint Peters,Missouri,Central
LG-12025,Laura Gomez,Home Office,United States,Bloomington,Indiana,Central
MT-11474,Mark Thompson,Corporate,United States,Johnson City,Tennessee,South
MW-12211,Matthew White,Home Office,United States,Logan,Utah,West
RC-13783,Robert Collins,Corporate,United States,Chandler,Arizona,West
LT-10862,Lisa Taylor,Home Office,United States,Westminster,California,West
TR-13718,Thomas Rodriguez,Corporate,United States,Elmhurst,Illinois,Central
MG-10617,Michelle Green,Corporate,United States,Minneapolis,Minnesota,Central
RA-12755,Rebecca Allen,Consumer,United States,Muskogee,Oklahoma,Central
DE-12963,Donald Evans,Consumer,United States,Tulsa,Oklahoma,Central
JC-10571,John Campbell,Home Office,United States,Newport News,Virginia,South
CW-10932,Charles Williams,Consumer,United States,Baltimore,Maryland,East
JW-10328,Jason Wright,Corporate,United States,Lake Charles,Louisiana,South
DE-11815,Donna Edwards,Consumer,United States,Beverly,Massachusetts,East
MG-11181,Margaret Gonzalez,Home Office,United States,Arlington,Texas,Central
SR-12628,Stephanie Robinson,Consumer,United States,Canton,Michigan,Central
MA-11402,Melissa Allen,Corporate,United States,Amarillo,Texas,Central
DN-13104,Donald Nelson,Consumer,United States,Beaumont,Texas,Central
LP-11579,Linda Phillips,Corporate,United States,Owensboro,Kentucky,South
PP-10926,Patricia Parker,Consumer,United States,Nashville,Tennessee,South
SR-10952,Sharon Rodriguez,Consumer,United States,Pomona,California,West
DJ-14055,Donald Jackson,Home Office,United States,Texas City,Texas,Central
DT-12293,Donald Torres,Corporate,United States,Miramar,Florida,South
MH-12370,Matthew Hill,Consumer,United States,San Angelo,Texas,Central
DM-10788,Daniel Martin,Corporate,United States,El Paso,Texas,Central
JJ-10855,James Jackson,Corporate,United States,North Miami,Florida,South
BR-13066,Barbara Rivera,Consumer,United States,Anaheim,California,West
ET-14122,Elizabeth Turner,Home Office,United States,Hollywood,Florida,South
KT-13059,Kenneth Torres,Consumer,United States,Thousand Oaks,California,West
DT-13596,Daniel Thomas,Consumer,United States,Pasadena,Texas,Central
NE-11833,Nancy Edwards,Home Office,United States,Apple Valley,California,West
AA-13942,Anthony Allen,Home Office,United States,Arlington,Texas,Central
DS-11125,Dorothy Scott,Consumer,United States,La Quinta,California,West
ML-13892,Mary Lewis,Corporate,United States,Fremont,Nebraska,Central
KC-13111,Kenneth Campbell,Consumer,United States,Grand Island,Nebraska,Central
GD-11031,George Davis,,United States,Pueblo,Colorado,West
RJ-12234,Robert Johnson,Home Office,United States,Middletown,Connecticut,East
JP-11319,Jeffrey Phillips,Consumer,United States,Asheville,North Carolina,South
LN-13769,Lisa Nelson,Corporate,United States,Baltimore,Maryland,East
PC-10057,Paul Carter,Home Office,United States,Oakland,California,West
DJ-10845,Dorothy Jones,Corporate,United States,Lakewood,New Jersey,East
JW-12331,Joshua Wilson,Consumer,United States,La Porte,Texas,Central
ST-12940,Sandra Torres,Home Office,United States,Wilmington,Delaware,East
JA-10772,Jason Anderson,Home Office,United States,Paterson,New Jersey,East
EH-12304,Edward Hernandez,Corporate,United States,Normal,Illinois,Central
KW-11354,Kimberly White,Consumer,United States,Huntington Beach,California,West
EY-12284,Emily Young,Corporate,United States,Roseville,California,West
BT-13830,Brian Turner,Corporate,United States,Orland Park,Illinois,Central
EM-13974,Edward Miller,Home Office,United States,Middletown,Connecticut,East
EE-12392,Edward Edwards,Corporate,United States,Lafayette,Indiana,Central
SW-11812,Susan Wright,Corporate,United States,Hendersonville,Tennessee,South
BG-10339,Barbara Garcia,Home Office,United States,Hempstead,New York,East
LW-13686,Linda Williams,Home Office,United States,Westland,Michigan,Central
KR-11429,Kenneth Roberts,Home Office,United States,Harrisonburg,Virginia,South
MJ-13434,Michael Jones,Home Office,United States,Cuyahoga Falls,Ohio,East
BM-14184,Brian Miller,Consumer,United States,Nashville,Tennessee,South
JT-10316,Jessica Torres,Consumer,United States,Noblesville,Indiana,Central
RB-12896,Richard Baker,Corporate,United States,Knoxville,Tennessee,South
DH-10208,David Hill,Consumer,United States,Columbus,Indiana,Central
KH-11443,Karen Hill,Corporate,United States,Saint Petersburg,Florida,South
LB-10369,Lisa Baker,Home Office,United States,Grapevine,Texas,Central
EC-12642,Edward Carter,Corporate,United States,Renton,Washington,West
LP-12705,Laura Perez,Corporate,United States,Redondo Beach,California,West
DC-11382,Dorothy Clark,Corporate,United States,Texas City,Texas,Central
JW-11035,Jason Williams,Home Office,United States,Davis,California,West
CS-13150,Carol Smith,Home Office,United States,Haltom City,Texas,Central
BL-10906,Barbara Lopez,Corporate,United States,Superior,Wisconsin,Central
KT-12962,Kevin Thomas,Consumer,United States,Deer Park,Texas,Central
JR-10179,Jennifer Rodriguez,Consumer,United States,Tyler,Texas,Central
RS-11007,Robert Smith,,United States,Grapevine,Texas,Central
SB-13885,Stephanie Baker,Consumer,United States,Greensboro,North Carolina,South
TG-10609,Thomas Gonzalez,Corporate,United States,Atlantic City,New Jersey,East
ST-10002,Sarah Thomas,Consumer,United States,Long Beach,New York,East
AN-12384,Ashley Nelson,Home Office,United States,Wheeling,West Virginia,East
JJ-13328,Jessica Jackson,Home Office,United States,Wilmington,Delaware,East
JH-11641,Jennifer Hernandez,Consumer,United States,Sacramento,California,West
JM-13833,John Miller,Corporate,United States,Orland Park,Illinois,Central
KE-11423,Kimberly Evans,Home Office,United States,Pompano Beach,Florida,South
JA-10649,Joshua Allen,Home Office,United States,Overland Park,Kansas,Central
BG-14154,Barbara Green,Corporate,United States,Concord,North Carolina,South
JS-11003,Jeffrey Smith,Corporate,United States,Woodstock,Illinois,Central
MC-12945,Matthew Collins,Home Office,United States,Toledo,Ohio,East
MM-10188,Melissa Mitchell,Home Office,United States,Camarillo,California,West
RS-14161,Ronald Smith,Home Office,United States,Coral Springs,Florida,South
JC-12280,James Clark,Corporate,United States,Fayetteville,North Carolina,South
MD-11311,Melissa Davis,Consumer,United States,Harlingen,Texas,Central
LM-12850,Linda Martinez,Corporate,United States,Port Orange,Florida,South
MP-11613,Michelle Perez,Consumer,United States,Englewood,Colorado,West
KR-10775,Kimberly Rodriguez,Consumer,United States,Pharr,Texas,Central
GT-11273,George Thomas,,United States,Cedar Rapids,Iowa,Central
JH-13475,Joseph Harris,Home Office,United States,Hattiesburg,Mississippi,South
DR-12804,Donald Ramirez,Home Office,United States,Springfield,Virginia,South
EG-11717,Emily Gomez,Corporate,United States,Albuquerque,New Mexico,West
SH-13315,Sarah Hall,Corporate,United States,Lakeland,Florida,South
AE-11250,Amanda Edwards,Home Office,United States,Bangor,Maine,East
SS-12663,Steven Scott,Home Office,United States,Perth Amboy,New Jersey,East
CP-12763,Chris Perez,Corporate,United States,Lansing,Michigan,Central
MY-10353,Melissa Young,Consumer,United States,Henderson,Nevada,West
GR-10565,George Ramirez,Corporate,United States,Tamarac,Florida,South
RD-10387,Richard Davis,Consumer,United States,Margate,Florida,South
CP-12235,Carol Perez,Home Office,United States,Carol Stream,Illinois,Central
SD-13632,Sandra Davis,Corporate,United States,Atlanta,Georgia,South
DA-12028,Daniel Anderson,Corporate,United States,Torrance,California,West
DR-11514,David Rodriguez,Consumer,United States,Cheyenne,Wyoming,West
JA-13554,Jessica Adams,Corporate,United States,Greenville,North Carolina,South
TH-13363,Timothy Hernandez,Corporate,United States,San Bernardino,California,West
CJ-12301,Charles Jackson,Home Office,United States,Renton,Washington,West
JR-13714,James Robinson,Consumer,United States,Bloomington,Illinois,Central
SP-11659,Sandra Parker,Corporate,United States,Beaumont,Texas,Central
LT-10679,Linda Torres,,United States,Normal,Illinois,Central
MR-10075,Mark Rodriguez,Consumer,United States,Altoona,Pennsylvania,East
KS-10599,Karen Sanchez,Home Office,United States,Lehi,Utah,West
KM-11726,Kimberly Martinez,Corporate,United States,Bullhead City,Arizona,West
JR-10317,Jason Roberts,Consumer,United States,Hickory,North Carolina,South
MW-10938,Mark Wright,Corporate,United States,Buffalo,New York,East
MH-11469,Margaret Hernandez,Corporate,United States,Seattle,Washington,West
AE-11455,Anthony Edwards,Consumer,United States,Cheyenne,Wyoming,West
LG-11148,Laura Garcia,Home Office,United States,Midland,Michigan,Central
CA-11307,Carol Anderson,Corporate,United States,Mentor,Ohio,East
KE-13092,Kenneth Evans,Consumer,United States,College Station,Texas,Central
EC-13035,Elizabeth Collins,Consumer,United States,Virginia Beach,Virginia,South
KM-13617,Karen Moore,Corporate,United States,Stockton,California,West
DS-12684,Donna Scott,Corporate,United States,Lebanon,Tennessee,South
GJ-11846,George Johnson,Corporate,United States,Sunnyvale,California,West
MS-11268,Margaret Sanchez,Corporate,United States,Greenwood,Indiana,Central
JG-11286,Jeffrey Green,Home Office,United States,Bridgeton,New Jersey,East
GP-11473,George Perez,Corporate,United States,Tuscaloosa,Alabama,South
PJ-13836,Patricia Johnson,Home Office,United States,Jefferson City,Missouri,Central
BB-13520,Brian Baker,Home Office,United States,Hollywood,Florida,South
JR-12792,James Ramirez,Corporate,United States,Decatur,Illinois,Central
DC-10287,Daniel Clark,Corporate,United States,Littleton,Colorado,West
MJ-10956,Mark Jones,Corporate,United States,Columbus,Georgia,South
SR-10153,Susan Ramirez,Home Office,United States,Arlington Heights,Illinois,Central
DG-14028,Deborah Green,Home Office,United States,Jackson,Mississippi,South
CM-13224,Charles Moore,Home Office,United States,Baytown,Texas,Central
AH-10762,Andrew Hill,Consumer,United States,York,Pennsylvania,East
DB-10478,Donna Brown,Home Office,United States,North Charleston,South Carolina,South
LC-10985,Lisa Cruz,Consumer,United States,Springfield,Missouri,Central
JC-12796,Jeffrey Campbell,Consumer,United States,Florence,Alabama,South
MM-10263,Melissa Miller,Home Office,United States,Antioch,California,West
LD-10430,Lisa Davis,Home Office,United States,Tulsa,Oklahoma,Central
CR-12015,Chris Rivera,Corporate,United States,Hempstead,New York,East
CR-12298,Chris Robinson,Corporate,United States,Marysville,Washington,West
RD-11565,Richard Diaz,Corporate,United States,Redwood City,California,West
TG-11793,Thomas Garcia,Home Office,United States,San Mateo,California,West
SR-10020,Sarah Robinson,Consumer,United States,Hot Springs,Arkansas,South
NH-14176,Nancy Hall,Home Office,United States,Pocatello,Idaho,West
EL-13500,Elizabeth Lee,Consumer,United States,Stockton,California,West
JM-13664,Joshua Moore,Home Office,United States,Renton,Washington,West
JR-12597,Jason Rivera,Corporate,United States,Superior,Wisconsin,Central
SR-10807,Steven Robinson,Consumer,United States,Bakersfield,California,West
LW-11510,Linda Walker,Corporate,United States,Lehi,Utah,West
DH-12772,Daniel Harris,Home Office,United States,Lancaster,Pennsylvania,East
JW-12867,Jason Wright,Consumer,United States,Florence,South Carolina,South
SK-12036,Sandra King,Home Office,United States,Tamarac,Florida,South
JE-10343,James Edwards,Corporate,United States,Logan,Utah,West
JP-10354,Joshua Phillips,Consumer,United States,North Charleston,South Carolina,South
GT-12569,George Torres,Corporate,United States,Tempe,Arizona,West
ML-12726,Margaret Lopez,Consumer,United States,Lawrence,Indiana,Central
RG-10016,Rebecca Green,Home Office,United States,Haltom City,Texas,Central
TC-14023,Thomas Collins,Corporate,United States,Fairfield,Connecticut,East
LL-13542,Laura Lee,Consumer,United States,Bartlett,Tennessee,South
DN-10843,Donna Nelson,Consumer,United States,Lake Charles,Louisiana,South
SD-12613,Stephanie Diaz,Home Office,United States,Cottage Grove,Minnesota,Central
DT-13237,Daniel Thomas,Home Office,United States,Eugene,Oregon,West
AG-10338,Amanda Gomez,Consumer,United States,Garland,Texas,Central
PT-10052,Patricia Thomas,Consumer,United States,Greeley,Colorado,West
KD-13130,Kevin Diaz,Home Office,United States,Charlotte,North Carolina,South
JG-12842,Jeffrey Gomez,Corporate,United States,Roseville,California,West
KG-11498,Kimberly Green,Home Office,United States,Greensboro,North Carolina,South
RC-12443,Rebecca Campbell,Consumer,United States,Warner Robins,Georgia,South
KH-10832,Karen Hernandez,Consumer,United States,Marion,Iowa,Central
AG-12496,Amanda Gonzalez,Consumer,United States,Odessa,Texas,Central
MP-11324,Mary Parker,Corporate,United States,Montgomery,Alabama,South
JM-13274,Joshua Mitchell,Corporate,United States,San Francisco,California,West
RT-12240,Ronald Taylor,Corporate,United States,Providence,Rhode Island,East
AW-11856,Ashley Walker,Consumer,United States,Laredo,Texas,Central
DR-12091,David Roberts,Corporate,United States,Brentwood,California,West
TS-10293,Timothy Smith,Corporate,United States,Abilene,Texas,Central
JG-11906,John Garcia,Corporate,United States,Springfield,Missouri,Central
KB-14087,Kimberly Baker,Home Office,United States,Roswell,Georgia,South
KM-11384,Kimberly Miller,Corporate,United States,Jackson,Michigan,Central
AW-12032,Andrew White,Consumer,United States,Aurora,Colorado,West
RB-13744,Rebecca Brown,,United States,Arvada,Colorado,West
JP-10431,Joseph Phillips,Home Office,United States,Greenwood,Indiana,Central
SR-10076,Sarah Robinson,Consumer,United States,Pomona,California,West
PS-10639,Paul Smith,Corporate,United States,Louisville,Colorado,West
MT-13497,Margaret Thompson,Corporate,United States,Coral Gables,Florida,South
CY-12096,Carol Young,Consumer,United States,Lawrence,Massachusetts,East
DG-10156,Donald Gomez,Home Office,United States,Edmonds,Washington,West
LC-12401,Laura Clark,Consumer,United States,Tigard,Oregon,West
PR-13849,Patricia Rodriguez,Consumer,United States,Wichita,Kansas,Central
BM-11868,Betty Mitchell,Home Office,United States,Wilmington,Delaware,East
GP-12043,George Perez,Corporate,United States,Manhattan,Kansas,Central
CT-10695,Carol Torres,Home Office,United States,Middletown,Connecticut,East
MK-10814,Michael King,Consumer,United States,Louisville,Kentucky,South
GL-12168,George Lewis,Corporate,United States,Arlington Heights,Illinois,Central
AJ-13999,Ashley Jackson,Consumer,United States,Mesa,Arizona,West
KM-12960,Kevin Mitchell,Corporate,United States,Mount Pleasant,Michigan,Central
TC-10159,Timothy Carter,Home Office,United States,Provo,Utah,West
BW-10747,Barbara Wright,Home Office,United States,Apple Valley,California,West
SR-10190,Sarah Ramirez,Consumer,United States,Kirkwood,Missouri,Central
DS-13249,Daniel Smith,Corporate,United States,La Crosse,Wisconsin,Central
SM-10957,Steven Mitchell,Home Office,United States,Auburn,Washington,West
DM-12900,Deborah Martin,Corporate,United States,Muskogee,Oklahoma,Central
LY-12102,Laura Young,Home Office,United States,Louisville,Kentucky,South
TE-13310,Thomas Edwards,Corporate,United States,Andover,Massachusetts,East
AM-13710,Amanda Martinez,Home Office,United States,Waterbury,Connecticut,East
MB-13153,Margaret Baker,Consumer,United States,Omaha,Nebraska,Central
JP-11226,Joshua Phillips,Home Office,United States,Johnson City,Tennessee,South
SG-13441,Steven Gonzalez,Corporate,United States,Moorhead,Minnesota,Central
AA-13064,Anthony Adams,Home Office,United States,Keller,Texas,Central
JH-13209,Joseph Harris,Consumer,United States,Wilmington,North Carolina,South
RA-10065,Robert Allen,Corporate,United States,Salem,Virginia,South
DH-12898,Dorothy Hill,Home Office,United States,Grove City,Ohio,East
RA-12643,Ronald Anderson,Corporate,United States,Grove City,Ohio,East
DH-11802,Daniel Hill,Corporate,United States,Springfield,Virginia,South
SG-13284,Sarah Gonzalez,Corporate,United States,Vancouver,Washington,West
RM-12789,Ronald Moore,Home Office,United States,Jacksonville,North Carolina,South
TL-10524,Timothy Lewis,Consumer,United States,Coachella,California,West
KM-10955,Kenneth Moore,Corporate,United States,Lawrence,Indiana,Central
MH-13519,Margaret Harris,Home Office,United States,South Bend,Indiana,Central
JL-11215,Joshua Lewis,Corporate,United States,Lancaster,Pennsylvania,East
JP-12723,Jennifer Phillips,Home Office,United States,Texas City,Texas,Central
LA-11419,Laura Adams,Consumer,United States,Glendale,Arizona,West
EB-11385,Elizabeth Brown,Consumer,United States,Redlands,California,West
DG-10459,Dorothy Green,Corporate,United States,Rock Hill,South Carolina,South
TL-13342,Timothy Lewis,Corporate,United States,Gulfport,Mississippi,South
CB-10887,Carol Baker,Corporate,United States,Grand Rapids,Michigan,Central
MG-10840,Mary Green,Corporate,United States,Fayetteville,North Carolina,South
CB-11239,Chris Baker,Home Office,United States,Warner Robins,Georgia,South
BG-13143,Brian Gonzalez,Corporate,United States,Burbank,California,West
JJ-10588,Jason Jones,Consumer,United States,Fargo,North Dakota,Central
RE-10064,Robert Edwards,Corporate,United States,Portland,Oregon,West
RB-13102,Rebecca Baker,Corporate,United States,Burbank,California,West
DP-13556,Deborah Phillips,Corporate,United States,Orlando,Florida,South
CH-12403,Chris Harris,Corporate,United States,Coral Gables,Florida,South
MP-11122,Michael Perez,Corporate,United States,Chesapeake,Virginia,South
TR-11308,Thomas Robinson,Consumer,United States,Carlsbad,New Mexico,West
DS-10678,Daniel Scott,Corporate,United States,Greensboro,North Carolina,South
KK-11022,Kimberly King,Consumer,United States,Bellevue,Washington,West
MC-11321,Michael Clark,Home Office,United States,Loveland,Colorado,West
AS-13393,Anthony Scott,Home Office,United States,Santa Barbara,California,West
CL-12543,Charles Lee,Home Office,United States,Grand Prairie,Texas,Central
MC-12499,Mark Collins,Corporate,United States,Coppell,Texas,Central
KR-13693,Karen Rivera,Home Office,United States,Littleton,Colorado,West
JR-12144,John Rodriguez,Home Office,United States,Des Moines,Washington,West
JM-10443,Jennifer Moore,Home Office,United States,Cranston,Rhode Island,East
SA-11555,Susan Allen,Corporate,United States,Visalia,California,West
JJ-12021,James Jones,Consumer,United States,Eagan,Minnesota,Central
JW-12212,John White,Consumer,United States,Lancaster,Ohio,East
DD-13432,Deborah Diaz,Consumer,United States,Bangor,Maine,East
PC-11422,Paul Campbell,Consumer,United States,Meriden,Connecticut,East
JT-11761,Jessica Torres,Consumer,United States,Saint Charles,Illinois,Central
DM-12922,David Miller,Consumer,United States,Davis,California,West
JT-11220,Jason Torres,Consumer,United States,Escondido,California,West
DW-13946,Dorothy Walker,Consumer,United States,Peoria,Illinois,Central
RD-11072,Rebecca Diaz,Consumer,United States,Salt Lake City,Utah,West
DR-13291,Daniel Rivera,Consumer,United States,Odessa,Texas,Central
NM-10133,Nancy Moore,Corporate,United States,Santa Clara,California,West
DT-14135,Dorothy Taylor,Home Office,United States,Greensboro,North Carolina,South
AW-11609,Amanda Wilson,Home Office,United States,Orange,New Jersey,East
MJ-10144,Margaret Jones,Home Office,United States,Little Rock,Arkansas,South
JT-13316,John Torres,Home Office,United States,Dallas,Texas,Central
JC-12081,Joseph Campbell,Corporate,United States,Bowling Green,Kentucky,South
JM-14047,James Mitchell,Home Office,United States,West Palm Beach,Florida,South
MW-13872,Mark Williams,Consumer,United States,Florence,Alabama,South
TH-13643,Timothy Harris,Corporate,United States,Oceanside,California,West
CM-10381,Carol Miller,Home Office,United States,Bethlehem,Pennsylvania,East
BC-10802,Barbara Collins,Home Office,United States,Abilene,Texas,Central
SC-12363,Sarah Carter,Corporate,United States,Grand Rapids,Michigan,Central
JC-10036,Jennifer Carter,Consumer,United States,Scottsdale,Arizona,West
RY-12408,Richard Young,Home Office,United States,Morristown,New Jersey,East
AJ-10255,Ashley Jones,Home Office,United States,Aberdeen,South Dakota,Central
JW-12895,John Wright,Corporate,United States,Oakland,California,West
MA-10721,Michelle Anderson,Consumer,United States,Boynton Beach,Florida,South
MC-11279,Margaret Cruz,Corporate,United States,Anaheim,California,West
BW-10920,Barbara White,Home Office,United States,Vallejo,California,West
GM-12661,George Mitchell,Home Office,United States,Atlanta,Georgia,South
SF-11018,Sandra Flores,Corporate,United States,Grand Prairie,Texas,Central
BT-12179,Brian Torres,Corporate,United States,Denver,Colorado,West
TE-12736,Timothy Edwards,Consumer,United States,Lindenhurst,New York,East
JL-10008,Joseph Lewis,Corporate,United States,Woodstock,Georgia,South
JG-13702,Jeffrey Green,Corporate,United States,Saint Charles,Missouri,Central
ML-11878,Mary Lopez,Home Office,United States,San Gabriel,California,West
MM-12165,Michael Mitchell,Home Office,United States,Decatur,Illinois,Central
PB-11787,Patricia Baker,Corporate,United States,Apple Valley,California,West
DA-10979,Donna Anderson,Home Office,United States,Lebanon,Tennessee,South
BS-11571,Betty Sanchez,Consumer,United States,Lodi,California,West
TN-13691,Thomas Nelson,Corporate,United States,Waco,Texas,Central
AP-11263,Ashley Perez,Corporate,United States,Lancaster,Pennsylvania,East
MP-12920,Michael Perez,Corporate,United States,Twin Falls,Idaho,West
AP-12127,Amanda Parker,Consumer,United States,Goldsboro,North Carolina,South
BS-11764,Betty Smith,Corporate,United States,Charlotte,North Carolina,South
EW-11389,Edward Wright,Corporate,United States,Saint Paul,Minnesota,Central
DW-11141,Daniel Wright,Consumer,United States,Troy,Ohio,East
KC-12372,Kevin Carter,Corporate,United States,Santa Maria,California,West
BF-11683,Brian Flores,Consumer,United States,Grand Island,Nebraska,Central
CT-11464,Carol Thomas,Corporate,United States,Des Moines,Washington,West
MC-10549,Melissa Carter,Consumer,United States,Marion,Ohio,East
BL-10925,Barbara Lee,Home Office,United States,Portage,Indiana,Central
DR-12222,Donald Rivera,Home Office,United States,Delray Beach,Florida,South
DT-10548,Daniel Thomas,Home Office,United States,Miami,Florida,South
MD-13842,Mark Davis,,United States,Las Cruces,New Mexico,West
MN-12116,Matthew Nelson,Corporate,United States,Murrieta,California,West
SG-12485,Sandra Gonzalez,Home Office,United States,Grapevine,Texas,Central
TW-11763,Thomas White,Corporate,United States,Elkhart,Indiana,Central
WH-13786,William Hall,Home Office,United States,Quincy,Massachusetts,East
RP-11690,Ronald Phillips,Corporate,United States,Cedar Hill,Texas,Central
SH-13176,Sharon Hill,Consumer,United States,Garland,Texas,Central
JL-12855,Jessica Lopez,Consumer,United States,Jefferson City,Missouri,Central
RN-12988,Robert Nelson,Home Office,United States,Tulsa,Oklahoma,Central
JC-10053,Jennifer Campbell,Consumer,United States,Kirkwood,Missouri,Central
CM-11248,Charles Miller,Consumer,United States,Marietta,Georgia,South
PG-12159,Patricia Gonzalez,Consumer,United States,Gastonia,North Carolina,South
MS-10238,Melissa Scott,Corporate,United States,Little Rock,Arkansas,South
AG-12300,Anthony Green,Consumer,United States,Bowling Green,Ohio,East
ML-10260,Matthew Lewis,Corporate,United States,Cranston,Rhode Island,East
WC-10748,William Campbell,Consumer,United States,Long Beach,New York,East
CT-10096,Chris Taylor,Home Office,United States,Roswell,Georgia,South
JM-13746,Joshua Miller,Home Office,United States,Port Orange,Florida,South
SG-10046,Sharon Green,Home Office,United States,Broomfield,Colorado,West
SC-13269,Steven Campbell,Consumer,United States,Billings,Montana,West
AD-10728,Andrew Davis,Home Office,United States,Franklin,Tennessee,South
GT-14066,George Turner,Consumer,United States,Greeley,Colorado,West
AG-12007,Andrew Gomez,Corporate,United States,Columbia,Missouri,Central
BC-10971,Brian Collins,Home Office,United States,Green Bay,Wisconsin,Central
JR-13049,Joshua Robinson,Corporate,United States,Aurora,Illinois,Central
KW-10898,Kimberly Walker,Corporate,United States,Sparks,Nevada,West
DL-10953,Dorothy Lee,Home Office,United States,Jackson,Tennessee,South
AT-10818,Andrew Thomas,Corporate,United States,Cedar Rapids,Iowa,Central
MP-10191,Matthew Perez,Home Office,United States,Revere,Massachusetts,East
DS-12532,Donna Smith,Home Office,United States,Palatine,Illinois,Central
MS-11752,Melissa Scott,Home Office,United States,Plantation,Florida,South
KM-11019,Kevin Mitchell,Consumer,United States,Salinas,California,West
KA-12263,Kimberly Anderson,Consumer,United States,Auburn,Washington,West
LJ-12255,Laura Jackson,Home Office,United States,Laurel,Maryland,East
LC-11705,Lisa Cruz,Home Office,United States,Decatur,Illinois,Central
DL-12140,Donna Lopez,Consumer,United States,Bangor,Maine,East
JG-12746,Jason Green,Consumer,United States,Draper,Utah,West
DA-12587,Donald Adams,Home Office,United States,Sierra Vista,Arizona,West
EM-11940,Elizabeth Moore,Corporate,United States,Minneapolis,Minnesota,Central
CY-13390,Chris Young,Corporate,United States,Champaign,Illinois,Central
AH-11437,Anthony Harris,Home Office,United States,Portage,Indiana,Central
KC-10763,Karen Cruz,Home Office,United States,Rochester Hills,Michigan,Central
BW-10503,Barbara Wilson,Corporate,United States,Lafayette,Indiana,Central
MN-12417,Margaret Nelson,Corporate,United States,El Cajon,California,West
JP-13837,Joshua Parker,Home Office,United States,Orange,New Jersey,East
MW-10586,Mark Wilson,Home Office,United States,Bristol,Connecticut,East
JC-10283,John Carter,Corporate,United States,Salinas,California,West
MH-12954,Mark Hernandez,Consumer,United States,Newark,Delaware,East
LM-13270,Linda Miller,Consumer,United States,Troy,New York,East
DC-13170,Dorothy Collins,,United States,Everett,Washington,West
EP-10424,Emily Perez,Corporate,United States,Rochester,New York,East
SW-12058,Sharon Williams,Consumer,United States,Sacramento,California,West
RE-10130,Richard Evans,Corporate,United States,La Crosse,Wisconsin,Central
TN-12570,Thomas Nguyen,Home Office,United States,Taylor,Michigan,Central
RC-13879,Ronald Campbell,Consumer,United States,Hamilton,Ohio,East
JM-13863,Joseph Martin,Consumer,United States,Davis,California,West
SW-13947,Sharon Williams,Consumer,United States,Woonsocket,Rhode Island,East
EE-13501,Elizabeth Edwards,Consumer,United States,Hampton,Virginia,South
WF-11267,William Flores,Home Office,United States,Covington,Washington,West
BY-11776,Barbara Young,Consumer,United States,Aberdeen,South Dakota,Central
JC-12345,Joseph Clark,Corporate,United States,Gastonia,North Carolina,South
DM-14187,Daniel Martin,Corporate,United States,Bossier City,Louisiana,South
RW-12006,Richard Wilson,Corporate,United States,Stockton,California,West
JA-10281,Jennifer Anderson,Home Office,United States,Pine Bluff,Arkansas,South
DW-14112,David Walker,Corporate,United States,Henderson,Kentucky,South
LC-12517,Laura Cruz,Home Office,United States,Carrollton,Texas,Central
RT-12737,Richard Thomas,Consumer,United States,Lodi,California,West
PW-12328,Patricia Walker,Corporate,United States,Park Ridge,Illinois,Central
EM-11475,Emily Miller,Home Office,United States,Salinas,California,West
DE-11871,Deborah Evans,Corporate,United States,Bristol,Connecticut,East
MS-10540,Margaret Smith,Consumer,United States,Newport News,Virginia,South
CG-11285,Carol Gomez,Corporate,United States,Columbus,Ohio,East
JR-12552,Joshua Rodriguez,Home Office,United States,Nashville,Tennessee,South
TW-12223,Timothy Wright,Corporate,United States,Charlottesville,Virginia,South
SB-10946,Stephanie Brown,Corporate,United States,Twin Falls,Idaho,West
ED-10575,Elizabeth Diaz,Consumer,United States,Deer Park,Texas,Central
EM-10119,Emily Martinez,Consumer,United States,Lakewood,California,West
MR-10787,Matthew Robinson,Home Office,United States,Texas City,Texas,Central
DA-11227,Dorothy Adams,Corporate,United States,Baltimore,Maryland,East
AC-11527,Amanda Clark,Home Office,United States,Cleveland,Ohio,East
RT-13997,Richard Taylor,Consumer,United States,Avondale,Arizona,West
BG-12577,Barbara Garcia,Home Office,United States,Bellevue,Washington,West
WL-12139,William Lee,Consumer,United States,Harrisonburg,Virginia,South
JW-10110,Joshua Wilson,Consumer,United States,Sacramento,California,West
AP-13685,Ashley Parker,Corporate,United States,Jackson,Tennessee,South
LM-10784,Linda Mitchell,Consumer,United States,Lehi,Utah,West
SK-11952,Sharon King,Corporate,United States,Peoria,Arizona,West
AA-13233,Ashley Allen,Home Office,United States,Commerce City,Colorado,West
DG-13072,David Garcia,Consumer,United States,Missoula,Montana,West
EM-12450,Elizabeth Miller,Consumer,United States,Salinas,California,West
BF-12207,Brian Flores,Home Office,United States,Abilene,Texas,Central
MD-12494,Margaret Diaz,Home Office,United States,Richmond,Indiana,Central
JR-13938,Jessica Roberts,Home Office,United States,Dubuque,Iowa,Central
AH-12620,Amanda Hernandez,Home Office,United States,Linden,New Jersey,East
MJ-14053,Matthew Jackson,Consumer,United States,Greenwood,Indiana,Central
ER-11119,Elizabeth Roberts,Home Office,United States,Canton,Michigan,Central
MW-13367,Michael Wright,Consumer,United States,Apopka,Florida,South
RW-10215,Ronald Williams,Home Office,United States,Albuquerque,New Mexico,West
SH-10779,Sarah Harris,Consumer,United States,Wilmington,Delaware,East
DT-11551,Donald Taylor,Home Office,United States,San Bernardino,California,West
JF-13954,Joshua Flores,Home Office,United States,Louisville,Colorado,West
RA-10310,Ronald Allen,Consumer,United States,Tigard,Oregon,West
KJ-11161,Kenneth Jackson,Corporate,United States,Taylor,Michigan,Central
JC-14001,Jason Campbell,Consumer,United States,Escondido,California,West
MW-10219,Margaret White,Home Office,United States,Rome,New York,East
JM-10429,Jason Miller,Home Office,United States,Elmhurst,Illinois,Central
CW-13902,Carol Williams,Home Office,United States,Farmington,New Mexico,West
TH-10713,Thomas Harris,Corporate,United States,Pleasant Grove,Utah,West
TD-13180,Thomas Diaz,Consumer,United States,Charlotte,North Carolina,South
JD-13402,Jason Diaz,Corporate,United States,Dearborn,Michigan,Central
SP-10009,Stephanie Parker,Consumer,United States,Madison,Wisconsin,Central
DJ-13804,Donna Johnson,Consumer,United States,Tucson,Arizona,West
MG-11662,Melissa Green,Corporate,United States,Marion,Iowa,Central
CA-11221,Carol Anderson,Corporate,United States,Richmond,Indiana,Central
AH-13242,Ashley Harris,Corporate,United States,Santa Ana,California,West
MW-10596,Mary White,Home Office,United States,Wheeling,West Virginia,East
JW-13507,John Wilson,Corporate,United States,Oceanside,California,West
RW-11472,Rebecca White,Home Office,United States,Anaheim,California,West
LK-14148,Lisa King,,United States,Naperville,Illinois,Central
ER-13320,Emily Roberts,Corporate,United States,Gresham,Oregon,West
KC-10517,Kimberly Clark,Consumer,United States,Cottage Grove,Minnesota,Central
JH-11588,James Hall,Consumer,United States,Carrollton,Texas,Central
LA-13468,Lisa Allen,Corporate,United States,Rancho Cucamonga,California,West
MR-12016,Matthew Ramirez,Consumer,United States,Saint Charles,Illinois,Central
NT-12807,Nancy Turner,Corporate,United States,Fairfield,Connecticut,East
WD-12321,William Diaz,Home Office,United States,Mission Viejo,California,West
MP-13649,Mark Parker,Consumer,United States,Owensboro,Kentucky,South
KG-11663,Kimberly Green,Corporate,United States,Texas City,Texas,Central
ST-12188,Sharon Thomas,Corporate,United States,Jackson,Tennessee,South
TP-13513,Timothy Parker,Home Office,United States,Costa Mesa,California,West
ST-11874,Sandra Turner,Consumer,United States,Fargo,North Dakota,Central
DT-11217,David Turner,Home Office,United States,Appleton,Wisconsin,Central
ST-13924,Steven Torres,Home Office,United States,Burbank,California,West
EC-11806,Edward Campbell,,United States,Hackensack,New Jersey,East
RE-11333,Rebecca Evans,Home Office,United States,East Point,Georgia,South
SJ-13613,Sandra Jackson,Corporate,United States,Mesa,Arizona,West
EM-10675,Emily Martin,Corporate,United States,Macon,Georgia,South
JA-10820,Jason Adams,Consumer,United States,Portland,Oregon,West
DE-10432,Deborah Evans,Consumer,United States,Sheboygan,Wisconsin,Central
EC-14098,Emily Cruz,,United States,Cedar Rapids,Iowa,Central
BT-12730,Barbara Taylor,Consumer,United States,Murfreesboro,Tennessee,South
KR-11069,Karen Robinson,Consumer,United States,Kent,Washington,West
AS-11774,Andrew Sanchez,Consumer,United States,Elyria,Ohio,East
RR-13055,Rebecca Ramirez,Home Office,United States,Newark,Delaware,East
WG-13303,William Green,Consumer,United States,Lindenhurst,New York,East
NS-10314,Nancy Scott,Corporate,United States,Normal,Illinois,Central
CH-13967,Chris Harris,,United States,Sunnyvale,California,West
JR-12515,John Rodriguez,Corporate,United States,Norfolk,Nebraska,Central
ER-13738,Edward Rodriguez,Consumer,United States,Chesapeake,Virginia,South
DW-14088,Dorothy White,Home Office,United States,Lebanon,Tennessee,South
MN-10061,Mary Nguyen,Consumer,United States,Wheeling,West Virginia,East
EE-13346,Elizabeth Edwards,Consumer,United States,Lehi,Utah,West
CR-11963,Chris Roberts,Home Office,United States,Iowa City,Iowa,Central
TM-10683,Thomas Mitchell,Consumer,United States,Lehi,Utah,West
SM-12782,Sharon Moore,Home Office,United States,Elyria,Ohio,East
MR-12325,Mary Roberts,Corporate,United States,Chandler,Arizona,West
ER-11908,Edward Ramirez,Consumer,United States,Garden City,Kansas,Central
DM-10300,David Martin,Consumer,United States,Atlantic City,New Jersey,East
LC-12291,Linda Carter,Corporate,United States,Olathe,Kansas,Central
JG-12769,Jennifer Gomez,Home Office,United States,Inglewood,California,West
AH-11153,Anthony Hall,Home Office,United States,Wheeling,West Virginia,East
MK-10890,Melissa King,Home Office,United States,East Point,Georgia,South
MR-10945,Michelle Rodriguez,Consumer,United States,Richmond,Indiana,Central
JY-12057,Jessica Young,Home Office,United States,Norwich,Connecticut,East
DB-13047,Dorothy Baker,Home Office,United States,Durham,North Carolina,South
RC-11336,Robert Carter,Corporate,United States,Grand Island,Nebraska,Central
KR-13032,Karen Robinson,Corporate,United States,Bowling Green,Kentucky,South
JT-11862,Jeffrey Thomas,Corporate,United States,Edinburg,Texas,Central
MC-10645,Mark Carter,Corporate,United States,Garden City,Kansas,Central
AC-14024,Ashley Campbell,Corporate,United States,Boynton Beach,Florida,South
NT-11887,Nancy Torres,Consumer,United States,Cleveland,Ohio,East
LA-10527,Lisa Anderson,Corporate,United States,Durham,North Carolina,South
MM-13026,Michelle Mitchell,Consumer,United States,Bedford,Texas,Central
KP-10507,Kevin Perez,Home Office,United States,Mesa,Arizona,West
MS-11231,Michael Smith,Home Office,United States,Conway,Arkansas,South
GC-12950,George Campbell,Corporate,United States,Coral Springs,Florida,South
AF-11177,Amanda Flores,Consumer,United States,Aurora,Illinois,Central
JR-13178,John Rodriguez,Consumer,United States,Bryan,Texas,Central
JB-10717,Jessica Brown,Corporate,United States,Park Ridge,Illinois,Central
CP-12024,Carol Phillips,Corporate,United States,Plantation,Florida,South
MC-11842,Margaret Collins,Home Office,United States,Sierra Vista,Arizona,West
BR-12319,Barbara Rivera,Consumer,United States,Columbia,Missouri,Central
JG-11017,Jessica Garcia,Consumer,United States,Covington,Washington,West
JH-11969,Jessica Hernandez,Corporate,United States,Lakeville,Minnesota,Central
DB-12733,Dorothy Brown,Corporate,United States,Broomfield,Colorado,West
KW-10055,Kevin Walker,Consumer,United States,Modesto,California,West
JM-12589,Jennifer Martin,Consumer,United States,Danville,California,West
CY-10050,Chris Young,Consumer,United States,New Albany,Indiana,Central
AR-10767,Amanda Ramirez,Corporate,United States,Clifton,New Jersey,East
ED-13683,Edward Diaz,Home Office,United States,Fremont,Nebraska,Central
GW-13037,George White,Corporate,United States,Grand Island,Nebraska,Central
MR-12238,Mark Robinson,Home Office,United States,Columbia,Missouri,Central
MW-12157,Michelle White,Home Office,United States,El Cajon,California,West
RD-12586,Richard Diaz,,United States,Decatur,Alabama,South
CA-12903,Carol Allen,Corporate,United States,Louisville,Kentucky,South
EC-10810,Emily Clark,Consumer,United States,Houston,Texas,Central
LR-13692,Lisa Robinson,Corporate,United States,Richardson,Texas,Central
DD-12071,Daniel Diaz,Home Office,United States,Superior,Wisconsin,Central
MT-10377,Michael Thomas,Consumer,United States,Everett,Washington,West
SM-10737,Stephanie Martin,Corporate,United States,Chicago,Illinois,Central
JE-13848,Jessica Evans,Consumer,United States,Hamilton,Ohio,East
RR-10595,Ronald Rodriguez,Corporate,United States,Smyrna,Georgia,South
MT-10349,Matthew Torres,Home Office,United States,Nashville,Tennessee,South
CR-12254,Carol Rivera,Corporate,United States,Springfield,Oregon,West
JW-10094,Joshua Williams,Corporate,United States,Taylor,Michigan,Central
BT-12856,Barbara Turner,Consumer,United States,Grapevine,Texas,Central
MT-11249,Melissa Taylor,Consumer,United States,Rapid City,South Dakota,Central
JY-14170,Jennifer Young,Home Office,United States,Mishawaka,Indiana,Central
JA-14194,Jeffrey Anderson,Consumer,United States,Lake Forest,California,West
KJ-13764,Kenneth Johnson,Consumer,United States,Riverside,California,West
RE-13536,Rebecca Evans,Home Office,United States,Lebanon,Tennessee,South
JS-13293,John Smith,Home Office,United States,Decatur,Illinois,Central
MA-13990,Melissa Allen,Home Office,United States,Brentwood,California,West
SF-11682,Sandra Flores,Corporate,United States,Elkhart,Indiana,Central
SE-12495,Susan Evans,Home Office,United States,Meriden,Connecticut,East
DJ-13409,Donna Jones,Home Office,United States,League City,Texas,Central
MD-10136,Mary Davis,Consumer,United States,El Paso,Texas,Central
MN-13165,Mary Nguyen,Home Office,United States,Marlborough,Massachusetts,East
DH-12616,David Hill,Consumer,United States,Grand Island,Nebraska,Central
JW-14139,John White,Home Office,United States,Columbia,South Carolina,South
SR-10936,Sarah Roberts,Corporate,United States,Normal,Illinois,Central
EH-11715,Elizabeth Hall,Consumer,United States,Goldsboro,North Carolina,South
MJ-14084,Margaret Jackson,Home Office,United States,Indianapolis,Indiana,Central
MD-13763,Michelle Davis,Consumer,United States,Superior,Wisconsin,Central
SM-14043,Sarah Mitchell,Corporate,United States,Fayetteville,Arkansas,South
PC-10778,Paul Campbell,Consumer,United States,Murrieta,California,West
KG-11135,Kevin Green,Corporate,United States,Bangor,Maine,East
DN-13053,Dorothy Nguyen,Home Office,United States,Belleville,New Jersey,East
CM-11679,Carol Mitchell,Corporate,United States,Delray Beach,Florida,South
JD-12447,Joshua Davis,Corporate,United States,Ontario,California,West
SG-11665,Stephanie Garcia,Corporate,United States,Boise,Idaho,West
AC-10708,Amanda Carter,Consumer,United States,Burlington,Iowa,Central
MC-10561,Margaret Cruz,Home Office,United States,Grand Rapids,Michigan,Central
BF-10654,Betty Flores,Home Office,United States,Springfield,Missouri,Central
NL-12648,Nancy Lee,Consumer,United States,Overland Park,Kansas,Central
KM-13572,Kimberly Mitchell,Consumer,United States,Laguna Niguel,California,West
EH-13004,Elizabeth Harris,Home Office,United States,Roswell,Georgia,South
LL-11271,Laura Lee,Consumer,United States,Glenview,Illinois,Central
AT-14142,Anthony Turner,Consumer,United States,Amarillo,Texas,Central
GM-10418,George Miller,Corporate,United States,Ontario,California,West
RC-12518,Rebecca Carter,Home Office,United States,Smyrna,Tennessee,South
LR-11879,Laura Rivera,Corporate,United States,Monroe,North Carolina,South
AM-10987,Amanda Martinez,Home Office,United States,Tampa,Florida,South
ED-12386,Emily Diaz,Home Office,United States,Mount Vernon,New York,East
AJ-13173,Ashley Jones,Home Office,United States,Lebanon,Tennessee,South
CG-12858,Carol Gomez,Corporate,United States,Canton,Michigan,Central
SR-13781,Sandra Rivera,Corporate,United States,Warner Robins,Georgia,South
KE-10131,Karen Evans,Consumer,United States,Pueblo,Colorado,West
PM-13030,Paul Martinez,Home Office,United States,Davis,California,West
JS-10848,Jennifer Smith,Corporate,United States,Leominster,Massachusetts,East
MR-11150,Mary Ramirez,Home Office,United States,Lancaster,California,West
TM-12993,Thomas Miller,Home Office,United States,Manteca,California,West
SG-10025,Sarah Green,Consumer,United States,Sheboygan,Wisconsin,Central
DC-12632,David Campbell,Home Office,United States,Charlottesville,Virginia,South
SE-12440,Sharon Edwards,Corporate,United States,Arlington,Virginia,South
SM-12391,Stephanie Mitchell,Consumer,United States,Dublin,California,West
RB-11805,Richard Baker,Consumer,United States,Bakersfield,California,West
GR-11890,George Roberts,Corporate,United States,Citrus Heights,California,West
ML-11528,Michael Lopez,Home Office,United States,Pensacola,Florida,South
JM-12455,Jessica Moore,Corporate,United States,Sierra Vista,Arizona,West
TK-13803,Timothy King,Consumer,United States,Jacksonville,North Carolina,South
SR-12204,Sandra Rivera,Home Office,United States,Los Angeles,California,West
LC-12225,Laura Cruz,Consumer,United States,Lawton,Oklahoma,Central
PY-13394,Paul Young,,United States,Commerce City,Colorado,West
AM-12343,Amanda Miller,Corporate,United States,Norwich,Connecticut,East
LR-11023,Lisa Rodriguez,Home Office,United States,Plano,Texas,Central
LT-10873,Linda Torres,Home Office,United States,Yonkers,New York,East
BA-11567,Brian Anderson,Home Office,United States,Edmonds,Washington,West
DC-13591,David Cruz,Home Office,United States,Aurora,Colorado,West
KN-12678,Kimberly Nguyen,,United States,Burlington,Iowa,Central
JG-14168,Jeffrey Gonzalez,Corporate,United States,Lancaster,Pennsylvania,East
AF-10226,Andrew Flores,Corporate,United States,Orange,New Jersey,East
LS-13332,Linda Smith,Home Office,United States,Albuquerque,New Mexico,West
MR-12023,Margaret Rodriguez,Consumer,United States,Arvada,Colorado,West
JG-11470,Jessica Gomez,Home Office,United States,Fresno,California,West
RC-11462,Richard Campbell,Corporate,United States,Oswego,Illinois,Central
AH-11057,Anthony Hall,Corporate,United States,Waukesha,Wisconsin,Central
DD-12929,David Davis,,United States,Lakeland,Florida,South
ML-13624,Michael Lee,Consumer,United States,Miramar,Florida,South
AG-13457,Andrew Green,Consumer,United States,Santa Barbara,California,West
LH-12228,Linda Hall,Corporate,United States,Arlington,Texas,Central
CR-10948,Chris Rivera,Corporate,United States,Charlottesville,Virginia,South
SD-13136,Susan Diaz,Home Office,United States,Macon,Georgia,South
CW-11909,Charles Walker,Consumer,United States,Anaheim,California,West
EH-12059,Elizabeth Hill,Corporate,United States,Chester,Pennsylvania,East
KG-10355,Kenneth Gonzalez,Home Office,United States,North Las Vegas,Nevada,West
DT-10068,Donald Thomas,Corporate,United States,Wausau,Wisconsin,Central
MW-11698,Melissa Williams,Corporate,United States,Brownsville,Texas,Central
DM-10722,Donald Martinez,Home Office,United States,Margate,Florida,South
LM-10146,Laura Martin,Corporate,United States,Lake Forest,California,West
KW-13093,Kenneth White,Home Office,United States,Newark,Ohio,East
JA-10416,Jeffrey Anderson,Corporate,United States,North Miami,Florida,South
JM-12441,Joshua Martin,Corporate,United States,Saginaw,Michigan,Central
KR-11531,Kevin Rodriguez,Consumer,United States,El Cajon,California,West
RL-12572,Ronald Lopez,Consumer,United States,Apple Valley,California,West
ST-12462,Sharon Thomas,Corporate,United States,Cranston,Rhode Island,East
RC-10172,Rebecca Collins,Corporate,United States,Burbank,California,West
JH-12486,Jason Hernandez,Corporate,United States,Edmond,Oklahoma,Central
NJ-13480,Nancy Jones,Corporate,United States,Stockton,California,West
MK-10727,Mark King,,United States,Haltom City,Texas,Central
AL-11896,Anthony Lewis,Home Office,United States,Colorado Springs,Colorado,West
TK-10056,Thomas King,Consumer,United States,Thornton,Colorado,West
RL-10139,Ronald Lee,Home Office,United States,Miramar,Florida,South
WH-13852,William Hill,Corporate,United States,Pearland,Texas,Central
BL-12244,Barbara Lopez,Consumer,United States,Chester,Pennsylvania,East
DS-13720,Deborah Scott,Consumer,United States,Cary,North Carolina,South
LH-13108,Laura Harris,Consumer,United States,Raleigh,North Carolina,South
SM-10450,Susan Martin,Consumer,United States,Cuyahoga Falls,Ohio,East
EM-11998,Emily Miller,Consumer,United States,Port Arthur,Texas,Central
RT-12595,Rebecca Turner,Consumer,United States,Meridian,Idaho,West
DC-10989,Daniel Campbell,Home Office,United States,Harrisonburg,Virginia,South
DG-12975,Deborah Gonzalez,Corporate,United States,Pomona,California,West
SS-10970,Sandra Smith,Consumer,United States,Baytown,Texas,Central
DT-10137,Donna Taylor,Consumer,United States,Bristol,Tennessee,South
MR-12487,Michelle Ramirez,Consumer,United States,Allen,Texas,Central
JS-11897,Joshua Smith,Home Office,United States,Niagara Falls,New York,East
SR-10175,Sarah Roberts,Corporate,United States,Des Plaines,Illinois,Central
DM-13295,Donald Moore,Corporate,United States,Peoria,Illinois,Central
BC-12303,Barbara Carter,Home Office,United States,Manchester,Connecticut,East
KG-13206,Kenneth Garcia,Corporate,United States,Wheeling,Illinois,Central
EA-11966,Emily Allen,Consumer,United States,Las Vegas,Nevada,West
DB-10386,Daniel Brown,,United States,Pearland,Texas,Central
SS-11725,Sharon Scott,,United States,Trenton,Michigan,Central
MB-14096,Michael Brown,Home Office,United States,Lewiston,Maine,East
SW-10445,Sarah Wilson,Consumer,United States,Cheyenne,Wyoming,West
DR-11102,Daniel Roberts,Consumer,United States,San Luis Obispo,California,West
RK-14119,Rebecca King,Home Office,United States,Stockton,California,West
MA-12760,Michelle Allen,Home Office,United States,Ormond Beach,Florida,South
DB-11828,Daniel Baker,Corporate,United States,North Charleston,South Carolina,South
SF-12886,Steven Flores,Corporate,United States,Southaven,Mississippi,South
DR-10004,Donna Ramirez,Consumer,United States,Portland,Oregon,West
KR-11884,Kimberly Rivera,Home Office,United States,Apple Valley,Minnesota,Central
MD-11290,Matthew Davis,Corporate,United States,Hillsboro,Oregon,West
LH-10744,Laura Harris,Corporate,United States,Daytona Beach,Florida,South
DR-11582,Donald Roberts,Corporate,United States,Glendale,Arizona,West
PA-10090,Patricia Allen,Consumer,United States,Belleville,New Jersey,East
KP-13652,Karen Parker,Home Office,United States,Hagerstown,Maryland,East
JM-13473,Jason Miller,Corporate,United States,Port Orange,Florida,South
GC-11306,George Campbell,Corporate,United States,Peoria,Illinois,Central
TR-12101,Thomas Roberts,Consumer,United States,Citrus Heights,California,West
MJ-12049,Michelle Johnson,Corporate,United States,Henderson,Nevada,West
RP-12178,Richard Perez,Consumer,United States,Gladstone,Missouri,Central
GG-12871,George Garcia,Home Office,United States,Avondale,Arizona,West
PJ-12662,Paul Jackson,Consumer,United States,Harrisonburg,Virginia,South
DM-11030,Deborah Miller,Home Office,United States,Laurel,Maryland,East
KH-11330,Kimberly Hall,Corporate,United States,Harlingen,Texas,Central
PR-13174,Paul Rivera,Consumer,United States,Costa Mesa,California,West
MR-13414,Melissa Rodriguez,Home Office,United States,Eugene,Oregon,West
TS-10040,Thomas Scott,Home Office,United States,Orem,Utah,West
RN-12967,Robert Nelson,Home Office,United States,Orem,Utah,West
JA-11013,Jennifer Allen,Consumer,United States,Encinitas,California,West
DP-10944,Daniel Parker,Consumer,United States,Baytown,Texas,Central
ML-10666,Mary Lewis,Corporate,United States,Rancho Cucamonga,California,West
CH-13461,Charles Hernandez,Corporate,United States,Columbia,Tennessee,South
ML-10453,Margaret Lopez,Corporate,United States,Lakeland,Florida,South
KS-10781,Kevin Scott,Corporate,United States,Coral Springs,Florida,South
PJ-11685,Paul Johnson,Consumer,United States,Torrance,California,West
ME-11149,Michelle Edwards,Home Office,United States,Loveland,Colorado,West
SP-10178,Sarah Perez,Home Office,United States,Dover,New Hampshire,East
AD-12185,Anthony Diaz,Corporate,United States,Longview,Washington,West
JK-10337,Jessica King,Home Office,United States,Carol Stream,Illinois,Central
SL-11919,Stephanie Lopez,Home Office,United States,Freeport,New York,East
SD-12167,Steven Davis,Consumer,United States,Lakeville,Minnesota,Central
DC-12658,Daniel Cruz,Consumer,United States,Revere,Massachusetts,East
MG-11557,Matthew Green,Consumer,United States,Fort Worth,Texas,Central
RT-10141,Richard Taylor,Home Office,United States,Pasadena,California,West
TG-12978,Timothy Gonzalez,Consumer,United States,Whittier,California,West
CY-11601,Chris Young,Corporate,United States,Bryan,Texas,Central
CL-11642,Chris Lee,Home Office,United States,Medford,Oregon,West
JT-10352,James Torres,Home Office,United States,Edmond,Oklahoma,Central
ST-10625,Sharon Thompson,Consumer,United States,San Mateo,California,West
LJ-12241,Lisa Jackson,Consumer,United States,Scottsdale,Arizona,West
JN-13125,Joshua Nguyen,Consumer,United States,Greenville,North Carolina,South
RN-14173,Rebecca Nguyen,Consumer,United States,Mount Pleasant,South Carolina,South
AJ-13687,Amanda Jackson,Home Office,United States,Pueblo,Colorado,West
NW-13299,Nancy White,Home Office,United States,Haltom City,Texas,Central
DR-11552,Daniel Roberts,Home Office,United States,Pearland,Texas,Central
ED-12184,Emily Diaz,Consumer,United States,Deltona,Florida,South
MA-13817,Mary Anderson,Corporate,United States,Fairfield,Ohio,East
BN-12509,Betty Nelson,Consumer,United States,Vacaville,California,West
LN-12090,Laura Nelson,Corporate,United States,Quincy,Massachusetts,East
EC-10724,Emily Collins,Home Office,United States,Marietta,Georgia,South
MP-10699,Melissa Parker,Consumer,United States,Fairfield,Ohio,East
ST-12685,Sharon Taylor,Corporate,United States,San Luis Obispo,California,West
LC-10359,Lisa Campbell,Consumer,United States,Mesa,Arizona,West
MK-10323,Michael King,Consumer,United States,Mentor,Ohio,East
AL-11322,Amanda Lewis,Home Office,United States,Norwich,Connecticut,East
AR-11614,Ashley Ramirez,Corporate,United States,Lansing,Michigan,Central
RE-12781,Richard Evans,Consumer,United States,Woodland,California,West
JG-14042,Joseph Green,Consumer,United States,Jackson,Tennessee,South
SP-13819,Sharon Parker,Corporate,United States,Hialeah,Florida,South
CC-12607,Charles Campbell,Corporate,United States,Jacksonville,North Carolina,South
MG-11526,Mary Gonzalez,Home Office,United States,Hendersonville,Tennessee,South
RD-12862,Robert Davis,Consumer,United States,Plainfield,New Jersey,East
CM-10619,Carol Martin,Consumer,United States,Loveland,Colorado,West
DH-10466,Deborah Hernandez,Home Office,United States,Cincinnati,Ohio,East
RT-11435,Ronald Taylor,Consumer,United States,East Point,Georgia,South
GM-14151,George Moore,Consumer,United States,Arlington,Virginia,South
WM-14082,William Mitchell,Corporate,United States,Hillsboro,Oregon,West
AC-11420,Amanda Cruz,Corporate,United States,York,Pennsylvania,East
AJ-13713,Ashley Jackson,Corporate,United States,Medina,Ohio,East
EK-11703,Emily King,Corporate,United States,Rochester,New York,East
MN-12128,Melissa Nguyen,Consumer,United States,Freeport,New York,East
RM-11988,Ronald Miller,Home Office,United States,Kent,Ohio,East
KA-12650,Kevin Adams,Home Office,United States,Tyler,Texas,Central
AH-10492,Amanda Hill,Home Office,United States,Decatur,Illinois,Central
JL-10777,Jennifer Lewis,Consumer,United States,Vacaville,California,West
SP-12576,Sharon Phillips,Consumer,United States,Round Rock,Texas,Central
MT-14175,Margaret Thompson,Consumer,United States,Keller,Texas,Central
JM-11766,Jeffrey Martin,Corporate,United States,Madison,Wisconsin,Central
JA-13621,Jason Adams,Corporate,United States,Huntsville,Texas,Central
NJ-13681,Nancy Johnson,Corporate,United States,Lancaster,Pennsylvania,East
JW-13571,Joshua Wright,Consumer,United States,Fort Worth,Texas,Central
ST-12415,Susan Thompson,Home Office,United States,Cincinnati,Ohio,East
DL-13214,David Lee,Consumer,United States,Billings,Montana,West
JA-11789,Jennifer Anderson,Corporate,United States,Superior,Wisconsin,Central
ML-12726,Margaret Lopez,Consumer,United States,Lawrence,Indiana,Central
PC-12670,Patricia Carter,Corporate,United States,Costa Mesa,California,West
ET-11482,Emily Taylor,Home Office,United States,Normal,Illinois,Central
EE-13960,Elizabeth Edwards,Home Office,United States,West Jordan,Utah,West
JT-11136,James Taylor,Consumer,United States,La Porte,Indiana,Central
PT-11936,Patricia Turner,Corporate,United States,Des Plaines,Illinois,Central
BG-13539,Betty Gonzalez,Consumer,United States,Apple Valley,California,West
BL-11581,Brian Lewis,Home Office,United States,Redondo Beach,California,West
JB-10480,John Brown,Corporate,United States,Hoover,Alabama,South
BG-12266,Betty Gonzalez,Corporate,United States,Roseville,Minnesota,Central
RP-12638,Rebecca Phillips,Corporate,United States,Pasco,Washington,West
JT-10103,Jeffrey Thomas,Corporate,United States,Frisco,Texas,Central
RE-11479,Robert Edwards,Home Office,United States,New Albany,Indiana,Central
CT-13375,Charles Thompson,Home Office,United States,Cincinnati,Ohio,East
SA-12712,Sarah Adams,Consumer,United States,Hesperia,California,West
DT-13920,Dorothy Thompson,Corporate,United States,Royal Oak,Michigan,Central
DR-10743,Deborah Rodriguez,Corporate,United States,Chula Vista,California,West
DW-13907,Dorothy Williams,Corporate,United States,Provo,Utah,West
DR-13919,Dorothy Roberts,Home Office,United States,Redding,California,West
EW-10054,Edward Wright,Consumer,United States,Parker,Colorado,West
AS-10988,Andrew Smith,Corporate,United States,Lancaster,California,West
BJ-13594,Betty Johnson,Consumer,United States,Columbus,Indiana,Central
DH-13187,Daniel Hill,Home Office,United States,Montebello,California,West
RM-10069,Richard Miller,Home Office,United States,Quincy,Illinois,Central
LC-14158,Linda Collins,Consumer,United States,Layton,Utah,West
KH-10718,Karen Hernandez,Home Office,United States,Conroe,Texas,Central
PP-11101,Patricia Phillips,Home Office,United States,Yuma,Arizona,West
MJ-12775,Melissa Johnson,Home Office,United States,Raleigh,North Carolina,South
DH-10334,David Hall,Consumer,United States,Springfield,Missouri,Central
SD-13344,Stephanie Diaz,Consumer,United States,Maple Grove,Minnesota,Central
CB-13678,Chris Baker,Consumer,United States,Santa Clara,California,West
MA-11392,Melissa Adams,,United States,Kissimmee,Florida,South
JA-12835,Jessica Allen,Consumer,United States,Rapid City,South Dakota,Central
KD-13325,Karen Diaz,Corporate,United States,Gulfport,Mississippi,South
MA-11240,Mary Adams,Corporate,United States,Santa Barbara,California,West
BH-10785,Brian Hill,,United States,Roswell,Georgia,South
JT-11174,Jeffrey Thomas,Corporate,United States,Pensacola,Florida,South
CE-11159,Charles Evans,Consumer,United States,Tuscaloosa,Alabama,South
LS-11316,Linda Sanchez,Corporate,United States,Grand Rapids,Michigan,Central
LY-13003,Lisa Young,Consumer,United States,Apopka,Florida,South
RM-11138,Ronald Miller,Consumer,United States,Los Angeles,California,West
JG-12594,Jessica Gonzalez,Home Office,United States,Florence,South Carolina,South
SG-12707,Steven Green,Corporate,United States,La Crosse,Wisconsin,Central
DG-10128,David Gomez,Corporate,United States,Louisville,Colorado,West
SJ-11584,Sharon Johnson,Consumer,United States,Georgetown,Kentucky,South
DM-11975,Daniel Martin,Consumer,United States,Marion,Ohio,East
MW-13825,Mary Williams,Corporate,United States,Midland,Michigan,Central
RR-12538,Rebecca Rivera,Corporate,United States,Tuscaloosa,Alabama,South
DM-12468,Donald Mitchell,Corporate,United States,Saint Cloud,Minnesota,Central
CP-11262,Chris Parker,Consumer,United States,Garland,Texas,Central
MD-13815,Michael Davis,Consumer,United States,Cedar Hill,Texas,Central
TA-12508,Thomas Allen,Corporate,United States,Highland Park,Illinois,Central
RD-11107,Rebecca Diaz,Consumer,United States,Lorain,Ohio,East
PM-10951,Patricia Moore,Home Office,United States,Atlanta,Georgia,South
AB-13128,Ashley Baker,Consumer,United States,Sandy Springs,Georgia,South
SH-12818,Sharon Hill,Corporate,United States,Philadelphia,Pennsylvania,East
KY-12123,Karen Young,Corporate,United States,Texas City,Texas,Central
BH-11130,Barbara Hill,Home Office,United States,Ormond Beach,Florida,South
MH-13236,Margaret Hall,Home Office,United States,Wilson,North Carolina,South
SD-13344,Stephanie Diaz,Consumer,United States,Maple Grove,Minnesota,Central
MG-11559,Margaret Garcia,Corporate,United States,Saginaw,Michigan,Central
LG-10462,Lisa Garcia,Consumer,United States,Hollywood,Florida,South
MT-12433,Mary Thomas,Corporate,United States,Peoria,Arizona,West
WC-10640,William Cruz,Home Office,United States,Smyrna,Tennessee,South
JT-12504,Joshua Taylor,Consumer,United States,Pasadena,Texas,Central
PM-12966,Paul Mitchell,Consumer,United States,Chattanooga,Tennessee,South
LT-13383,Lisa Taylor,Consumer,United States,Cincinnati,Ohio,East
SM-12567,Steven Miller,Corporate,United States,Utica,New York,East
MW-10758,Melissa Williams,Corporate,United States,Overland Park,Kansas,Central
SG-13928,Sarah Gonzalez,Corporate,United States,Pine Bluff,Arkansas,South
RL-10930,Rebecca Lewis,Consumer,United States,Frankfort,Illinois,Central
JC-10231,Jessica Campbell,Corporate,United States,Tinley Park,Illinois,Central
BW-12461,Brian White,Home Office,United States,Huntsville,Texas,Central
WH-11320,William Hall,Consumer,United States,Akron,Ohio,East
JW-10556,Jeffrey Williams,Corporate,United States,Mesquite,Texas,Central
RA-10544,Ronald Allen,Consumer,United States,Wheeling,West Virginia,East
LC-13793,Laura Cruz,Home Office,United States,Linden,New Jersey,East
MG-13701,Matthew Green,Corporate,United States,Louisville,Colorado,West
MH-13770,Matthew Hall,Corporate,United States,Richmond,Kentucky,South
MH-13699,Melissa Hall,,United States,Woonsocket,Rhode Island,East
CC-10099,Chris Carter,,United States,Pasadena,Texas,Central
PT-11431,Paul Turner,Home Office,United States,Broken Arrow,Oklahoma,Central
JA-11251,Jennifer Anderson,Consumer,United States,Mishawaka,Indiana,Central
LC-12693,Lisa Collins,Home Office,United States,Park Ridge,Illinois,Central
SM-11888,Sharon Martinez,Home Office,United States,Columbia,Maryland,East
CT-11900,Carol Thompson,Consumer,United States,Urbandale,Iowa,Central
DJ-11006,Deborah Jones,Home Office,United States,Westland,Michigan,Central
KN-12445,Kimberly Nelson,Home Office,United States,Oswego,Illinois,Central
CA-13007,Chris Adams,Home Office,United States,Wilmington,Delaware,East
MA-11471,Melissa Adams,Corporate,United States,Miramar,Florida,South
DJ-12713,Dorothy Johnson,Home Office,United States,Romeoville,Illinois,Central
AM-13716,Ashley Martin,Corporate,United States,Fort Worth,Texas,Central
JJ-13682,Jeffrey Jones,,United States,Santa Ana,California,West
MM-12820,Michelle Miller,Home Office,United States,Sioux Falls,South Dakota,Central
JK-13821,Jason King,Corporate,United States,Draper,Utah,West
KL-12061,Kevin Lewis,Consumer,United States,Lake Elsinore,California,West
NC-12310,Nancy Collins,Consumer,United States,Bossier City,Louisiana,South
LF-10295,Lisa Flores,Home Office,United States,Cedar Hill,Texas,Central
ME-12770,Mary Edwards,,United States,Port Arthur,Texas,Central
MP-13581,Melissa Phillips,Corporate,United States,Clovis,New Mexico,West
JM-12129,John Mitchell,Corporate,United States,Vallejo,California,West
KJ-11996,Kevin Jones,Corporate,United States,Laurel,Maryland,East
JR-13884,Jessica Rodriguez,Corporate,United States,Melbourne,Florida,South
LL-12354,Lisa Lopez,Home Office,United States,Richardson,Texas,Central
SE-13254,Steven Edwards,Corporate,United States,Chester,Pennsylvania,East
KA-10160,Karen Anderson,Consumer,United States,Brownsville,Texas,Central
EK-11237,Elizabeth King,Consumer,United States,New Bedford,Massachusetts,East
DP-10651,Dorothy Perez,Home Office,United States,Pasco,Washington,West
MD-14078,Melissa Davis,Consumer,United States,Asheville,North Carolina,South
DM-13406,Dorothy Martinez,Home Office,United States,Redondo Beach,California,West
EN-12743,Emily Nguyen,Consumer,United States,Peoria,Illinois,Central
ER-10910,Edward Rivera,Home Office,United States,Whittier,California,West
JG-13352,Joshua Gonzalez,Consumer,United States,Santa Clara,California,West
MS-11721,Mark Scott,Home Office,United States,Florence,South Carolina,South
JD-12432,Jessica Davis,Consumer,United States,Cleveland,Ohio,East
NT-12917,Nancy Torres,Corporate,United States,Laurel,Maryland,East
SY-13899,Sharon Young,Consumer,United States,Gladstone,Missouri,Central
TM-11558,Timothy Martinez,Home Office,United States,Marietta,Georgia,South
JR-10321,John Rodriguez,Home Office,United States,La Mesa,California,West
MG-10015,Matthew Garcia,Corporate,United States,Longmont,Colorado,West
BC-10976,Brian Carter,Corporate,United States,Pico Rivera,California,West
ES-13659,Elizabeth Sanchez,Corporate,United States,La Mesa,California,West
WD-13465,William Davis,Corporate,United States,Elyria,Ohio,East
MS-11447,Melissa Sanchez,Corporate,United States,Saint Charles,Illinois,Central
JT-13476,Jennifer Thompson,Corporate,United States,Waterbury,Connecticut,East
JR-10463,Jessica Ramirez,Corporate,United States,Woodstock,Georgia,South
RR-10888,Ronald Ramirez,Consumer,United States,Huntington Beach,California,West
SR-11693,Sarah Roberts,Consumer,United States,Meridian,Idaho,West
LW-11720,Laura Williams,Home Office,United States,Helena,Montana,West
CJ-10644,Charles Jones,Home Office,United States,Sterling Heights,Michigan,Central
SP-10620,Stephanie Phillips,Corporate,United States,Conroe,Texas,Central
SM-10652,Sandra Martinez,Consumer,United States,Kenner,Louisiana,South
LE-10254,Linda Evans,Corporate,United States,Medina,Ohio,East
RC-13309,Richard Clark,Home Office,United States,Garden City,Kansas,Central
GD-11882,George Davis,Consumer,United States,Austin,Texas,Central
PL-10874,Paul Lopez,Consumer,United States,Garden City,Kansas,Central
KD-10467,Kenneth Davis,Home Office,United States,Glenview,Illinois,Central
SN-10754,Stephanie Nelson,Home Office,United States,West Allis,Wisconsin,Central
NT-13887,Nancy Torres,Consumer,United States,Maple Grove,Minnesota,Central
SD-10942,Sharon Davis,,United States,Smyrna,Georgia,South
BE-10883,Brian Edwards,Home Office,United States,Goldsboro,North Carolina,South
CD-10292,Chris Davis,Home Office,United States,Yucaipa,California,West
RJ-10234,Ronald Johnson,Corporate,United States,Columbus,Georgia,South
MH-12790,Mary Hall,Home Office,United States,Commerce City,Colorado,West
JT-13438,John Torres,Consumer,United States,Chandler,Arizona,West
MW-13482,Melissa Walker,Corporate,United States,Columbus,Indiana,Central
BT-11995,Brian Thomas,Home Office,United States,Lorain,Ohio,East
JT-13658,Jennifer Thompson,Consumer,United States,Woonsocket,Rhode Island,East
JR-11305,Jennifer Roberts,Consumer,United States,Conway,Arkansas,South
SA-13392,Stephanie Adams,Corporate,United States,Thomasville,North Carolina,South
JW-11767,Joseph Wilson,Consumer,United States,Moorhead,Minnesota,Central
SL-11519,Susan Lewis,Corporate,United States,Marietta,Georgia,South
SS-12272,Sharon Scott,Consumer,United States,Long Beach,California,West
JF-13870,Jason Flores,Corporate,United States,Apple Valley,Minnesota,Central
MA-12098,Michelle Adams,Corporate,United States,Huntington Beach,California,West
KN-12834,Kimberly Nguyen,Consumer,United States,Sierra Vista,Arizona,West
LM-13132,Linda Moore,Corporate,United States,Laurel,Maryland,East
RC-12418,Richard Clark,Corporate,United States,Overland Park,Kansas,Central
BR-12026,Barbara Robinson,Corporate,United States,Chico,California,West
TA-13395,Timothy Anderson,Consumer,United States,Apple Valley,Minnesota,Central
SA-11486,Steven Allen,Corporate,United States,Layton,Utah,West
MM-11242,Matthew Mitchell,Home Office,United States,Orland Park,Illinois,Central
KD-10535,Karen Davis,Consumer,United States,Scottsdale,Arizona,West
MT-12677,Melissa Thomas,Corporate,United States,Wilmington,North Carolina,South
AJ-12977,Anthony Johnson,Corporate,United States,Naperville,Illinois,Central
RF-12629,Ronald Flores,Home Office,United States,Las Vegas,Nevada,West
LT-10526,Lisa Thomas,Consumer,United States,Sterling Heights,Michigan,Central
JT-13440,James Thompson,Corporate,United States,Meriden,Connecticut,East
SG-11426,Steven Garcia,Consumer,United States,Tucson,Arizona,West
AG-11081,Amanda Green,Home Office,United States,Arvada,Colorado,West
LM-13444,Laura Mitchell,Consumer,United States,Pocatello,Idaho,West
RN-12448,Rebecca Nguyen,Home Office,United States,Gresham,Oregon,West
LS-13234,Linda Sanchez,Home Office,United States,Naperville,Illinois,Central
AE-13998,Ashley Evans,Home Office,United States,Round Rock,Texas,Central
BW-12876,Brian Walker,Corporate,United States,Rogers,Arkansas,South
MB-13801,Mark Baker,Consumer,United States,Bristol,Connecticut,East
LN-13110,Linda Nelson,Home Office,United States,Salem,Oregon,West
SB-10590,Stephanie Baker,Home Office,United States,Dover,New Hampshire,East
DG-10674,Donald Gonzalez,Corporate,United States,Westminster,California,West
DA-13777,Daniel Allen,Consumer,United States,Pocatello,Idaho,West
AS-12155,Anthony Smith,Consumer,United States,East Point,Georgia,South
EW-11347,Emily Wilson,Corporate,United States,Mentor,Ohio,East
SG-11376,Susan Gonzalez,Home Office,United States,La Porte,Indiana,Central
DB-13429,David Brown,Home Office,United States,Murray,Utah,West
GG-10836,George Garcia,Home Office,United States,Draper,Utah,West
DW-10252,Donald Walker,Corporate,United States,Iowa City,Iowa,Central
EC-10667,Elizabeth Clark,Corporate,United States,Encinitas,California,West
AW-12210,Amanda White,Consumer,United States,San Antonio,Texas,Central
DR-11872,David Ramirez,Home Office,United States,Florence,South Carolina,South
RC-10391,Rebecca Carter,Consumer,United States,Wheeling,West Virginia,East
AT-11468,Andrew Torres,Corporate,United States,Hot Springs,Arkansas,South
LH-13794,Laura Harris,Consumer,United States,Chula Vista,California,West
NR-13288,Nancy Ramirez,Consumer,United States,Lehi,Utah,West
KN-11363,Kevin Nguyen,Consumer,United States,Holland,Michigan,Central
EG-10795,Elizabeth Gonzalez,Consumer,United States,Knoxville,Tennessee,South
SD-11985,Sandra Diaz,Corporate,United States,Santa Ana,California,West
KR-11934,Kenneth Robinson,Corporate,United States,Goldsboro,North Carolina,South
NE-12105,Nancy Edwards,Home Office,United States,Chattanooga,Tennessee,South
EB-12717,Edward Brown,Home Office,United States,Twin Falls,Idaho,West
JT-10682,Jennifer Thompson,Home Office,United States,Boise,Idaho,West
JJ-12852,John Johnson,Consumer,United States,Brownsville,Texas,Central
TB-11206,Timothy Brown,Consumer,United States,Kenner,Louisiana,South
SM-11078,Sandra Miller,Consumer,United States,Warner Robins,Georgia,South
MP-13871,Mary Parker,,United States,Hempstead,New York,East
ME-12943,Michelle Evans,Corporate,United States,Salinas,California,West
JT-12395,Jessica Thomas,Home Office,United States,Provo,Utah,West
JR-14126,Jason Robinson,Home Office,United States,Holyoke,Massachusetts,East
RS-10152,Rebecca Smith,Corporate,United States,Columbia,Missouri,Central
MH-11525,Matthew Harris,Consumer,United States,Green Bay,Wisconsin,Central
AR-10439,Anthony Robinson,Consumer,United States,Lafayette,Indiana,Central
SE-10828,Sarah Edwards,Home Office,United States,Normal,Illinois,Central
JD-11255,Jason Davis,Consumer,United States,Avondale,Arizona,West
AB-10525,Anthony Brown,Home Office,United States,Woodland,California,West
EH-11266,Edward Hernandez,Consumer,United States,Bethlehem,Pennsylvania,East
JM-12070,John Miller,Home Office,United States,Delray Beach,Florida,South
DD-10406,Donald Diaz,Corporate,United States,Overland Park,Kansas,Central
JD-10258,Jessica Davis,Corporate,United States,East Point,Georgia,South
EM-14164,Edward Mitchell,Corporate,United States,Green Bay,Wisconsin,Central
MC-12749,Margaret Collins,Corporate,United States,Morgan Hill,California,West
TG-12437,Thomas Gomez,Home Office,United States,Auburn,Washington,West
DL-13598,Deborah Lee,Consumer,United States,Rochester,New York,East
DS-10186,Donald Smith,Corporate,United States,North Charleston,South Carolina,South
DB-12092,Deborah Brown,Corporate,United States,Hempstead,New York,East
AC-10474,Amanda Cruz,Home Office,United States,Sanford,Florida,South
RS-12901,Ronald Sanchez,Home Office,United States,Conroe,Texas,Central
AR-10813,Amanda Ramirez,Consumer,United States,Columbia,Maryland,East
CB-12389,Chris Brown,Home Office,United States,Durham,North Carolina,South
MR-11167,Mark Robinson,Consumer,United States,Carrollton,Texas,Central
JD-13796,John Diaz,Corporate,United States,Pasadena,Texas,Central
SJ-10365,Sandra Jones,Consumer,United States,Vallejo,California,West
MF-13090,Mark Flores,Home Office,United States,Oak Park,Illinois,Central
SK-11746,Sarah King,Home Office,United States,Bloomington,Illinois,Central
JM-11859,Joseph Mitchell,Consumer,United States,Clinton,Maryland,East
JD-13009,Joseph Diaz,Corporate,United States,Lincoln Park,Michigan,Central
JP-12621,John Phillips,Corporate,United States,Saginaw,Michigan,Central
KT-14121,Kenneth Turner,Home Office,United States,Auburn,Washington,West
KW-11351,Kevin White,Consumer,United States,Elkhart,Indiana,Central
DN-12364,Donald Nelson,Corporate,United States,Revere,Massachusetts,East
JF-10330,John Flores,Consumer,United States,Tampa,Florida,South
PT-10513,Paul Thomas,Corporate,United States,Bozeman,Montana,West
GF-10663,George Flores,Consumer,United States,Lake Charles,Louisiana,South
KR-10346,Kenneth Ramirez,Corporate,United States,North Las Vegas,Nevada,West
PK-11604,Patricia King,Corporate,United States,Thornton,Colorado,West
AT-10833,Andrew Turner,Home Office,United States,Billings,Montana,West
SM-13359,Sarah Martinez,Consumer,United States,Richardson,Texas,Central
RE-10684,Richard Evans,Corporate,United States,Montebello,California,West
CF-13915,Charles Flores,Consumer,United States,Minneapolis,Minnesota,Central
KT-11677,Kenneth Thomas,Home Office,United States,Bartlett,Tennessee,South
RH-13051,Rebecca Hernandez,Consumer,United States,Houston,Texas,Central
RR-12787,Robert Rodriguez,Home Office,United States,Bellevue,Washington,West
DR-12091,David Roberts,Corporate,United States,Brentwood,California,West
EP-10773,Elizabeth Phillips,Consumer,United States,Danville,California,West
DP-13559,Donna Parker,Consumer,United States,Warwick,Rhode Island,East
WC-10067,William Campbell,Home Office,United States,Coral Gables,Florida,South
RP-11951,Richard Perez,,United States,Chandler,Arizona,West
LW-14034,Lisa Wright,Consumer,United States,Brownsville,Texas,Central
ME-12981,Michael Evans,Corporate,United States,San Angelo,Texas,Central
WY-11716,William Young,Corporate,United States,Freeport,New York,East
JT-12610,Jason Turner,Consumer,United States,Lewiston,Maine,East
KR-12421,Kenneth Rivera,,United States,Nashua,New Hampshire,East
JM-12692,John Mitchell,Home Office,United States,Mount Vernon,New York,East
JS-10235,Joseph Sanchez,Corporate,United States,Glendale,Arizona,West
MT-12857,Mary Turner,Corporate,United States,Laredo,Texas,Central
MH-13356,Michael Harris,Consumer,United States,Apple Valley,Minnesota,Central
TF-10646,Timothy Flores,,United States,Park Ridge,Illinois,Central
KL-12466,Kenneth Lee,Consumer,United States,Tinley Park,Illinois,Central
CS-12348,Charles Scott,Consumer,United States,Bloomington,Illinois,Central
KS-11667,Karen Smith,Home Office,United States,Henderson,Kentucky,South
AP-11823,Ashley Parker,Consumer,United States,Delray Beach,Florida,South
ES-12078,Emily Smith,Consumer,United States,San Francisco,California,West
ML-11139,Matthew Lewis,Consumer,United States,West Allis,Wisconsin,Central
KG-10542,Kevin Garcia,Corporate,United States,Waterloo,Iowa,Central
LL-11314,Laura Lewis,Home Office,United States,Skokie,Illinois,Central
DC-11300,Dorothy Clark,Consumer,United States,Springfield,Oregon,West
MW-10201,Melissa Wright,,United States,Decatur,Illinois,Central
LM-11964,Linda Moore,Consumer,United States,Louisville,Kentucky,South
GF-11296,George Flores,Corporate,United States,Concord,California,West
KR-13553,Kenneth Roberts,Consumer,United States,Tallahassee,Florida,South
AM-12362,Ashley Moore,Home Office,United States,Coon Rapids,Minnesota,Central
MG-10307,Matthew Gonzalez,,United States,Redding,California,West
MW-12989,Michelle White,Consumer,United States,Independence,Missouri,Central
TL-11309,Timothy Lopez,Corporate,United States,Wilmington,Delaware,East
RE-10130,Richard Evans,Corporate,United States,La Crosse,Wisconsin,Central
KP-10396,Kevin Parker,Consumer,United States,Memphis,Tennessee,South
DC-14185,David Clark,Corporate,United States,Oak Park,Illinois,Central
MT-11930,Mary Turner,Consumer,United States,Salinas,California,West
JD-10327,Jennifer Diaz,Home Office,United States,Huntsville,Alabama,South
DT-10192,David Turner,Consumer,United States,Athens,Georgia,South
JW-10723,Joshua White,Home Office,United States,Plantation,Florida,South
JC-13222,Joshua Clark,Consumer,United States,Lawton,Oklahoma,Central
CW-11855,Carol White,Corporate,United States,Farmington,New Mexico,West
JR-10308,Jeffrey Rodriguez,Corporate,United States,Santa Clara,California,West
RR-11065,Richard Rodriguez,Consumer,United States,San Luis Obispo,California,West
BB-13379,Barbara Baker,Consumer,United States,Bloomington,Indiana,Central
KR-11398,Kenneth Rivera,Home Office,United States,Las Cruces,New Mexico,West
ER-13042,Edward Ramirez,Home Office,United States,Bridgeton,New Jersey,East
BW-12969,Barbara Wilson,Home Office,United States,Charlotte,North Carolina,South
ST-13540,Stephanie Torres,Consumer,United States,Greenwood,Indiana,Central
JN-10496,Jennifer Nguyen,Corporate,United States,Vallejo,California,West
MA-13345,Mark Anderson,Corporate,United States,Covington,Washington,West
MP-13081,Margaret Perez,Home Office,United States,Vacaville,California,West
RW-12916,Ronald Williams,Consumer,United States,Dearborn,Michigan,Central
AW-10385,Amanda White,Home Office,United States,Saint Charles,Missouri,Central
MR-13818,Matthew Rivera,Consumer,United States,Tallahassee,Florida,South
BE-12701,Barbara Evans,Consumer,United States,Frankfort,Illinois,Central
MM-10583,Mary Mitchell,Corporate,United States,Torrance,California,West
CJ-10398,Chris Johnson,Corporate,United States,Linden,New Jersey,East
JR-10867,Joshua Rodriguez,Corporate,United States,Paterson,New Jersey,East
BG-12995,Barbara Green,Home Office,United States,Ormond Beach,Florida,South
DT-13724,Daniel Thomas,Corporate,United States,Sterling Heights,Michigan,Central
AM-13838,Amanda Mitchell,Home Office,United States,Dover,Delaware,East
DD-13312,Dorothy Davis,,United States,Miramar,Florida,South
MR-13548,Mary Ramirez,Home Office,United States,Orem,Utah,West
JD-12773,James Davis,Corporate,United States,Hattiesburg,Mississippi,South
BS-12581,Brian Sanchez,Corporate,United States,Waco,Texas,Central
JB-12811,Jennifer Brown,Corporate,United States,Aurora,Colorado,West
LS-11630,Lisa Scott,Corporate,United States,Sheboygan,Wisconsin,Central
MD-10162,Michelle Diaz,Corporate,United States,Pasadena,Texas,Central
JW-11335,Jason Walker,Consumer,United States,Clovis,New Mexico,West
BF-14065,Betty Flores,Home Office,United States,Wausau,Wisconsin,Central
AG-13564,Ashley Gomez,Corporate,United States,Chicago,Illinois,Central
JM-11104,Jessica Moore,Home Office,United States,Texas City,Texas,Central
PE-10937,Paul Evans,Home Office,United States,Phoenix,Arizona,West
LB-11040,Laura Brown,Consumer,United States,Columbia,Maryland,East
DL-11367,Donna Lopez,Consumer,United States,Great Falls,Montana,West
SW-13486,Stephanie White,Corporate,United States,Lakewood,California,West
DW-13122,Donna Wright,Corporate,United States,Virginia Beach,Virginia,South
MH-11275,Michael Harris,Home Office,United States,Pocatello,Idaho,West
KS-14099,Kenneth Smith,Corporate,United States,Burlington,Iowa,Central
SS-11927,Steven Scott,Consumer,United States,Quincy,Massachusetts,East
SW-11950,Stephanie Walker,Consumer,United States,Draper,Utah,West
AL-12069,Amanda Lee,Home Office,United States,Renton,Washington,West
BL-10570,Brian Lewis,Corporate,United States,Passaic,New Jersey,East
RB-13503,Ronald Baker,Corporate,United States,Tinley Park,Illinois,Central
MJ-11160,Michael Johnson,Consumer,United States,Richmond,Indiana,Central
JC-11561,John Campbell,Corporate,United States,Apple Valley,Minnesota,Central
DW-11592,Daniel Wilson,Corporate,United States,Laurel,Maryland,East
LS-12702,Linda Scott,Consumer,United States,Coachella,California,West
AC-12745,Andrew Clark,Consumer,United States,Citrus Heights,California,West
CC-11881,Carol Collins,Home Office,United States,Des Moines,Iowa,Central
DC-13637,Deborah Campbell,Consumer,United States,Loveland,Colorado,West
RH-12530,Rebecca Hernandez,,United States,Redding,California,West
RW-12082,Richard Williams,Home Office,United States,Springfield,Virginia,South
JT-13183,James Thomas,Consumer,United States,Paterson,New Jersey,East
LR-13455,Laura Rivera,Consumer,United States,Eau Claire,Wisconsin,Central
MJ-13098,Matthew Jackson,Home Office,United States,Washington,District of Columbia,East
LC-10048,Lisa Carter,Home Office,United States,Cottage Grove,Minnesota,Central
MW-13509,Matthew Wilson,Consumer,United States,Sparks,Nevada,West
SM-13247,Susan Martin,Consumer,United States,Kenner,Louisiana,South
CY-10030,Carol Young,Home Office,United States,Woodland,California,West
JG-11596,Joseph Gonzalez,Home Office,United States,Pomona,California,West
RC-13054,Richard Cruz,Consumer,United States,Thornton,Colorado,West
RJ-11926,Ronald Jones,Corporate,United States,Leominster,Massachusetts,East
KD-13226,Kenneth Diaz,Corporate,United States,Long Beach,California,West
LJ-10502,Lisa Johnson,Corporate,United States,Wheeling,Illinois,Central
AM-11847,Anthony Martin,Home Office,United States,Cranston,Rhode Island,East
BS-12502,Brian Sanchez,Home Office,United States,Reno,Nevada,West
PA-14103,Paul Adams,Consumer,United States,Clinton,Maryland,East
MN-11186,Michelle Nguyen,Corporate,United States,Hendersonville,Tennessee,South
MS-11269,Matthew Smith,Home Office,United States,Columbus,Ohio,East
NR-12559,Nancy Robinson,Home Office,United States,Florence,Alabama,South
RA-11857,Richard Anderson,Corporate,United States,Saint Paul,Minnesota,Central
AP-13231,Ashley Phillips,Corporate,United States,Philadelphia,Pennsylvania,East
JS-12579,James Sanchez,Consumer,United States,Norman,Oklahoma,Central
DW-11863,Deborah Williams,Home Office,United States,Lake Charles,Louisiana,South
DS-11795,Donald Scott,Corporate,United States,Rockford,Illinois,Central
JR-13944,Jeffrey Robinson,Consumer,United States,Melbourne,Florida,South
PT-12971,Patricia Turner,,United States,Hendersonville,Tennessee,South
KY-12550,Karen Young,Home Office,United States,Superior,Wisconsin,Central
JN-10433,Joshua Nelson,Consumer,United States,Tigard,Oregon,West
RA-12302,Robert Allen,Home Office,United States,Olympia,Washington,West
MD-10997,Mary Diaz,Consumer,United States,Oklahoma City,Oklahoma,Central
EL-10045,Edward Lopez,Consumer,United States,Lake Forest,California,West
KG-14130,Kimberly Gonzalez,Home Office,United States,Fort Worth,Texas,Central
SL-14014,Sandra Lee,Corporate,United States,Jacksonville,Florida,South
WP-12828,William Phillips,Consumer,United States,Pasadena,California,West
LG-10367,Lisa Garcia,,United States,Maple Grove,Minnesota,Central
MS-11077,Melissa Scott,Consumer,United States,Pomona,California,West
JB-11079,James Brown,Consumer,United States,Greenville,North Carolina,South
DT-13657,Daniel Taylor,Home Office,United States,Park Ridge,Illinois,Central
PH-12729,Paul Hernandez,Consumer,United States,Bristol,Connecticut,East
SN-10261,Sharon Nguyen,Corporate,United States,Greenwood,Indiana,Central
MC-10598,Michelle Cruz,Consumer,United States,Saint Petersburg,Florida,South
DK-12861,David King,Home Office,United States,Covington,Washington,West
KM-12784,Kevin Mitchell,Home Office,United States,San Marcos,Texas,Central
MW-13097,Margaret Walker,Home Office,United States,Des Moines,Washington,West
WY-12347,William Young,Home Office,United States,Woodstock,Illinois,Central
SS-10557,Steven Sanchez,Corporate,United States,Normal,Illinois,Central
NG-12624,Nancy Gomez,Consumer,United States,Mishawaka,Indiana,Central
TM-12067,Thomas Martinez,Corporate,United States,Glenview,Illinois,Central
KG-10573,Kevin Green,Corporate,United States,Conroe,Texas,Central
AM-12343,Amanda Miller,Corporate,United States,Norwich,Connecticut,East
DA-13327,David Anderson,Home Office,United States,Newark,Ohio,East
AP-12274,Anthony Phillips,Corporate,United States,Cranston,Rhode Island,East
AR-10600,Anthony Roberts,Home Office,United States,Santa Fe,New Mexico,West
EW-13968,Elizabeth Williams,Corporate,United States,Lansing,Michigan,Central
SE-12042,Steven Edwards,Home Office,United States,Danville,Illinois,Central
EB-10420,Elizabeth Baker,Consumer,United States,Pasco,Washington,West
ST-12137,Stephanie Turner,Corporate,United States,Overland Park,Kansas,Central
JS-11303,James Smith,Consumer,United States,Murfreesboro,Tennessee,South
RN-11247,Rebecca Nelson,Consumer,United States,East Point,Georgia,South
CH-11233,Carol Hill,Corporate,United States,Meriden,Connecticut,East
JC-11449,Jeffrey Collins,Consumer,United States,Bakersfield,California,West
JH-12267,Joshua Hill,Consumer,United States,Conway,Arkansas,South
MK-12356,Mark King,Consumer,United States,Hackensack,New Jersey,East
RH-12205,Robert Harris,Home Office,United States,Marion,Ohio,East
EW-11813,Emily Walker,Home Office,United States,Vallejo,California,West
RW-12220,Robert White,Corporate,United States,Malden,Massachusetts,East
KM-11467,Kevin Martin,Consumer,United States,San Luis Obispo,California,West
MD-10276,Mark Davis,Home Office,United States,Lewiston,Maine,East
TR-10706,Thomas Rivera,Consumer,United States,Torrance,California,West
RP-13843,Richard Perez,Consumer,United States,Hollywood,Florida,South
DC-12335,Deborah Campbell,,United States,Irving,Texas,Central
JH-13139,Jason Hernandez,Home Office,United States,Chicago,Illinois,Central
PR-10454,Paul Rivera,Home Office,United States,Deltona,Florida,South
JP-10114,James Perez,Home Office,United States,Montgomery,Alabama,South
CA-10072,Carol Adams,Consumer,United States,Franklin,Massachusetts,East
KT-13569,Kevin Torres,Consumer,United States,Portland,Oregon,West
JS-12029,Joshua Smith,Corporate,United States,Hagerstown,Maryland,East
AW-13485,Andrew Williams,Consumer,United States,Lake Charles,Louisiana,South
JT-12131,John Thomas,Consumer,United States,Montgomery,Alabama,South
JG-13229,Jessica Garcia,Home Office,United States,Richmond,Virginia,South
PW-12927,Patricia White,Consumer,United States,Redwood City,California,West
MS-10142,Margaret Smith,Home Office,United States,Santa Maria,California,West
DR-12064,David Robinson,Corporate,United States,San Mateo,California,West
JK-11826,Jessica King,Corporate,United States,Johnson City,Tennessee,South
KW-14115,Kevin Walker,Corporate,United States,San Angelo,Texas,Central
JR-12584,Jennifer Rodriguez,Consumer,United States,Marysville,Washington,West
BY-12290,Barbara Young,Consumer,United States,Niagara Falls,New York,East
LT-10919,Linda Thomas,Consumer,United States,Johnson City,Tennessee,South
LS-10452,Linda Smith,Home Office,United States,Santa Barbara,California,West
BR-13840,Brian Rodriguez,Home Office,United States,Lakewood,California,West
JB-13905,Joseph Brown,Corporate,United States,Bellevue,Washington,West
PW-12453,Paul White,Corporate,United States,Gastonia,North Carolina,South
KM-12696,Kimberly Martinez,Corporate,United States,Concord,California,West
LT-11515,Laura Torres,Consumer,United States,Aurora,Illinois,Central
MR-12393,Michael Ramirez,Corporate,United States,Malden,Massachusetts,East
RW-11566,Richard Williams,Home Office,United States,Utica,New York,East
SM-13766,Steven Mitchell,Consumer,United States,Camarillo,California,West
MT-10740,Margaret Thompson,Home Office,United States,Saginaw,Michigan,Central
NM-12413,Nancy Moore,Home Office,United States,Detroit,Michigan,Central
JH-11654,Jeffrey Harris,Consumer,United States,Bozeman,Montana,West
CM-13532,Charles Moore,Corporate,United States,Smyrna,Tennessee,South
KF-10105,Karen Flores,Consumer,United States,Oxnard,California,West
ES-11858,Edward Smith,Corporate,United States,Suffolk,Virginia,South
TP-13341,Thomas Parker,Consumer,United States,Atlantic City,New Jersey,East
RH-14153,Richard Hall,Corporate,United States,Milford,Connecticut,East
BK-14198,Brian King,Home Office,United States,Brownsville,Texas,Central
MA-14061,Michael Adams,Corporate,United States,Lakewood,Ohio,East
KT-13890,Karen Torres,Corporate,United States,York,Pennsylvania,East
JE-12710,Joseph Edwards,Corporate,United States,Maple Grove,Minnesota,Central
PC-10242,Paul Carter,Consumer,United States,Riverside,California,West
DP-12479,Donald Parker,Corporate,United States,Springfield,Ohio,East
RG-12863,Ronald Gonzalez,Home Office,United States,Jacksonville,North Carolina,South
BT-13296,Barbara Taylor,Corporate,United States,Grand Island,Nebraska,Central
JC-13276,Jennifer Carter,Consumer,United States,Greenwood,Indiana,Central
CJ-11989,Carol Jones,Home Office,United States,Chesapeake,Virginia,South
DS-11570,Deborah Sanchez,Home Office,United States,Newport News,Virginia,South
MD-11620,Margaret Diaz,Consumer,United States,Highland Park,Illinois,Central
SM-12679,Sandra Miller,Home Office,United States,Aurora,Illinois,Central
DL-10097,Dorothy Lee,Corporate,United States,Parma,Ohio,East
MW-12516,Melissa White,Corporate,United States,Lakewood,California,West
KM-13969,Kimberly Moore,Home Office,United States,Bryan,Texas,Central
RY-13565,Robert Young,Consumer,United States,Cincinnati,Ohio,East
TH-11191,Thomas Harris,Home Office,United States,Kirkwood,Missouri,Central
DY-10085,Dorothy Young,Consumer,United States,Cary,North Carolina,South
JS-12750,John Smith,Home Office,United States,Mount Pleasant,Michigan,Central
MT-11719,Matthew Thompson,Corporate,United States,Anaheim,California,West
BR-10010,Brian Ramirez,Corporate,United States,Fort Collins,Colorado,West
GM-12653,George Mitchell,Corporate,United States,Rancho Cucamonga,California,West
ER-10879,Elizabeth Rivera,Corporate,United States,Thornton,Colorado,West
SL-11340,Sandra Lewis,Corporate,United States,Marlborough,Massachusetts,East
EC-10774,Emily Clark,Home Office,United States,Port Saint Lucie,Florida,South
SC-11386,Sarah Carter,Corporate,United States,Trenton,Michigan,Central
TP-13211,Timothy Phillips,Consumer,United States,Bethlehem,Pennsylvania,East
LF-13896,Laura Flores,Corporate,United States,Atlantic City,New Jersey,East
KH-10277,Karen Hall,Corporate,United States,Temecula,California,West
RT-11409,Ronald Torres,Corporate,United States,Garden City,Kansas,Central
BM-11593,Barbara Mitchell,Corporate,United States,Virginia Beach,Virginia,South
JH-11373,Joshua Hall,Corporate,United States,Cheyenne,Wyoming,West
JA-13845,James Anderson,Home Office,United States,Saint Cloud,Minnesota,Central
DA-10089,Donald Allen,Consumer,United States,Glenview,Illinois,Central
RH-10091,Robert Hill,Home Office,United States,Columbia,Tennessee,South
KF-12814,Karen Flores,Consumer,United States,Superior,Wisconsin,Central
JA-10281,Jennifer Anderson,Home Office,United States,Pine Bluff,Arkansas,South
KA-13056,Karen Allen,Home Office,United States,Commerce City,Colorado,West
LE-11907,Lisa Edwards,Consumer,United States,Orange,New Jersey,East
LM-12700,Laura Martin,Consumer,United States,Bowling Green,Kentucky,South
LC-13945,Linda Clark,Home Office,United States,Carrollton,Texas,Central
JJ-11485,Jason Jackson,Corporate,United States,Anaheim,California,West
BW-14071,Brian Wilson,Corporate,United States,Shelton,Connecticut,East
BG-11824,Barbara Gonzalez,Corporate,United States,Draper,Utah,West
AD-11325,Ashley Davis,Corporate,United States,Carol Stream,Illinois,Central
BR-13958,Brian Rodriguez,Home Office,United States,Toledo,Ohio,East
DJ-13275,Donald Jackson,Corporate,United States,Muskogee,Oklahoma,Central
DW-11427,Deborah Wright,Consumer,United States,Texas City,Texas,Central
EC-13413,Elizabeth Carter,Corporate,United States,Alexandria,Virginia,South
DC-10993,Donna Campbell,Corporate,United States,Apple Valley,Minnesota,Central
SB-10366,Sharon Baker,Home Office,United States,Missouri City,Texas,Central
CD-12072,Carol Diaz,Corporate,United States,Fayetteville,North Carolina,South
JH-13418,John Hill,Home Office,United States,Lorain,Ohio,East
DY-10677,Dorothy Young,Corporate,United States,Stockton,California,West
EE-12027,Emily Evans,Corporate,United States,Bullhead City,Arizona,West
MS-10999,Melissa Sanchez,Home Office,United States,Springfield,Oregon,West
SW-11190,Sharon Wright,Corporate,United States,Thousand Oaks,California,West
MH-13407,Mary Hall,Corporate,United States,Champaign,Illinois,Central
LG-12359,Lisa Gonzalez,Consumer,United States,Midland,Michigan,Central
GT-13109,George Taylor,Home Office,United States,Pensacola,Florida,South
DR-12689,Dorothy Robinson,Home Office,United States,Lakeland,Florida,South
BE-13426,Barbara Evans,Home Office,United States,Rapid City,South Dakota,Central
ME-11760,Margaret Evans,Home Office,United States,Quincy,Massachusetts,East
KC-13452,Kimberly Campbell,Corporate,United States,Hendersonville,Tennessee,South
CN-12289,Carol Nelson,Corporate,United States,Spokane,Washington,West
CD-12715,Carol Davis,Consumer,United States,Rapid City,South Dakota,Central
CJ-11343,Carol Johnson,Corporate,United States,Warwick,Rhode Island,East
KN-10095,Kevin Nguyen,Home Office,United States,Sanford,Florida,South
MB-11287,Michelle Brown,Home Office,United States,San Jose,California,West
JL-12147,James Lopez,Home Office,United States,Murfreesboro,Tennessee,South
PS-10168,Patricia Scott,Consumer,United States,Pomona,California,West
KA-10497,Karen Adams,Consumer,United States,Meridian,Idaho,West
RG-11750,Richard Gonzalez,Home Office,United States,Palatine,Illinois,Central
EG-12324,Edward Gomez,,United States,New Rochelle,New York,East
KA-13162,Kenneth Adams,Corporate,United States,Port Arthur,Texas,Central
DC-10715,Donna Campbell,Consumer,United States,Marlborough,Massachusetts,East
TG-11540,Thomas Gonzalez,Home Office,United States,Fort Worth,Texas,Central
PJ-12816,Patricia Jackson,Corporate,United States,Highland Park,Illinois,Central
MG-10332,Melissa Garcia,Consumer,United States,Covington,Washington,West
ER-10220,Elizabeth Ramirez,,United States,New Brunswick,New Jersey,East
BS-12482,Barbara Sanchez,Home Office,United States,Redondo Beach,California,West
EM-13974,Edward Miller,Home Office,United States,Middletown,Connecticut,East
RE-14113,Robert Edwards,Consumer,United States,Decatur,Illinois,Central
MJ-12535,Mary Jackson,Corporate,United States,Huntsville,Texas,Central
AG-13731,Andrew Green,Home Office,United States,Lewiston,Idaho,West
DA-11538,Deborah Anderson,Corporate,United States,Arlington,Virginia,South
MT-10532,Mary Taylor,Consumer,United States,Royal Oak,Michigan,Central
PK-11865,Paul King,Home Office,United States,Bristol,Tennessee,South
CG-12198,Carol Garcia,Corporate,United States,Eagan,Minnesota,Central
LR-12309,Lisa Roberts,Corporate,United States,Helena,Montana,West
TC-11981,Thomas Collins,Corporate,United States,Summerville,South Carolina,South
SM-12859,Susan Martin,Consumer,United States,Mentor,Ohio,East
JR-10306,Jessica Robinson,Consumer,United States,Atlantic City,New Jersey,East
SP-13949,Steven Parker,Corporate,United States,Renton,Washington,West
RG-12851,Richard Green,Corporate,United States,Springdale,Arkansas,South
DR-13775,Daniel Rodriguez,Home Office,United States,Lewiston,Maine,East
JA-13844,Jessica Anderson,Home Office,United States,Lowell,Massachusetts,East
RC-11650,Robert Cruz,Home Office,United States,Wausau,Wisconsin,Central
CW-10197,Chris Wilson,Corporate,United States,Margate,Florida,South
LC-11165,Lisa Cruz,Corporate,United States,Highland Park,Illinois,Central
SP-11619,Sarah Phillips,Home Office,United States,Pleasant Grove,Utah,West
DC-11147,David Campbell,Home Office,United States,Chapel Hill,North Carolina,South
TC-10495,Thomas Campbell,Corporate,United States,Cleveland,Ohio,East
JS-13894,Jason Scott,Corporate,United States,Buffalo,New York,East
AG-10111,Amanda Green,Home Office,United States,Smyrna,Tennessee,South
BT-11109,Brian Thompson,Home Office,United States,Durham,North Carolina,South
RC-11270,Richard Campbell,Consumer,United States,Bakersfield,California,West
CR-12562,Charles Robinson,Consumer,United States,Hollywood,Florida,South
SS-12740,Sandra Scott,Consumer,United States,Tinley Park,Illinois,Central
RW-13555,Richard Wright,Home Office,United States,Thomasville,North Carolina,South
AT-13979,Ashley Turner,Corporate,United States,Memphis,Tennessee,South
ME-10370,Matthew Evans,Consumer,United States,Murray,Utah,West
JR-13714,James Robinson,Consumer,United States,Bloomington,Illinois,Central
DN-10794,Donna Nguyen,Corporate,United States,Rock Hill,South Carolina,South
WL-13147,William Lewis,Corporate,United States,Loveland,Colorado,West
TN-13592,Thomas Nguyen,,United States,Santa Fe,New Mexico,West
PH-13365,Paul Hall,Home Office,United States,Tigard,Oregon,West
AR-10927,Ashley Rodriguez,Corporate,United States,Washington,District of Columbia,East
JM-12322,Joseph Martin,Consumer,United States,Parker,Colorado,West
TH-11816,Thomas Hernandez,Corporate,United States,Denver,Colorado,West
JT-10397,James Thompson,Home Office,United States,Salem,Virginia,South
SP-11179,Susan Phillips,Consumer,United States,Burlington,Iowa,Central
NG-12838,Nancy Gonzalez,Home Office,United States,Pensacola,Florida,South
DS-11216,Donna Scott,Corporate,United States,Elmhurst,Illinois,Central
EE-10798,Edward Evans,Home Office,United States,Frankfort,Illinois,Central
RK-11299,Rebecca King,Corporate,United States,Monroe,North Carolina,South
KT-13260,Kevin Turner,,United States,Wichita,Kansas,Central
ML-13123,Margaret Lee,Home Office,United States,Hot Springs,Arkansas,South
BT-11063,Brian Turner,Corporate,United States,San Angelo,Texas,Central
JW-13010,Jessica Wilson,Consumer,United States,El Cajon,California,West
CN-10419,Chris Nelson,Corporate,United States,Bridgeton,New Jersey,East
BR-13517,Barbara Robinson,Corporate,United States,Baytown,Texas,Central
GA-13281,George Allen,Consumer,United States,Norwich,Connecticut,East
JM-10376,John Martin,Consumer,United States,Woodbury,Minnesota,Central
AP-12512,Ashley Perez,Consumer,United States,Lewiston,Maine,East
BH-10471,Barbara Hill,Home Office,United States,Waynesboro,Virginia,South
KD-11542,Kimberly Davis,Consumer,United States,Santa Maria,California,West
LM-13148,Laura Martinez,Consumer,United States,La Porte,Indiana,Central
DR-13983,Dorothy Rivera,Corporate,United States,Amarillo,Texas,Central
JM-13321,Joshua Moore,Consumer,United States,Richmond,Indiana,Central
DL-12608,Daniel Lewis,Home Office,United States,Middletown,Connecticut,East
RL-12351,Rebecca Lewis,Home Office,United States,Cedar Rapids,Iowa,Central
KD-12631,Kenneth Davis,Corporate,United States,Jonesboro,Arkansas,South
AL-13972,Ashley Lewis,Consumer,United States,Florence,Alabama,South
AW-13318,Amanda Wright,Consumer,United States,Owensboro,Kentucky,South
NM-11360,Nancy Miller,Consumer,United States,Lawrence,Indiana,Central
MR-11762,Matthew Roberts,Home Office,United States,Garden City,Kansas,Central
CM-10799,Carol Mitchell,Corporate,United States,Roseville,Minnesota,Central
EC-12060,Edward Clark,Consumer,United States,Noblesville,Indiana,Central
CG-12893,Carol Garcia,Consumer,United States,Olathe,Kansas,Central
DR-13735,Daniel Ramirez,Corporate,United States,Waterbury,Connecticut,East
EG-13558,Elizabeth Green,Home Office,United States,Gilbert,Arizona,West
LA-11487,Lisa Allen,Home Office,United States,Philadelphia,Pennsylvania,East
JR-10539,Jessica Rivera,Corporate,United States,Plainfield,New Jersey,East
WR-12676,William Rivera,Home Office,United States,Redondo Beach,California,West
JC-12330,James Carter,Consumer,United States,Tucson,Arizona,West
DM-13326,Dorothy Moore,Consumer,United States,Longmont,Colorado,West
SM-10984,Stephanie Miller,Corporate,United States,Warwick,Rhode Island,East
ET-13780,Elizabeth Thompson,Corporate,United States,Danbury,Connecticut,East
RA-10481,Robert Adams,Home Office,United States,Layton,Utah,West
KJ-11480,Kenneth Johnson,Home Office,United States,Coon Rapids,Minnesota,Central
JT-10224,Jason Thomas,Corporate,United States,Saint Petersburg,Florida,South
DS-13650,Deborah Sanchez,Consumer,United States,Oceanside,California,West
PT-10673,Paul Thompson,Home Office,United States,Smyrna,Tennessee,South
JR-13886,Jessica Roberts,Corporate,United States,Abilene,Texas,Central
CE-13292,Chris Edwards,Consumer,United States,Scottsdale,Arizona,West
PG-13015,Patricia Green,Consumer,United States,Vallejo,California,West
TS-13498,Timothy Smith,Home Office,United States,Kissimmee,Florida,South
PY-14072,Paul Young,Home Office,United States,Ontario,California,West
KB-11394,Kevin Brown,Corporate,United States,Highland Park,Illinois,Central
SJ-13198,Susan Jones,Home Office,United States,Plano,Texas,Central
RK-13142,Robert King,Corporate,United States,Meriden,Connecticut,East
JE-12654,James Evans,Home Office,United States,Redmond,Oregon,West
SA-10995,Sarah Adams,Consumer,United States,Arvada,Colorado,West
KW-10581,Kimberly White,Corporate,United States,Pearland,Texas,Central
RM-11046,Ronald Martin,Corporate,United States,Vineland,New Jersey,East
PA-10078,Patricia Adams,Consumer,United States,Beaumont,Texas,Central
NS-12596,Nancy Smith,Home Office,United States,Warwick,Rhode Island,East
SL-12305,Sharon Lee,Corporate,United States,Oklahoma City,Oklahoma,Central
SC-12797,Sarah Collins,Home Office,United States,Chula Vista,California,West
JL-13478,Jennifer Lopez,Corporate,United States,Louisville,Colorado,West
JW-11759,Jason White,Home Office,United States,Saint Cloud,Minnesota,Central
SW-10827,Sarah Williams,Home Office,United States,Chapel Hill,North Carolina,South
ML-10126,Mary Lopez,Corporate,United States,Marion,Ohio,East
RC-11253,Ronald Cruz,Corporate,United States,Lincoln Park,Michigan,Central
JM-12806,Jessica Miller,Consumer,United States,Wausau,Wisconsin,Central
CG-13115,Carol Gomez,Corporate,United States,Shelton,Connecticut,East
RT-13589,Richard Torres,Corporate,United States,Newport News,Virginia,South
CL-13962,Chris Lewis,Home Office,United States,New Brunswick,New Jersey,East
LW-11961,Laura Wilson,Consumer,United States,York,Pennsylvania,East
CR-11933,Carol Rodriguez,Consumer,United States,Georgetown,Kentucky,South
DM-11597,Daniel Martinez,Consumer,United States,Richmond,Kentucky,South
PT-10768,Patricia Thompson,Home Office,United States,Highland Park,Illinois,Central
DT-10660,Donald Taylor,Home Office,United States,East Orange,New Jersey,East
SM-14105,Susan Moore,Corporate,United States,Concord,New Hampshire,East
RH-13573,Richard Hill,Home Office,United States,Rochester,Minnesota,Central
SP-10623,Susan Perez,Corporate,United States,Plainfield,New Jersey,East
LS-14124,Linda Scott,Home Office,United States,Broken Arrow,Oklahoma,Central
TA-14052,Thomas Adams,Corporate,United States,Aberdeen,South Dakota,Central
LB-12683,Lisa Baker,Corporate,United States,Palatine,Illinois,Central
SC-11185,Sandra Collins,Home Office,United States,Houston,Texas,Central
BL-11974,Betty Lopez,Home Office,United States,Citrus Heights,California,West
BW-13859,Brian Wright,Consumer,United States,Pocatello,Idaho,West
AR-13736,Anthony Robinson,Home Office,United States,Durham,North Carolina,South
RS-12936,Richard Smith,Corporate,United States,Rochester Hills,Michigan,Central
RT-13993,Richard Turner,Home Office,United States,East Point,Georgia,South
NA-14186,Nancy Adams,Consumer,United States,Des Moines,Washington,West
KY-12374,Kevin Young,Home Office,United States,Roseville,Minnesota,Central
SN-12452,Sharon Nguyen,Corporate,United States,Redlands,California,West
GM-13338,George Moore,Corporate,United States,New Brunswick,New Jersey,East
RG-14009,Ronald Green,Home Office,United States,Meridian,Idaho,West
PR-11838,Paul Rodriguez,Home Office,United States,Richmond,Indiana,Central
AR-10656,Ashley Rivera,Corporate,United States,Danbury,Connecticut,East
SR-11059,Steven Rodriguez,Consumer,United States,Bolingbrook,Illinois,Central
JE-10733,Jennifer Edwards,Corporate,United States,Utica,New York,East
DH-13784,Donald Hill,Home Office,United States,Garland,Texas,Central
DR-10554,Dorothy Roberts,Consumer,United States,Lawton,Oklahoma,Central
DL-12143,David Lewis,Home Office,United States,Glendale,Arizona,West
SW-10278,Steven Wright,Corporate,United States,Oak Park,Michigan,Central
JW-11901,Jason Williams,,United States,Hagerstown,Maryland,East
DC-13304,Donna Collins,Consumer,United States,Murrieta,California,West
KB-12294,Kenneth Baker,Home Office,United States,Pensacola,Florida,South
DG-13898,Deborah Gomez,Corporate,United States,Kenosha,Wisconsin,Central
JW-11192,Joshua Walker,Consumer,United States,Columbus,Ohio,East
TF-11357,Thomas Flores,Consumer,United States,Jefferson City,Missouri,Central
LT-11695,Laura Turner,Corporate,United States,North Las Vegas,Nevada,West
PP-13807,Paul Parker,Corporate,United States,San Diego,California,West
MT-10427,Michael Torres,Consumer,United States,Lake Forest,California,West
LC-11187,Linda Clark,Consumer,United States,Cleveland,Ohio,East
MP-10866,Mark Perez,Home Office,United States,Lakewood,California,West
WG-13016,William Garcia,Home Office,United States,Lorain,Ohio,East
JN-11710,John Nguyen,Home Office,United States,Oak Park,Illinois,Central
DA-11246,Daniel Allen,Consumer,United States,Paterson,New Jersey,East
JF-13670,Jeffrey Flores,Corporate,United States,Revere,Massachusetts,East
JW-11529,Joshua Williams,Home Office,United States,Delray Beach,Florida,South
DJ-13107,Dorothy Johnson,Corporate,United States,Trenton,Michigan,Central
JC-10218,Jason Clark,Consumer,United States,Bethlehem,Pennsylvania,East
TA-14132,Thomas Allen,Home Office,United States,Richardson,Texas,Central
RG-12956,Robert Green,Corporate,United States,Lewiston,Idaho,West
SB-13695,Sarah Baker,Home Office,United States,Lebanon,Tennessee,South
SF-14109,Sharon Flores,Consumer,United States,Wausau,Wisconsin,Central
DL-10477,Donald Lewis,Corporate,United States,Lubbock,Texas,Central
NL-13416,Nancy Lewis,Corporate,United States,Richardson,Texas,Central
ET-13271,Elizabeth Thompson,Consumer,United States,Draper,Utah,West
BT-12283,Barbara Turner,Corporate,United States,Highland Park,Illinois,Central
ES-12744,Edward Scott,Corporate,United States,Parker,Colorado,West
LA-10729,Laura Allen,Home Office,United States,Clinton,Maryland,East
AA-11633,Andrew Adams,Consumer,United States,Montebello,California,West
RA-14046,Robert Allen,Consumer,United States,Plantation,Florida,South
GR-10014,George Robinson,Consumer,United States,Goldsboro,North Carolina,South
JD-11024,Jeffrey Davis,Corporate,United States,Rochester,Minnesota,Central
AN-10436,Andrew Nelson,Consumer,United States,Visalia,California,West
SP-14114,Steven Phillips,Corporate,United States,Mcallen,Texas,Central
DG-11783,Deborah Green,Consumer,United States,Hempstead,New York,East
EL-11804,Elizabeth Lewis,Consumer,United States,Pasadena,California,West
DS-11115,Donald Smith,Home Office,United States,Lincoln Park,Michigan,Central
LN-13380,Laura Nelson,Home Office,United States,Oklahoma City,Oklahoma,Central
JR-12390,John Rodriguez,Corporate,United States,Lancaster,Ohio,East
AR-11954,Amanda Rodriguez,Home Office,United States,Jonesboro,Arkansas,South
MT-10345,Mark Thompson,Corporate,United States,La Porte,Texas,Central
TM-10033,Thomas Mitchell,Corporate,United States,San Luis Obispo,California,West
RC-13936,Ronald Clark,Home Office,United States,Deltona,Florida,South
AS-12600,Ashley Sanchez,Home Office,United States,Kirkwood,Missouri,Central
SK-12647,Stephanie King,Consumer,United States,Santa Clara,California,West
JG-14129,James Gonzalez,Corporate,United States,Boise,Idaho,West
MA-10373,Michelle Anderson,Home Office,United States,Whittier,California,West
NB-10658,Nancy Baker,Corporate,United States,Jackson,Mississippi,South
SC-13743,Stephanie Carter,Corporate,United States,Redwood City,California,West
MH-11087,Mary Harris,Consumer,United States,Texarkana,Arkansas,South
EP-13099,Elizabeth Parker,Home Office,United States,Santa Maria,California,West
EW-12249,Elizabeth White,Home Office,United States,Daytona Beach,Florida,South
AM-10861,Anthony Martin,Consumer,United States,Chandler,Arizona,West
ML-14141,Melissa Lopez,Consumer,United States,Mesa,Arizona,West
RR-11535,Ronald Roberts,Corporate,United States,Highland Park,Illinois,Central
MP-12593,Mary Parker,Home Office,United States,Bullhead City,Arizona,West
DC-11523,David Campbell,Corporate,United States,Clarksville,Tennessee,South
MH-10490,Michelle Hernandez,Corporate,United States,Summerville,South Carolina,South
DA-10134,Daniel Adams,Corporate,United States,Chico,California,West
TR-12109,Timothy Roberts,Consumer,United States,Georgetown,Kentucky,South
EH-10691,Emily Hernandez,Home Office,United States,Tinley Park,Illinois,Central
DB-12075,Deborah Baker,Home Office,United States,Irving,Texas,Central
BP-12149,Brian Phillips,Home Office,United States,Pensacola,Florida,South
EM-13604,Emily Moore,,United States,Chapel Hill,North Carolina,South
MP-10364,Melissa Parker,Consumer,United States,Midland,Michigan,Central
MP-11629,Melissa Perez,Corporate,United States,Allen,Texas,Central
KJ-11277,Karen Jackson,Home Office,United States,Sandy Springs,Georgia,South
DC-12490,Deborah Collins,Home Office,United States,San Gabriel,California,West
EW-10648,Emily White,Consumer,United States,Plainfield,New Jersey,East
WH-11004,William Harris,Corporate,United States,Elyria,Ohio,East
LE-12525,Linda Edwards,Consumer,United States,Rogers,Arkansas,South
AM-12111,Amanda Martin,Consumer,United States,Visalia,California,West
AW-11173,Anthony Wright,Home Office,United States,Oak Park,Illinois,Central
ST-10484,Stephanie Torres,Corporate,United States,Oceanside,California,West
SM-11811,Susan Mitchell,Consumer,United States,Everett,Washington,West
SP-13330,Sarah Parker,Home Office,United States,San Antonio,Texas,Central
BC-14149,Betty Clark,Consumer,United States,Dallas,Texas,Central
SM-10243,Susan Mitchell,Corporate,United States,Chandler,Arizona,West
KD-12084,Kenneth Davis,Consumer,United States,Amarillo,Texas,Central
CG-11203,Carol Garcia,Corporate,United States,Oceanside,California,West
LB-13752,Laura Baker,Corporate,United States,Cary,North Carolina,South
AG-12169,Anthony Gonzalez,Consumer,United States,Kent,Ohio,East
JR-11020,James Rivera,Home Office,United States,Laredo,Texas,Central
NB-12093,Nancy Brown,Corporate,United States,Appleton,Wisconsin,Central
JR-13373,Jeffrey Rivera,Corporate,United States,Gastonia,North Carolina,South
NG-12125,Nancy Gomez,Corporate,United States,Roseville,California,West
RR-11745,Ronald Rivera,Home Office,United States,Westfield,New Jersey,East
SW-12955,Steven Williams,Consumer,United States,Hattiesburg,Mississippi,South
MF-13285,Mary Flores,Consumer,United States,Yonkers,New York,East
SM-13384,Sharon Martinez,Corporate,United States,Aurora,Illinois,Central
MY-12493,Melissa Young,Consumer,United States,Hempstead,New York,East
DA-11520,David Anderson,Home Office,United States,Hickory,North Carolina,South
MC-11034,Matthew Collins,Consumer,United States,Cleveland,Ohio,East
AF-11713,Amanda Flores,Home Office,United States,Midland,Michigan,Central
MC-10296,Mark Carter,Consumer,United States,San Antonio,Texas,Central
DG-11849,Deborah Gonzalez,Consumer,United States,Richmond,Kentucky,South
JR-10498,Joshua Rivera,Corporate,United States,Arvada,Colorado,West
BF-13676,Brian Flores,Home Office,United States,League City,Texas,Central
JW-10485,Joshua Walker,Consumer,United States,Ann Arbor,Michigan,Central
EG-11521,Elizabeth Gomez,Consumer,United States,San Clemente,California,West
PW-10183,Patricia Wilson,Corporate,United States,Chula Vista,California,West
EH-10685,Emily Hall,Consumer,United States,Bayonne,New Jersey,East
SS-11769,Steven Scott,Home Office,United States,Coral Gables,Florida,South
JG-12051,Jason Gomez,Corporate,United States,Auburn,Washington,West
DC-10755,Deborah Cruz,Consumer,United States,Eagan,Minnesota,Central
DP-12546,Deborah Parker,Consumer,United States,San Mateo,California,West
WW-13362,William Walker,Corporate,United States,Danbury,Connecticut,East
SM-13633,Sharon Martinez,Corporate,United States,San Luis Obispo,California,West
MB-11439,Matthew Baker,Home Office,United States,Park Ridge,Illinois,Central
DW-11446,David Wright,Consumer,United States,Gulfport,Mississippi,South
BP-10865,Betty Perez,Corporate,United States,Lake Charles,Louisiana,South
DC-12232,Daniel Clark,Home Office,United States,Freeport,Illinois,Central
WG-12323,William Garcia,Home Office,United States,Bloomington,Indiana,Central
SJ-12961,Sandra Jones,Home Office,United States,Lakewood,New Jersey,East
ST-13745,Sarah Turner,Corporate,United States,Richmond,Kentucky,South
JP-13985,Jennifer Parker,Corporate,United States,Laredo,Texas,Central
DH-12780,Dorothy Hill,,United States,La Porte,Indiana,Central
DW-13684,Daniel Walker,Consumer,United States,Dublin,California,West
MR-13045,Matthew Ramirez,Consumer,United States,Westminster,California,West
BH-10821,Betty Harris,Home Office,United States,Redondo Beach,California,West
NJ-13074,Nancy Johnson,Consumer,United States,Springdale,Arkansas,South
CW-12162,Carol White,Consumer,United States,South Bend,Indiana,Central
KH-10546,Kenneth Harris,Corporate,United States,Bakersfield,California,West
RS-11790,Ronald Sanchez,Consumer,United States,Arlington,Texas,Central
DR-12214,Dorothy Roberts,Consumer,United States,Roswell,Georgia,South
SS-14040,Steven Sanchez,Consumer,United States,Helena,Montana,West
CJ-12233,Carol Johnson,Consumer,United States,Medford,Oregon,West
MP-11397,Michelle Parker,Consumer,United States,Cranston,Rhode Island,East
JM-10275,Joshua Mitchell,Corporate,United States,Elyria,Ohio,East
DC-10705,David Campbell,Home Office,United States,Hampton,Virginia,South
SR-11025,Stephanie Ramirez,Home Office,United States,Bayonne,New Jersey,East
JD-10384,Jessica Diaz,Consumer,United States,Wheeling,Illinois,Central
JT-12610,Jason Turner,Consumer,United States,Lewiston,Maine,East
JR-13244,Jason Roberts,Corporate,United States,Concord,California,West
AM-12568,Anthony Miller,Home Office,United States,Mount Pleasant,Michigan,Central
SH-11643,Sarah Hill,Corporate,United States,Maple Grove,Minnesota,Central
KM-10859,Karen Moore,Consumer,United States,Woodbury,Minnesota,Central
ER-14020,Emily Roberts,Corporate,United States,Saint Louis,Missouri,Central
WL-13389,William Lopez,Corporate,United States,Mount Pleasant,South Carolina,South
PN-12307,Paul Nguyen,Consumer,United States,North Charleston,South Carolina,South
EM-10835,Edward Mitchell,Home Office,United States,Warner Robins,Georgia,South
PW-12711,Paul Williams,Home Office,United States,Cranston,Rhode Island,East
TN-11499,Thomas Nguyen,Home Office,United States,Saint Charles,Missouri,Central
AJ-13611,Andrew Johnson,Consumer,United States,South Bend,Indiana,Central
WA-13577,William Anderson,Home Office,United States,Arlington,Virginia,South
KM-11448,Kenneth Martinez,Home Office,United States,Broomfield,Colorado,West
JW-12529,Jennifer Wilson,Consumer,United States,Bowling Green,Kentucky,South
SD-11706,Susan Davis,Home Office,United States,Pleasant Grove,Utah,West
BG-12924,Barbara Gonzalez,Corporate,United States,Santa Clara,California,West
KL-12708,Kevin Lewis,Home Office,United States,Louisville,Kentucky,South
TE-13070,Thomas Edwards,Corporate,United States,Dearborn Heights,Michigan,Central
MP-10790,Michael Phillips,Corporate,United States,Danville,Illinois,Central
LD-10969,Linda Diaz,,United States,Hialeah,Florida,South
TC-11668,Timothy Carter,Corporate,United States,Salem,Oregon,West
JH-13322,James Hernandez,Consumer,United States,Romeoville,Illinois,Central
SP-11689,Susan Perez,Corporate,United States,Chula Vista,California,West
