order_id,product_id,category,price,base_price,amount,status,user_id,region,priority,order_date,quantity,payment_method,new_name,final_price
ORD100003,P1089,Groceries,3072.87,1416.06,4873.15,Completed,U3148,North,Low,2025-09-10,14,UPI,item_245,1670.95
ORD100004,P1842,Clothing,4424.95,2881.66,1826.08,Completed,U2636,North,Medium,2025-04-29,11,COD,item_381,3400.36
ORD100006,P1024,Furniture,2778.0,2649.05,7758.76,Completed,U2204,Central,High,2024-11-05,13,COD,item_422,3125.88
ORD100007,P1901,Toys,4779.61,3106.04,3992.74,Completed,U3136,West,Medium,2024-08-09,20,Credit Card,item_427,3665.13
ORD100009,P1072,Sports,,499.42,3199.83,Completed,U2333,Central,Medium,2025-06-17,18,Net Banking,item_214,589.32
ORD100019,P1213,Furniture,2476.34,2118.65,4742.13,Completed,U3269,West,High,2024-10-16,18,Debit Card,item_159,2500.01
ORD100026,P1576,Toys,739.85,2631.66,5735.06,Completed,U3469,East,Low,2025-05-20,16,Debit Card,item_132,3105.36
ORD100028,P1392,Books,2873.1,2310.34,171.77,Completed,U2261,West,Medium,2024-12-02,13,COD,item_16,2726.2
ORD100038,P1625,Clothing,977.37,3325.65,5354.6,Completed,U2885,North,Low,2025-05-27,5,UPI,item_384,3924.27
ORD100039,P1482,Clothing,1576.13,1507.49,2380.02,Completed,U3429,West,Medium,2024-02-23,11,UPI,item_337,1778.84
ORD100041,P1259,Clothing,1123.47,2892.38,5049.88,Completed,U2450,South,Low,2025-03-11,11,Debit Card,item_363,3413.01
ORD100062,P1393,Groceries,352.37,2672.79,583.97,Completed,U3459,East,Low,2025-02-04,6,Debit Card,item_258,3153.89
ORD100074,P1667,Furniture,,1886.75,3670.88,Completed,U2486,South,Medium,2025-09-15,3,Debit Card,item_40,2226.37
ORD100077,P1590,Sports,2874.75,2449.94,810.88,Completed,U3376,South,Low,2025-05-09,20,UPI,item_389,2890.93
ORD100081,P1162,Electronics,3543.25,2692.67,5168.13,Completed,U3388,Central,Medium,2025-08-08,17,COD,item_40,3177.35
ORD100086,P1015,Sports,4923.22,994.12,3645.04,Completed,U3133,Central,Low,2025-07-04,17,COD,item_20,1173.06
ORD100088,P1528,Clothing,1219.66,3003.31,939.87,Completed,U3303,West,Low,2024-04-04,12,UPI,item_186,3543.91
ORD100094,P1131,Furniture,148.01,1018.98,4451.9,Completed,U2015,West,Medium,2024-10-15,8,Credit Card,item_87,1202.4
ORD100099,P1296,Furniture,3704.28,1103.86,4671.59,Completed,U2093,West,High,2024-02-13,12,Credit Card,item_431,1302.55
ORD100110,P1582,Clothing,1181.27,3235.63,2248.63,Completed,U2585,South,Low,2024-10-17,6,Debit Card,item_385,3818.04
ORD100122,P1924,Books,1177.96,3309.03,2866.23,Completed,U2152,Central,High,2024-12-17,7,COD,item_38,3904.66
ORD100123,P1887,Furniture,4734.71,3014.6,4978.8,Completed,U2320,East,Medium,2024-12-30,3,COD,item_13,3557.23
ORD100126,P1663,Electronics,,179.11,2369.29,Completed,U2033,South,Medium,2025-06-22,6,Credit Card,item_34,211.35
ORD100141,P1217,Books,3783.57,797.66,2189.51,Completed,U2634,East,High,2025-07-04,14,COD,item_361,941.24
ORD100144,P1343,Electronics,3135.89,2245.09,954.15,Completed,U2590,West,High,2024-11-23,5,UPI,item_33,2649.21
ORD100159,P1538,Furniture,175.22,2880.82,3035.46,Completed,U2130,South,Medium,2024-03-13,4,COD,item_455,3399.37
ORD100160,P1853,Books,164.07,3059.16,6294.04,Completed,U3058,South,High,2024-10-10,12,Credit Card,item_33,3609.81
ORD100163,P1349,Furniture,4018.03,1273.84,5143.58,Completed,U2563,Central,Low,2024-04-08,1,Debit Card,item_27,1503.13
ORD100164,P1097,Electronics,2211.93,3579.84,255.49,Completed,U3370,West,Medium,2025-04-04,17,COD,item_117,4224.21
ORD100172,P1685,Electronics,4907.99,3634.61,2324.04,Completed,U2089,East,High,2025-08-18,20,Debit Card,item_185,4288.84
ORD100182,P1305,Electronics,4522.38,3379.86,2386.22,Completed,U3304,West,Low,2024-09-18,20,COD,item_179,3988.23
ORD100183,P1307,Electronics,3713.11,3686.52,3078.93,Completed,U3442,East,Medium,2024-06-15,19,Credit Card,item_116,4350.09
ORD100190,P1263,Clothing,4458.02,671.09,7383.24,Completed,U3113,West,Medium,2024-08-20,2,COD,item_151,791.89
ORD100193,P1516,Sports,4337.11,2847.63,7429.19,Completed,U3017,Central,High,2024-10-12,5,UPI,item_89,3360.2
ORD100203,P1000,Groceries,989.7,796.34,5991.94,Completed,U2999,East,Low,2024-10-08,3,Net Banking,item_341,939.68
ORD100215,P1695,Groceries,4643.35,3015.87,4359.45,Completed,U2119,Central,Medium,2024-06-20,5,UPI,item_144,3558.73
ORD100219,P1714,Sports,708.38,1300.29,5848.42,Completed,U2739,South,High,2024-08-23,20,Debit Card,item_498,1534.34
ORD100221,P1759,Electronics,4851.97,2596.81,533.45,Completed,U2844,South,Medium,2025-02-25,5,Debit Card,item_22,3064.24
ORD100226,P1157,Sports,391.23,318.74,188.03,Completed,U2802,West,High,2025-02-26,2,Credit Card,item_215,376.11
ORD100227,P1939,Sports,1028.67,3122.0,6599.57,Completed,U2674,Central,Medium,2025-03-10,9,UPI,item_111,3683.96
ORD100237,P1006,Groceries,,257.1,4317.63,Completed,U3311,Central,High,2025-02-23,6,Debit Card,item_454,303.38
ORD100245,P1328,Groceries,4715.66,247.83,7123.24,Completed,U2700,Central,Low,2025-07-01,10,UPI,item_108,292.44
ORD100255,P1503,Electronics,3840.7,2203.07,7668.27,Completed,U2724,Central,Low,2024-01-20,6,Debit Card,item_479,2599.62
ORD100258,P1681,Toys,997.76,2290.73,3144.41,Completed,U2153,South,Medium,2024-10-19,11,Credit Card,item_486,2703.06
ORD100259,P1813,Sports,4875.06,3648.23,7753.06,Completed,U2076,North,High,2024-11-02,8,Net Banking,item_379,4304.91
ORD100263,P1570,Sports,,3915.47,5824.43,Completed,U2557,Central,Low,2025-03-01,14,COD,item_331,4620.25
ORD100265,P1526,Clothing,1192.13,2672.18,5194.68,Completed,U2776,East,Low,2024-10-28,20,Net Banking,item_434,3153.17
ORD100273,P1579,Electronics,2561.57,854.37,5742.08,Completed,U2019,Central,High,2025-04-28,13,Credit Card,item_357,1008.16
ORD100277,P1619,Furniture,1674.09,3959.06,3023.48,Completed,U3430,Central,High,2025-09-22,12,Credit Card,item_234,4671.69
ORD100278,P1822,Furniture,1379.61,2824.57,807.59,Completed,U2539,Central,Medium,2025-03-20,3,COD,item_306,3332.99
ORD100280,P1165,Books,,2877.75,7827.9,Completed,U2021,East,Low,2025-01-15,14,COD,item_451,3395.75
ORD100281,P1508,Groceries,4046.17,3610.17,4776.02,Completed,U2541,North,Medium,2024-05-09,5,Debit Card,item_61,4260.0
ORD100294,P1807,Furniture,905.16,43.85,2215.55,Completed,U3002,North,High,2024-06-06,14,Debit Card,item_36,51.74
ORD100304,P1295,Toys,2097.69,1315.86,4245.75,Completed,U2600,East,Medium,2024-05-03,8,Net Banking,item_416,1552.71
ORD100311,P1749,Furniture,1581.54,1898.22,3759.07,Completed,U2061,East,High,2025-03-17,4,COD,item_381,2239.9
ORD100323,P1913,Sports,1345.66,2162.61,5659.03,Completed,U2346,West,Medium,2024-05-29,11,UPI,item_337,2551.88
ORD100328,P1322,Furniture,3358.06,1144.38,325.51,Completed,U2037,South,High,2024-08-24,2,COD,item_176,1350.37
ORD100333,P1199,Groceries,2296.44,2629.34,1676.53,Completed,U2691,Central,Medium,2024-09-25,4,UPI,item_224,3102.62
ORD100340,P1192,Sports,3762.75,1868.02,819.26,Completed,U2730,East,High,2025-07-10,7,Debit Card,item_37,2204.26
ORD100344,P1307,Books,670.09,1988.38,315.21,Completed,U2721,West,Medium,2024-06-29,18,COD,item_384,2346.29
ORD100345,P1079,Clothing,4834.74,2470.54,704.41,Completed,U3249,Central,Low,2024-03-18,3,COD,item_153,2915.24
ORD100346,P1642,Furniture,1409.88,2451.05,1014.71,Completed,U2815,South,Medium,2024-01-13,17,Credit Card,item_382,2892.24
ORD100350,P1696,Sports,4540.92,699.64,3212.71,Completed,U2543,West,Low,2024-02-23,18,UPI,item_196,825.58
ORD100351,P1103,Sports,4197.92,3522.05,5506.38,Completed,U2392,Central,High,2024-04-03,5,Credit Card,item_492,4156.02
ORD100353,P1651,Toys,1183.48,1101.07,2265.38,Completed,U2118,Central,High,2024-03-26,3,Net Banking,item_495,1299.26
ORD100354,P1116,Groceries,767.64,2916.86,1644.8,Completed,U2243,South,Low,2024-02-11,13,Debit Card,item_191,3441.89
ORD100365,P1450,Electronics,1643.29,1249.56,460.67,Completed,U3046,West,High,2024-02-09,8,Net Banking,item_285,1474.48
ORD100374,P1397,Electronics,4851.2,3433.4,4521.89,Completed,U2530,East,High,2024-01-12,20,Net Banking,item_458,4051.41
ORD100391,P1900,Books,3857.2,1643.91,7633.57,Completed,U2624,South,High,2025-07-18,17,Net Banking,item_163,1939.81
ORD100418,P1900,Clothing,4359.63,1392.78,7890.44,Completed,U2966,North,Low,2024-09-12,7,Credit Card,item_19,1643.48
ORD100422,P1775,Electronics,3879.64,308.98,1163.85,Completed,U2241,West,High,2024-07-15,15,COD,item_247,364.6
ORD100434,P1100,Groceries,2711.55,1418.35,5241.98,Completed,U2481,Central,Low,2025-05-07,17,Debit Card,item_170,1673.65
ORD100442,P1312,Toys,2371.36,2830.33,1861.55,Completed,U2864,West,Low,2024-01-17,10,UPI,item_98,3339.79
ORD100457,P1326,Clothing,1491.88,648.88,5817.76,Completed,U2745,Central,High,2024-06-27,20,Credit Card,item_358,765.68
ORD100465,P1366,Groceries,2771.73,837.3,1349.2,Completed,U2804,East,High,2025-05-02,20,Credit Card,item_206,988.01
ORD100470,P1690,Books,2090.81,3737.8,6167.97,Completed,U3097,West,Low,2024-05-22,5,UPI,item_248,4410.6
ORD100472,P1694,Toys,3640.57,3119.37,884.28,Completed,U2007,West,High,2024-01-24,18,UPI,item_170,3680.86
ORD100473,P1548,Sports,1930.66,3995.8,3923.11,Completed,U2214,North,Medium,2025-04-06,11,Credit Card,item_53,4715.04
ORD100479,P1302,Toys,844.01,1740.11,3213.43,Completed,U3393,South,High,2024-10-24,3,Debit Card,item_380,2053.33
ORD100482,P1401,Electronics,1077.02,2480.35,1946.44,Completed,U2966,West,Medium,2024-02-15,9,UPI,item_388,2926.81
ORD100486,P1224,Furniture,529.39,843.16,1452.76,Completed,U2893,West,Low,2025-06-27,2,Debit Card,item_130,994.93
ORD100487,P1858,Clothing,313.12,2391.84,5766.04,Completed,U2108,West,Low,2024-10-18,17,UPI,item_499,2822.37
ORD100511,P1569,Clothing,4204.24,1088.65,1375.9,Completed,U3044,North,Low,2024-08-22,12,Debit Card,item_383,1284.61
ORD100515,P1974,Sports,3101.15,1015.14,4456.6,Completed,U2139,East,High,2025-05-07,13,Credit Card,item_453,1197.87
ORD100522,P1251,Toys,1029.09,1258.44,5412.95,Completed,U3309,West,Low,2025-02-25,10,Net Banking,item_298,1484.96
ORD100524,P1455,Sports,4159.99,3294.84,6305.29,Completed,U3388,West,Medium,2025-03-14,15,Net Banking,item_239,3887.91
ORD100527,P1388,Groceries,4300.66,1998.0,5741.96,Completed,U3223,North,Medium,2025-07-14,9,UPI,item_328,2357.64
ORD100528,P1148,Sports,2835.52,3205.63,4160.21,Completed,U2836,Central,Medium,2024-12-07,17,COD,item_189,3782.64
ORD100531,P1485,Electronics,3221.22,473.54,6959.42,Completed,U3060,North,High,2024-09-10,6,Net Banking,item_356,558.78
ORD100536,P1489,Clothing,2638.76,364.94,3636.27,Completed,U3190,West,Medium,2024-09-08,3,Credit Card,item_379,430.63
ORD100538,P1853,Books,4452.71,2500.94,3244.78,Completed,U3052,West,Low,2024-08-27,3,Credit Card,item_423,2951.11
ORD100542,P1949,Electronics,4925.73,2843.92,1071.5,Completed,U3118,North,Medium,2025-01-21,13,UPI,item_360,3355.83
ORD100543,P1549,Sports,2246.79,688.56,2630.03,Completed,U2848,Central,Low,2025-05-29,2,COD,item_494,812.5
ORD100550,P1149,Groceries,4697.25,131.73,4377.07,Completed,U2453,West,High,2025-05-11,8,Credit Card,item_363,155.44
ORD100555,P1604,Sports,3981.69,1477.48,5205.51,Completed,U2945,West,High,2024-06-16,14,UPI,item_308,1743.43
ORD100559,P1299,Toys,3083.56,2622.5,459.27,Completed,U3017,Central,High,2025-05-11,12,UPI,item_196,3094.55
ORD100566,P1815,Groceries,3792.68,3162.83,4571.92,Completed,U3140,North,High,2025-02-24,15,UPI,item_384,3732.14
ORD100569,P1712,Toys,1320.66,1113.59,5462.99,Completed,U2679,East,Low,2025-04-26,18,COD,item_184,1314.04
ORD100570,P1861,Clothing,4521.91,534.02,3444.22,Completed,U2513,East,High,2024-04-18,15,UPI,item_260,630.14
ORD100573,P1583,Clothing,2672.2,1560.29,6370.21,Completed,U3384,West,High,2025-05-15,10,COD,item_110,1841.14
ORD100574,P1434,Books,135.83,3904.06,1145.25,Completed,U3395,South,Medium,2024-07-17,5,COD,item_245,4606.79
ORD100575,P1466,Sports,2816.41,1120.77,6782.63,Completed,U3299,North,Medium,2024-01-24,20,COD,item_241,1322.51
ORD100581,P1294,Furniture,4506.58,1858.21,3781.25,Completed,U3210,South,High,2024-02-21,10,COD,item_111,2192.69
ORD100594,P1166,Groceries,1449.69,3511.43,2246.17,Completed,U2049,South,Medium,2025-05-15,2,UPI,item_436,4143.49
ORD100602,P1661,Books,4737.39,1813.6,7612.73,Completed,U2229,West,High,2025-02-20,17,Net Banking,item_160,2140.05
ORD100603,P1587,Groceries,161.89,3970.87,3553.52,Completed,U3087,North,Low,2025-05-28,11,Net Banking,item_195,4685.63
ORD100608,P1539,Electronics,2452.64,904.47,5654.4,Completed,U2581,Central,Low,2024-06-22,12,Net Banking,item_429,1067.27
ORD100609,P1949,Toys,3016.19,2052.04,5535.22,Completed,U3048,Central,Low,2024-07-12,14,Net Banking,item_252,2421.41
ORD100612,P1711,Books,354.31,2261.23,1718.66,Completed,U2048,East,Low,2024-10-19,18,Debit Card,item_74,2668.25
ORD100613,P1251,Books,3422.25,3088.28,676.68,Completed,U2558,West,Low,2024-03-09,10,Credit Card,item_34,3644.17
ORD100614,P1388,Clothing,526.99,911.0,7478.82,Completed,U3297,North,High,2024-12-09,13,UPI,item_204,1074.98
ORD100616,P1881,Clothing,1829.28,760.69,1066.42,Completed,U2698,South,Low,2024-02-03,3,COD,item_217,897.61
ORD100626,P1779,Furniture,3157.1,1338.52,1980.52,Completed,U2143,East,High,2025-08-12,17,COD,item_62,1579.45
ORD100629,P1846,Furniture,1980.92,1660.93,1559.36,Completed,U2756,Central,High,2024-12-29,6,Debit Card,item_440,1959.9
ORD100631,P1866,Furniture,571.92,2378.4,5066.72,Completed,U2650,East,Low,2024-07-05,3,Net Banking,item_304,2806.51
ORD100640,P1860,Books,3558.79,2018.31,3553.64,Completed,U3211,North,Low,2024-03-28,18,Debit Card,item_93,2381.61
ORD100641,P1799,Groceries,1666.7,2913.54,2818.71,Completed,U2790,West,Medium,2024-03-29,15,UPI,item_399,3437.98
ORD100643,P1906,Clothing,4515.74,2204.46,6733.53,Completed,U2891,East,Medium,2025-04-27,20,Net Banking,item_75,2601.26
ORD100644,P1539,Books,53.44,1615.24,1259.77,Completed,U2679,North,Medium,2024-09-20,5,COD,item_477,1905.98
ORD100678,P1204,Toys,2613.79,3716.24,1869.99,Completed,U2177,East,Low,2025-04-10,13,UPI,item_183,4385.16
ORD100684,P1343,Books,3096.25,1968.07,223.63,Completed,U3205,North,High,2025-09-13,3,Net Banking,item_156,2322.32
ORD100692,P1655,Sports,1246.77,1064.03,219.04,Completed,U3111,South,Low,2025-01-08,11,UPI,item_185,1255.56
ORD100695,P1366,Electronics,2878.06,3628.07,1275.88,Completed,U2459,West,High,2024-10-06,1,COD,item_308,4281.12
ORD100706,P1953,Sports,2013.44,2312.17,2213.88,Completed,U2899,West,Low,2024-03-09,8,Credit Card,item_323,2728.36
ORD100711,P1748,Sports,4269.2,681.93,699.34,Completed,U2126,South,Low,2024-02-22,8,Debit Card,item_497,804.68
ORD100713,P1490,Groceries,3331.23,1417.02,3332.1,Completed,U2827,Central,Low,2024-06-15,10,UPI,item_306,1672.08
ORD100714,P1385,Books,2934.68,3677.4,5879.4,Completed,U2023,East,Medium,2024-12-16,5,COD,item_439,4339.33
ORD100715,P1097,Clothing,3556.25,2488.3,2059.06,Completed,U3258,East,Low,2024-10-11,17,Debit Card,item_385,2936.19
ORD100725,P1422,Toys,847.16,2437.2,3912.14,Completed,U2887,West,Low,2024-02-18,13,Net Banking,item_273,2875.9
ORD100748,P1648,Books,3338.54,3876.41,4794.75,Completed,U3453,South,Medium,2024-04-18,2,COD,item_225,4574.16
ORD100749,P1060,Clothing,2337.17,3859.7,4103.01,Completed,U2880,West,Low,2024-01-11,3,Debit Card,item_168,4554.45
ORD100772,P1598,Books,4484.9,2131.99,3363.38,Completed,U2129,East,Medium,2025-01-12,18,Debit Card,item_186,2515.75
ORD100773,P1509,Electronics,1254.16,898.72,1506.63,Completed,U2526,West,Low,2024-05-02,6,Debit Card,item_256,1060.49
ORD100774,P1352,Furniture,1678.4,3602.57,4569.24,Completed,U3474,South,High,2024-12-17,4,Debit Card,item_135,4251.03
ORD100776,P1511,Toys,2392.94,964.85,2378.64,Completed,U3249,South,Medium,2024-10-24,2,Net Banking,item_348,1138.52
ORD100786,P1573,Clothing,,1567.04,7793.2,Completed,U3206,South,High,2025-03-07,9,UPI,item_52,1849.11
ORD100797,P1956,Groceries,203.29,2055.63,3409.58,Completed,U3132,West,Medium,2024-03-30,9,Debit Card,item_39,2425.64
ORD100798,P1651,Toys,4635.71,2281.02,3781.3,Completed,U2605,South,High,2025-10-01,16,Debit Card,item_498,2691.6
ORD100806,P1132,Toys,684.05,3998.16,4307.73,Completed,U2748,Central,High,2025-08-15,15,Debit Card,item_218,4717.83
ORD100830,P1048,Books,3931.58,2289.34,5512.58,Completed,U3248,East,Medium,2024-03-28,9,Net Banking,item_45,2701.42
ORD100831,P1414,Groceries,2899.65,1944.29,1606.09,Completed,U2641,North,Medium,2025-08-01,7,UPI,item_241,2294.26
ORD100837,P1547,Electronics,,2263.99,878.08,Completed,U3265,Central,High,2024-04-20,2,Net Banking,item_174,2671.51
ORD100838,P1840,Electronics,274.29,121.27,6061.95,Completed,U3154,Central,Medium,2025-02-05,20,Debit Card,item_80,143.1
ORD100847,P1031,Toys,1749.4,1821.48,1596.19,Completed,U2567,East,Medium,2024-03-15,13,Debit Card,item_485,2149.35
ORD100849,P1403,Electronics,4478.76,2423.41,1499.39,Completed,U3220,East,Low,2025-07-20,5,UPI,item_18,2859.62
ORD100852,P1081,Electronics,4385.58,25.91,5603.05,Completed,U2650,Central,High,2025-04-09,9,Debit Card,item_129,30.57
ORD100853,P1741,Toys,3685.69,766.73,3403.71,Completed,U3164,North,Medium,2025-04-03,3,Net Banking,item_298,904.74
ORD100856,P1030,Clothing,4177.25,1127.92,3184.79,Completed,U2027,West,Low,2025-01-09,11,Net Banking,item_33,1330.95
ORD100857,P1648,Books,3840.79,1898.91,3829.91,Completed,U2969,North,Medium,2025-01-04,10,Credit Card,item_78,2240.71
ORD100865,P1317,Clothing,3534.33,3048.57,664.42,Completed,U2674,West,Medium,2025-05-04,7,Net Banking,item_108,3597.31
ORD100868,P1321,Groceries,2394.48,3329.63,5038.48,Completed,U2521,South,Medium,2024-08-18,14,UPI,item_22,3928.96
ORD100869,P1959,Books,4765.47,3855.88,7281.77,Completed,U3458,South,Low,2025-03-31,10,Net Banking,item_211,4549.94
ORD100871,P1377,Books,2898.46,909.97,7304.29,Completed,U3180,East,Low,2024-03-19,1,UPI,item_430,1073.76
ORD100877,P1009,Electronics,3432.38,595.11,7727.61,Completed,U2807,West,High,2025-05-26,1,COD,item_316,702.23
ORD100878,P1275,Toys,4445.38,2496.75,2779.12,Completed,U3110,West,Medium,2024-11-03,19,Debit Card,item_361,2946.17
ORD100879,P1590,Toys,556.32,2085.91,6938.4,Completed,U2912,East,High,2024-09-29,18,COD,item_14,2461.37
ORD100882,P1270,Clothing,2956.85,2145.63,1615.77,Completed,U2373,North,High,2024-08-04,3,Net Banking,item_307,2531.84
ORD100889,P1460,Sports,2231.46,2523.05,4484.19,Completed,U2514,West,High,2025-08-31,13,UPI,item_256,2977.2
ORD100890,P1427,Electronics,4579.15,1821.89,647.46,Completed,U2822,North,Medium,2024-05-07,11,Credit Card,item_153,2149.83
ORD100898,P1474,Sports,1906.44,3726.77,2985.88,Completed,U2344,South,High,2025-09-21,4,Credit Card,item_206,4397.59
ORD100908,P1530,Electronics,542.21,901.2,5599.53,Completed,U2213,South,Low,2024-04-26,4,Net Banking,item_277,1063.42
ORD100915,P1525,Books,1768.3,332.52,7822.66,Completed,U2551,South,High,2024-05-31,6,UPI,item_27,392.37
ORD100919,P1449,Toys,4489.03,2066.08,6616.49,Completed,U3137,Central,Low,2024-04-28,8,COD,item_75,2437.97
ORD100928,P1779,Electronics,717.06,682.69,1692.05,Completed,U2749,North,Medium,2024-08-04,16,Debit Card,item_26,805.57
ORD100929,P1147,Groceries,4354.86,157.01,5025.23,Completed,U2044,West,Medium,2025-07-31,15,Debit Card,item_106,185.27
ORD100934,P1069,Clothing,498.43,3674.93,7583.51,Completed,U2500,Central,Medium,2024-05-16,8,Credit Card,item_385,4336.42
ORD100936,P1372,Groceries,1975.28,1918.76,5226.26,Completed,U2734,South,Low,2024-04-02,14,Debit Card,item_417,2264.14
ORD100941,P1547,Sports,891.6,337.01,3745.72,Completed,U2044,West,Low,2025-01-11,16,COD,item_94,397.67
ORD100944,P1254,Clothing,4893.98,1939.44,4278.86,Completed,U2343,Central,High,2025-01-10,9,COD,item_359,2288.54
ORD100945,P1501,Clothing,3984.87,238.16,363.89,Completed,U2599,Central,High,2024-05-30,20,COD,item_154,281.03
ORD100946,P1050,Books,3937.62,83.66,6163.78,Completed,U3344,North,Low,2024-01-07,2,COD,item_323,98.72
ORD100949,P1242,Furniture,,3909.14,373.22,Completed,U2147,North,Low,2024-10-29,19,Credit Card,item_34,4612.79
ORD100954,P1665,Sports,1885.18,889.84,5653.4,Completed,U2115,East,Medium,2025-06-21,15,Debit Card,item_418,1050.01
ORD100955,P1331,Groceries,3019.44,3390.87,4068.62,Completed,U3152,North,Low,2025-02-01,2,Credit Card,item_136,4001.23
ORD100957,P1889,Clothing,2766.56,819.01,2925.69,Completed,U2533,East,Medium,2024-11-03,15,COD,item_499,966.43
ORD100965,P1683,Sports,350.17,97.3,5123.73,Completed,U3441,East,High,2024-08-28,4,Credit Card,item_443,114.81
ORD100968,P1091,Electronics,3310.75,2948.16,5471.36,Completed,U2527,North,Low,2025-02-25,8,Net Banking,item_354,3478.83
ORD100970,P1110,Clothing,3532.68,3439.02,7779.91,Completed,U3152,Central,High,2024-12-06,4,Debit Card,item_22,4058.04
ORD100974,P1492,Groceries,4842.6,283.65,5594.82,Completed,U2518,West,Low,2025-07-15,18,Credit Card,item_120,334.71
ORD100975,P1956,Sports,2079.63,3357.93,1074.64,Completed,U2451,East,Medium,2024-04-10,17,COD,item_54,3962.36
ORD100979,P1583,Groceries,3904.15,2365.35,1671.26,Completed,U3075,Central,Low,2025-02-28,12,COD,item_326,2791.11
ORD100980,P1087,Books,2978.34,1624.94,6022.26,Completed,U2967,West,Medium,2025-09-07,4,Credit Card,item_221,1917.43
ORD100982,P1145,Groceries,312.34,1493.06,6927.37,Completed,U3384,Central,Low,2024-03-13,3,Debit Card,item_483,1761.81
ORD100987,P1562,Clothing,1458.49,1741.86,5449.44,Completed,U2915,North,Medium,2024-11-08,13,COD,item_18,2055.39
ORD100992,P1960,Clothing,1325.29,953.82,2305.54,Completed,U3164,North,Low,2024-06-28,5,Credit Card,item_365,1125.51
ORD100993,P1255,Furniture,3905.9,141.01,6521.3,Completed,U2707,South,High,2024-08-15,20,Net Banking,item_498,166.39
ORD100999,P1717,Groceries,3683.72,2549.2,4677.56,Completed,U2374,North,Medium,2025-06-28,14,Net Banking,item_216,3008.06
ORD101013,P1778,Books,1819.3,562.48,6475.24,Completed,U3127,Central,Low,2025-05-16,9,Net Banking,item_398,663.73
ORD101034,P1171,Books,680.37,2580.24,6619.63,Completed,U2012,West,Low,2024-09-01,16,Credit Card,item_60,3044.68
ORD101047,P1386,Toys,422.78,2240.63,1557.14,Completed,U3219,South,Medium,2024-02-07,6,Net Banking,item_419,2643.94
ORD101052,P1483,Groceries,3810.49,314.73,1893.96,Completed,U2656,North,Low,2024-05-24,14,COD,item_83,371.38
ORD101057,P1125,Books,1748.32,3390.47,3770.03,Completed,U2190,East,High,2024-05-14,16,Net Banking,item_439,4000.75
ORD101064,P1177,Clothing,247.13,3981.94,4305.57,Completed,U2482,East,High,2025-04-05,5,COD,item_118,4698.69
ORD101068,P1964,Groceries,4189.7,3466.48,238.02,Completed,U2676,South,High,2024-07-17,17,Debit Card,item_398,4090.45
ORD101070,P1178,Sports,200.45,209.38,3741.33,Completed,U3088,South,High,2024-08-09,7,Net Banking,item_497,247.07
ORD101077,P1361,Sports,4220.91,1072.13,7877.01,Completed,U2355,North,Low,2024-04-21,1,UPI,item_455,1265.11
ORD101087,P1196,Furniture,827.54,3028.58,6724.0,Completed,U2096,North,Medium,2024-12-01,4,Net Banking,item_152,3573.72
ORD101090,P1012,Furniture,442.65,2254.57,7242.85,Completed,U3454,East,Low,2025-06-01,13,Net Banking,item_363,2660.39
ORD101097,P1953,Groceries,2286.07,3472.79,1736.9,Completed,U2975,West,Medium,2024-11-13,17,Credit Card,item_73,4097.89
ORD101108,P1187,Clothing,709.77,3048.49,1050.52,Completed,U3294,West,High,2025-07-28,4,UPI,item_138,3597.22
ORD101109,P1877,Clothing,1860.47,3944.16,7695.44,Completed,U3399,North,Medium,2025-03-15,3,COD,item_498,4654.11
ORD101110,P1078,Books,3220.1,404.83,2449.5,Completed,U3139,South,Low,2025-05-13,7,COD,item_337,477.7
ORD101111,P1749,Sports,3496.61,2894.24,3907.2,Completed,U2562,South,Low,2025-05-21,15,Debit Card,item_267,3415.2
ORD101113,P1748,Toys,2713.29,3407.1,7757.27,Completed,U2110,West,High,2025-06-05,19,Debit Card,item_184,4020.38
ORD101114,P1876,Clothing,791.09,1172.58,4733.0,Completed,U2564,West,Low,2025-09-30,19,Debit Card,item_61,1383.64
ORD101115,P1354,Furniture,1287.22,910.83,4913.46,Completed,U2300,West,Low,2025-04-30,18,Debit Card,item_414,1074.78
ORD101118,P1313,Sports,269.21,3681.56,5086.18,Completed,U2857,North,Low,2025-04-11,3,Debit Card,item_489,4344.24
ORD101121,P1466,Books,566.9,3701.21,2022.15,Completed,U3238,South,Low,2025-05-09,19,Credit Card,item_236,4367.43
ORD101126,P1477,Electronics,1673.3,543.38,7493.58,Completed,U2771,West,Medium,2025-05-29,10,Debit Card,item_40,641.19
ORD101127,P1541,Toys,2283.27,238.35,5822.61,Completed,U2730,South,Low,2024-07-01,3,Credit Card,item_135,281.25
ORD101139,P1239,Electronics,1949.46,475.33,7784.5,Completed,U3131,West,Medium,2024-04-06,15,Net Banking,item_277,560.89
ORD101140,P1826,Toys,2323.43,3905.05,2340.52,Completed,U3161,South,High,2024-08-28,3,Credit Card,item_413,4607.96
ORD101143,P1388,Groceries,1839.94,3989.43,1932.83,Completed,U2254,East,High,2025-02-14,7,Credit Card,item_297,4707.53
ORD101146,P1986,Books,2355.52,1176.6,2568.59,Completed,U2358,South,Medium,2025-01-05,7,UPI,item_218,1388.39
ORD101148,P1557,Groceries,834.59,2261.47,1632.24,Completed,U2845,North,High,2024-08-23,5,UPI,item_89,2668.53
ORD101158,P1845,Sports,2283.31,442.21,3022.01,Completed,U2173,East,High,2025-02-04,15,COD,item_367,521.81
ORD101162,P1958,Electronics,3977.17,899.37,4055.38,Completed,U2967,North,Medium,2024-03-02,20,UPI,item_55,1061.26
ORD101167,P1219,Books,1304.47,705.58,2500.74,Completed,U2019,West,High,2025-04-22,8,Credit Card,item_261,832.58
ORD101171,P1517,Furniture,4649.07,3273.2,2908.1,Completed,U2414,North,High,2025-08-30,3,Net Banking,item_233,3862.38
ORD101175,P1764,Sports,1429.33,2349.79,898.97,Completed,U2431,Central,Low,2024-07-12,16,Credit Card,item_445,2772.75
ORD101176,P1094,Toys,2738.26,1275.09,1313.33,Completed,U2526,North,High,2025-06-01,11,COD,item_444,1504.61
ORD101179,P1638,Toys,2798.06,2566.31,2231.02,Completed,U2016,North,Low,2025-08-28,11,UPI,item_419,3028.25
ORD101186,P1978,Groceries,1228.87,2603.36,1448.68,Completed,U2473,East,High,2025-05-28,6,Credit Card,item_169,3071.96
ORD101193,P1599,Toys,4001.49,3050.04,5169.54,Completed,U2641,East,Low,2024-04-16,7,UPI,item_200,3599.05
ORD101194,P1545,Groceries,4636.18,1161.31,4836.73,Completed,U3360,South,High,2025-04-19,1,Credit Card,item_261,1370.35
ORD101198,P1299,Groceries,3478.04,1385.73,2096.76,Completed,U3387,Central,Low,2024-09-19,5,UPI,item_123,1635.16
ORD101203,P1536,Electronics,4566.23,432.45,3019.14,Completed,U2046,West,Low,2025-09-21,16,Debit Card,item_111,510.29
ORD101207,P1348,Sports,4888.86,3035.08,1158.95,Completed,U3367,South,High,2024-08-11,5,COD,item_451,3581.39
ORD101213,P1731,Furniture,3063.94,3395.12,4536.66,Completed,U2671,East,Low,2025-04-15,20,UPI,item_470,4006.24
ORD101216,P1709,Groceries,,2686.55,366.95,Completed,U3067,West,Medium,2024-08-07,7,Credit Card,item_350,3170.13
ORD101219,P1328,Furniture,1044.41,995.13,7735.29,Completed,U2386,North,Low,2024-12-25,18,Debit Card,item_460,1174.25
ORD101224,P1507,Sports,2329.6,1069.75,1657.34,Completed,U3085,North,Medium,2025-05-19,18,Debit Card,item_117,1262.3
ORD101227,P1395,Electronics,,156.72,6555.83,Completed,U2107,South,High,2025-06-18,10,UPI,item_481,184.93
ORD101229,P1090,Toys,,530.82,2495.42,Completed,U3369,West,Low,2024-11-08,18,Net Banking,item_343,626.37
ORD101234,P1020,Groceries,4518.01,2125.31,163.37,Completed,U2231,South,High,2025-05-23,7,UPI,item_152,2507.87
ORD101235,P1404,Toys,3219.94,1159.58,5933.34,Completed,U2760,South,Medium,2024-08-09,5,Credit Card,item_75,1368.3
ORD101240,P1383,Furniture,746.79,2665.52,3652.04,Completed,U3046,Central,High,2025-02-12,16,Debit Card,item_347,3145.31
ORD101243,P1844,Electronics,4638.67,3641.65,2898.78,Completed,U2324,Central,Medium,2025-08-07,9,Net Banking,item_259,4297.15
ORD101244,P1712,Toys,2939.11,424.92,3691.54,Completed,U2258,North,Medium,2024-12-17,13,UPI,item_82,501.41
ORD101253,P1511,Furniture,4950.77,1525.82,5991.73,Completed,U2069,East,Low,2024-10-06,9,COD,item_335,1800.47
ORD101256,P1418,Groceries,747.1,277.45,5301.48,Completed,U2834,North,High,2025-04-23,1,Debit Card,item_203,327.39
ORD101259,P1347,Toys,2105.76,2513.52,3503.01,Completed,U3424,East,Medium,2024-04-07,14,Net Banking,item_164,2965.95
ORD101261,P1747,Clothing,,2015.28,1042.93,Completed,U3394,North,Medium,2024-08-25,11,COD,item_7,2378.03
ORD101268,P1407,Sports,4537.09,3646.24,340.57,Completed,U3147,South,Medium,2024-07-18,1,Credit Card,item_131,4302.56
ORD101269,P1573,Books,2930.83,2807.31,1004.4,Completed,U2931,North,Medium,2024-09-20,6,Credit Card,item_49,3312.63
ORD101276,P1961,Electronics,1201.29,1548.49,2830.28,Completed,U2641,North,Low,2024-12-24,6,Debit Card,item_391,1827.22
ORD101278,P1410,Groceries,2537.07,2848.71,1063.73,Completed,U2838,North,Medium,2024-02-01,8,COD,item_42,3361.48
ORD101280,P1708,Clothing,3642.38,1093.51,5313.07,Completed,U2455,North,Low,2024-10-31,16,Net Banking,item_269,1290.34
ORD101287,P1754,Clothing,2460.17,2433.91,1396.82,Completed,U2695,East,Medium,2025-03-15,4,COD,item_69,2872.01
ORD101288,P1212,Books,2859.14,2563.7,3457.51,Completed,U2371,North,Medium,2024-09-16,9,UPI,item_456,3025.17
ORD101294,P1681,Furniture,168.91,126.88,7321.72,Completed,U2271,South,High,2024-10-30,4,Credit Card,item_73,149.72
ORD101299,P1972,Sports,4829.2,2268.93,6525.01,Completed,U2177,East,High,2024-12-04,12,UPI,item_65,2677.34
ORD101301,P1545,Groceries,4451.13,3132.3,2539.33,Completed,U2833,North,Medium,2024-04-09,11,COD,item_370,3696.11
ORD101311,P1225,Clothing,2085.72,2558.38,2799.02,Completed,U2830,East,High,2025-05-26,19,Credit Card,item_484,3018.89
ORD101314,P1305,Groceries,1267.12,3528.88,3679.51,Completed,U2230,West,Low,2025-03-30,8,UPI,item_147,4164.08
ORD101317,P1885,Sports,3268.1,240.73,4452.41,Completed,U2582,Central,High,2025-09-25,10,UPI,item_255,284.06
ORD101318,P1596,Books,,2916.76,6908.93,Completed,U3066,Central,Low,2025-07-31,18,Debit Card,item_278,3441.78
ORD101322,P1566,Electronics,3612.87,3517.18,7742.19,Completed,U2854,West,High,2024-01-12,18,Credit Card,item_37,4150.27
ORD101324,P1171,Sports,381.26,1165.96,5716.91,Completed,U2065,South,Medium,2025-09-20,20,Net Banking,item_66,1375.83
ORD101350,P1138,Groceries,1668.53,3743.71,811.72,Completed,U2240,West,Medium,2025-06-21,17,Credit Card,item_377,4417.58
ORD101355,P1784,Toys,4390.88,3635.7,1131.34,Completed,U2798,South,Medium,2024-06-04,7,UPI,item_294,4290.13
ORD101359,P1036,Furniture,3327.35,3066.33,3486.54,Completed,U3134,West,High,2024-12-14,7,Debit Card,item_350,3618.27
ORD101366,P1770,Electronics,4198.81,1801.29,807.71,Completed,U2649,North,High,2024-09-19,17,UPI,item_436,2125.52
ORD101367,P1429,Books,2255.74,1629.58,6095.46,Completed,U3293,West,Medium,2025-06-20,7,COD,item_90,1922.9
ORD101386,P1901,Books,2021.68,2788.49,7557.03,Completed,U2141,East,Medium,2025-08-21,15,COD,item_373,3290.42
ORD101404,P1744,Toys,4427.67,2824.51,2951.37,Completed,U2897,West,Low,2024-05-24,15,UPI,item_498,3332.92
ORD101405,P1008,Sports,2728.16,3819.95,6367.68,Completed,U3015,West,High,2024-06-14,11,COD,item_85,4507.54
ORD101407,P1449,Books,168.39,3404.21,7901.08,Completed,U2230,East,Low,2025-03-26,3,UPI,item_311,4016.97
ORD101410,P1735,Toys,2076.65,2299.3,4463.65,Completed,U2844,West,Low,2024-01-04,16,COD,item_118,2713.17
ORD101413,P1096,Books,3498.7,1629.89,456.61,Completed,U2427,East,High,2025-04-06,18,Net Banking,item_213,1923.27
ORD101414,P1061,Clothing,2088.77,2467.3,483.71,Completed,U2336,Central,Medium,2025-08-31,11,UPI,item_357,2911.41
ORD101420,P1223,Furniture,308.8,3708.56,1577.27,Completed,U3299,South,Low,2025-03-21,15,UPI,item_384,4376.1
ORD101439,P1633,Books,3091.72,1640.92,1223.69,Completed,U2018,West,High,2024-06-18,10,UPI,item_268,1936.29
ORD101444,P1640,Groceries,4186.01,3213.38,3988.23,Completed,U2665,North,Low,2025-08-25,19,Net Banking,item_436,3791.79
ORD101446,P1096,Furniture,1552.82,2168.47,3412.74,Completed,U2713,South,Low,2024-07-22,12,COD,item_238,2558.79
ORD101447,P1819,Electronics,3865.45,2104.37,4998.16,Completed,U2897,West,Medium,2024-04-02,7,COD,item_342,2483.16
ORD101452,P1569,Books,4545.64,3790.2,6631.31,Completed,U2609,South,Medium,2024-02-09,1,UPI,item_221,4472.44
ORD101454,P1528,Toys,3532.61,1638.35,7669.72,Completed,U2222,East,High,2024-08-29,5,Net Banking,item_195,1933.25
ORD101455,P1486,Books,820.7,2915.36,7225.68,Completed,U2549,North,High,2024-02-16,17,Net Banking,item_201,3440.12
ORD101456,P1139,Groceries,1310.05,3644.88,3613.06,Completed,U2490,West,High,2024-05-21,4,Debit Card,item_21,4300.96
ORD101458,P1522,Sports,2517.71,1272.73,7944.73,Completed,U3276,South,High,2024-01-11,5,Net Banking,item_51,1501.82
ORD101463,P1259,Groceries,1300.66,2624.86,5813.35,Completed,U3039,West,Medium,2025-06-11,20,UPI,item_203,3097.33
ORD101466,P1235,Groceries,1260.42,2192.65,1332.75,Completed,U3321,South,Medium,2025-01-25,10,Debit Card,item_324,2587.33
ORD101467,P1409,Groceries,916.67,3711.85,6986.73,Completed,U3278,East,Low,2024-04-16,12,Credit Card,item_418,4379.98
ORD101470,P1178,Books,4330.21,80.47,7716.47,Completed,U3362,North,Medium,2024-10-26,6,Credit Card,item_114,94.95
ORD101476,P1506,Clothing,1967.14,3914.25,2827.28,Completed,U2058,West,Medium,2025-05-27,7,Debit Card,item_440,4618.82
ORD101479,P1859,Sports,4954.26,2255.6,2112.35,Completed,U3413,North,Low,2025-09-29,4,Credit Card,item_46,2661.61
ORD101493,P1027,Electronics,1903.32,2764.45,6790.03,Completed,U3082,South,Low,2025-09-18,3,UPI,item_296,3262.05
ORD101501,P1098,Toys,4506.43,1609.78,6391.45,Completed,U2081,South,Medium,2024-06-14,5,Debit Card,item_472,1899.54
ORD101503,P1468,Sports,2224.08,505.39,3834.18,Completed,U2188,West,Low,2025-07-10,12,COD,item_269,596.36
ORD101509,P1175,Furniture,211.8,425.71,7323.29,Completed,U3178,West,Low,2025-02-22,7,UPI,item_346,502.34
ORD101515,P1769,Furniture,3274.19,1268.8,1007.77,Completed,U2061,North,Low,2025-04-11,19,Credit Card,item_201,1497.18
ORD101521,P1356,Groceries,3858.72,160.71,6365.54,Completed,U3208,North,Medium,2024-01-11,3,Debit Card,item_238,189.64
ORD101525,P1320,Furniture,4243.86,3794.05,530.32,Completed,U3371,North,High,2024-12-12,15,Credit Card,item_341,4476.98
ORD101563,P1463,Books,3999.9,2467.01,6323.69,Completed,U2253,West,Medium,2024-06-26,7,COD,item_7,2911.07
ORD101576,P1619,Books,3742.17,299.96,622.16,Completed,U2599,Central,Low,2024-08-15,5,Debit Card,item_2,353.95
ORD101581,P1432,Groceries,968.06,261.58,3030.24,Completed,U2792,South,Low,2025-07-29,11,Credit Card,item_125,308.66
ORD101592,P1611,Electronics,749.31,245.57,3837.76,Completed,U2421,South,High,2024-03-13,9,Debit Card,item_488,289.77
ORD101596,P1061,Toys,1887.26,3499.68,5793.69,Completed,U2328,East,Medium,2025-05-04,5,Credit Card,item_288,4129.62
ORD101610,P1876,Toys,4675.49,703.67,7861.1,Completed,U2451,East,Medium,2025-03-18,10,COD,item_61,830.33
ORD101617,P1917,Furniture,278.5,1400.95,247.69,Completed,U2757,North,Medium,2025-03-29,10,UPI,item_428,1653.12
ORD101628,P1983,Sports,3485.26,2153.6,5245.14,Completed,U2979,North,Low,2024-07-16,15,Debit Card,item_187,2541.25
ORD101629,P1103,Sports,3072.91,1735.54,4141.28,Completed,U2854,West,Low,2024-12-16,19,UPI,item_119,2047.94
ORD101635,P1892,Furniture,4581.29,3986.96,2029.64,Completed,U2780,South,High,2025-06-05,20,UPI,item_158,4704.61
ORD101640,P1291,Furniture,4336.75,2132.22,4142.81,Completed,U3366,East,High,2024-03-02,10,Net Banking,item_37,2516.02
ORD101647,P1428,Furniture,2129.73,2973.16,3686.58,Completed,U3449,Central,Medium,2025-01-20,20,Net Banking,item_15,3508.33
ORD101653,P1712,Sports,4688.98,2322.16,2617.36,Completed,U2045,East,High,2025-01-27,6,Debit Card,item_77,2740.15
ORD101658,P1958,Books,2628.66,3592.08,4914.57,Completed,U2241,West,High,2024-02-14,3,Debit Card,item_320,4238.65
ORD101666,P1320,Books,4172.2,3329.7,7859.34,Completed,U2777,North,Medium,2024-03-21,10,COD,item_241,3929.05
ORD101692,P1915,Toys,2974.53,460.84,7235.24,Completed,U2924,South,High,2024-10-24,13,COD,item_256,543.79
ORD101693,P1142,Electronics,1782.76,2380.31,5401.37,Completed,U2896,Central,Medium,2024-04-22,14,COD,item_48,2808.77
ORD101694,P1791,Sports,4882.59,2486.31,4011.98,Completed,U3150,South,Medium,2024-11-12,14,COD,item_180,2933.85
ORD101710,P1990,Toys,2489.92,3041.25,587.52,Completed,U2959,East,Low,2024-11-13,15,UPI,item_292,3588.67
ORD101711,P1525,Clothing,4840.11,1975.76,1342.42,Completed,U2270,North,Low,2025-05-12,4,Net Banking,item_81,2331.4
ORD101718,P1918,Electronics,1832.55,3846.12,7630.68,Completed,U3077,Central,Medium,2025-07-14,17,COD,item_302,4538.42
ORD101720,P1929,Sports,2183.54,2792.44,4428.85,Completed,U3321,West,High,2024-01-22,16,Debit Card,item_112,3295.08
ORD101723,P1577,Books,1491.94,1339.24,3436.95,Completed,U3450,Central,Medium,2024-04-13,3,Credit Card,item_304,1580.3
ORD101724,P1607,Groceries,1245.89,1594.06,6280.98,Completed,U2647,Central,Medium,2024-04-06,4,Credit Card,item_146,1880.99
ORD101726,P1515,Sports,3850.28,3360.68,932.1,Completed,U2839,East,High,2025-06-11,2,COD,item_210,3965.6
ORD101729,P1400,Furniture,4858.12,2516.06,3663.64,Completed,U3256,North,Medium,2025-06-01,6,UPI,item_432,2968.95
ORD101732,P1854,Furniture,2926.65,3233.38,7434.96,Completed,U3489,East,High,2024-06-15,13,Credit Card,item_414,3815.39
ORD101735,P1509,Clothing,,2797.31,6951.51,Completed,U2659,East,Low,2024-11-20,11,Debit Card,item_133,3300.83
ORD101753,P1302,Toys,4408.39,3860.13,904.69,Completed,U3014,West,Medium,2024-02-15,6,Credit Card,item_480,4554.95
ORD101759,P1495,Groceries,4591.76,1619.57,985.89,Completed,U2344,South,Low,2025-03-26,1,Credit Card,item_319,1911.09
ORD101764,P1139,Toys,2076.67,731.32,3293.24,Completed,U3023,North,High,2025-07-01,3,COD,item_197,862.96
ORD101771,P1139,Clothing,3241.26,3413.48,4602.21,Completed,U2870,North,High,2025-05-16,2,Credit Card,item_450,4027.91
ORD101772,P1858,Furniture,,1525.74,3375.88,Completed,U3072,Central,Medium,2024-05-04,20,Net Banking,item_178,1800.37
ORD101779,P1379,Furniture,4413.74,3161.94,5175.87,Completed,U3314,East,Low,2024-04-02,18,UPI,item_367,3731.09
ORD101785,P1732,Toys,3837.78,1535.43,1138.88,Completed,U3481,East,Low,2025-05-27,17,Debit Card,item_273,1811.81
ORD101790,P1796,Sports,88.97,1085.85,4057.93,Completed,U2660,East,High,2024-02-10,3,Credit Card,item_230,1281.3
ORD101798,P1736,Sports,3546.57,3793.99,4881.15,Completed,U2755,West,Low,2025-05-26,13,COD,item_390,4476.91
ORD101803,P1827,Books,1616.64,3649.02,3438.5,Completed,U2758,South,Low,2025-08-18,4,COD,item_145,4305.84
ORD101811,P1461,Clothing,4947.05,2446.3,5388.44,Completed,U2247,West,Low,2024-10-30,3,Debit Card,item_419,2886.63
ORD101812,P1944,Toys,4266.05,2190.7,2008.67,Completed,U2381,North,Low,2024-07-16,16,UPI,item_434,2585.03
ORD101817,P1917,Electronics,2466.02,3777.69,6380.87,Completed,U3438,Central,Low,2024-08-23,1,COD,item_156,4457.67
ORD101818,P1876,Clothing,4162.71,1215.81,2319.79,Completed,U2631,East,Low,2025-04-17,10,Credit Card,item_176,1434.66
ORD101829,P1209,Toys,2938.18,1322.02,5785.99,Completed,U3056,West,Medium,2024-07-12,8,Net Banking,item_415,1559.98
ORD101831,P1084,Sports,555.25,1939.18,3228.0,Completed,U2881,South,High,2025-08-30,4,Net Banking,item_55,2288.23
ORD101833,P1789,Electronics,1859.53,787.04,5525.37,Completed,U2048,Central,Low,2025-06-02,14,COD,item_186,928.71
ORD101835,P1294,Sports,,918.51,886.63,Completed,U3250,North,Low,2024-11-20,15,Net Banking,item_158,1083.84
ORD101839,P1444,Clothing,3608.38,1876.11,130.65,Completed,U2089,East,Medium,2024-01-02,10,COD,item_303,2213.81
ORD101844,P1288,Electronics,1494.78,2002.15,393.37,Completed,U3313,East,Low,2024-03-18,20,UPI,item_350,2362.54
ORD101856,P1255,Sports,554.63,2569.88,3732.34,Completed,U3088,South,High,2024-02-27,4,COD,item_460,3032.46
ORD101859,P1298,Clothing,2155.73,836.46,3148.37,Completed,U3415,Central,Low,2024-02-16,20,UPI,item_415,987.02
ORD101862,P1313,Electronics,2681.6,1440.6,1486.51,Completed,U2938,East,Medium,2025-05-09,1,Debit Card,item_183,1699.91
ORD101866,P1633,Groceries,2490.51,2514.39,1715.15,Completed,U2159,South,Medium,2025-07-04,4,UPI,item_212,2966.98
ORD101870,P1315,Sports,2431.3,43.16,5581.71,Completed,U2630,South,Medium,2024-11-21,9,Net Banking,item_20,50.93
ORD101871,P1384,Electronics,1482.33,1336.48,7486.46,Completed,U2163,East,High,2024-10-02,2,UPI,item_102,1577.05
ORD101875,P1456,Furniture,153.78,753.48,7493.01,Completed,U2738,East,High,2025-02-21,6,Debit Card,item_181,889.11
ORD101880,P1309,Electronics,706.34,3536.34,1355.91,Completed,U3488,Central,High,2024-06-28,19,Debit Card,item_149,4172.88
ORD101881,P1267,Books,3537.23,3933.32,2083.05,Completed,U2305,Central,High,2025-06-15,3,UPI,item_474,4641.32
ORD101889,P1564,Clothing,1826.34,3419.63,6788.83,Completed,U2231,South,Medium,2024-09-03,14,Net Banking,item_232,4035.16
ORD101899,P1950,Furniture,1868.1,1532.94,1082.65,Completed,U2832,West,Medium,2024-11-06,6,Debit Card,item_410,1808.87
ORD101914,P1143,Sports,,1489.21,5433.22,Completed,U2333,Central,Low,2024-07-16,6,Credit Card,item_189,1757.27
ORD101916,P1066,Groceries,4204.73,3426.53,2347.1,Completed,U3384,Central,High,2024-04-08,14,Net Banking,item_266,4043.31
ORD101925,P1073,Furniture,731.39,950.57,3121.53,Completed,U2386,Central,Low,2024-04-14,15,Debit Card,item_469,1121.67
ORD101935,P1320,Toys,1077.3,1337.75,2875.03,Completed,U2683,East,Medium,2025-03-01,14,UPI,item_412,1578.54
ORD101936,P1123,Furniture,2470.29,1601.09,2468.44,Completed,U3004,Central,Low,2025-02-18,5,Debit Card,item_428,1889.29
ORD101937,P1929,Books,2856.59,1549.99,6667.54,Completed,U3042,North,Medium,2025-06-02,8,Net Banking,item_75,1828.99
ORD101942,P1155,Groceries,1500.04,585.9,4822.83,Completed,U2484,West,High,2025-05-18,15,COD,item_490,691.36
ORD101953,P1520,Sports,2892.04,3174.81,3275.52,Completed,U2601,South,Low,2025-04-03,7,Net Banking,item_257,3746.28
ORD101962,P1976,Clothing,3336.16,602.35,5817.16,Completed,U2769,East,Low,2024-02-29,18,Debit Card,item_268,710.77
ORD101964,P1017,Electronics,2546.61,215.23,3661.59,Completed,U3115,West,Low,2024-07-12,8,Net Banking,item_124,253.97
ORD101967,P1635,Books,3461.18,2896.03,2156.85,Completed,U2500,South,High,2024-09-30,1,Net Banking,item_258,3417.32
ORD101969,P1235,Groceries,,1124.19,4845.45,Completed,U2649,North,High,2025-06-16,18,Net Banking,item_67,1326.54
ORD101970,P1328,Electronics,4937.8,2564.0,3791.07,Completed,U3303,East,High,2025-07-21,5,COD,item_169,3025.52
ORD101973,P1455,Furniture,3028.16,2324.89,5349.76,Completed,U2467,East,Medium,2024-08-07,11,Credit Card,item_405,2743.37
ORD101976,P1579,Books,4121.19,957.79,1297.78,Completed,U3315,East,Low,2025-08-15,10,Credit Card,item_49,1130.19
ORD101989,P1362,Toys,666.06,3299.94,6985.27,Completed,U2421,South,Low,2024-06-03,10,Net Banking,item_55,3893.93
ORD101991,P1152,Groceries,1947.38,527.4,1021.69,Completed,U2438,West,High,2024-03-16,8,Debit Card,item_103,622.33
ORD101993,P1845,Groceries,2014.72,32.27,5749.6,Completed,U2835,South,Medium,2025-02-25,9,Credit Card,item_292,38.08
ORD101995,P1658,Electronics,2534.81,2119.24,891.58,Completed,U3187,West,Low,2024-09-26,17,Debit Card,item_364,2500.7
ORD101998,P1835,Books,2652.16,648.64,1383.24,Completed,U3263,South,Medium,2025-09-01,18,Credit Card,item_492,765.4
ORD102002,P1537,Sports,3981.46,1816.86,5147.79,Completed,U2110,East,Low,2025-04-24,11,Credit Card,item_256,2143.89
ORD102006,P1259,Groceries,3653.66,1325.31,4456.26,Completed,U2896,East,High,2025-06-26,20,Credit Card,item_481,1563.87
ORD102007,P1752,Groceries,503.08,949.02,6246.43,Completed,U3372,West,Medium,2025-02-12,14,COD,item_495,1119.84
ORD102037,P1689,Groceries,986.79,291.13,6955.42,Completed,U2448,West,High,2024-11-01,12,Credit Card,item_303,343.53
ORD102038,P1767,Clothing,2627.09,1174.24,675.53,Completed,U2137,North,Low,2025-09-05,1,Debit Card,item_239,1385.6
ORD102050,P1707,Electronics,,313.1,3059.94,Completed,U3321,South,Low,2024-08-07,16,COD,item_354,369.46
ORD102054,P1890,Groceries,3921.05,3661.49,6041.32,Completed,U3011,East,Low,2024-01-26,5,Debit Card,item_167,4320.56
ORD102056,P1783,Toys,4161.91,2177.79,6162.28,Completed,U2749,West,Low,2024-07-22,14,UPI,item_413,2569.79
ORD102080,P1249,Groceries,3526.58,3704.92,6685.89,Completed,U2545,North,Medium,2024-07-30,8,Net Banking,item_441,4371.81
ORD102083,P1067,Books,2069.48,2625.82,2255.21,Completed,U2915,Central,High,2025-08-29,9,UPI,item_128,3098.47
ORD102084,P1511,Toys,3324.9,1645.57,4277.57,Completed,U2108,North,High,2024-11-28,15,Net Banking,item_235,1941.77
ORD102088,P1150,Books,4957.82,2562.8,867.03,Completed,U2403,Central,High,2025-09-06,17,UPI,item_192,3024.1
ORD102096,P1310,Electronics,3547.75,3698.44,4958.6,Completed,U2585,South,Medium,2024-09-07,3,Debit Card,item_483,4364.16
ORD102106,P1865,Toys,1666.17,3993.69,7805.63,Completed,U3291,Central,Low,2025-05-31,5,UPI,item_194,4712.55
ORD102114,P1411,Toys,1960.37,1683.88,1480.25,Completed,U2224,West,Low,2024-09-25,15,Net Banking,item_448,1986.98
ORD102123,P1770,Electronics,3996.55,396.28,3968.29,Completed,U2603,North,Medium,2025-06-20,6,Debit Card,item_313,467.61
ORD102128,P1933,Books,708.94,1299.32,461.04,Completed,U2517,North,High,2024-03-18,19,Credit Card,item_72,1533.2
ORD102129,P1982,Clothing,2545.18,2773.69,7667.14,Completed,U2653,East,Medium,2025-02-02,5,Debit Card,item_106,3272.95
ORD102136,P1910,Sports,3768.38,591.76,6791.76,Completed,U2913,North,Low,2024-05-26,4,Net Banking,item_278,698.28
ORD102139,P1862,Furniture,3395.13,759.86,2476.64,Completed,U2890,North,Medium,2024-09-22,17,Debit Card,item_167,896.63
ORD102149,P1307,Groceries,2150.38,2598.46,6840.14,Completed,U3268,Central,Medium,2024-01-17,3,COD,item_233,3066.18
ORD102152,P1215,Clothing,3619.14,290.06,7644.84,Completed,U3185,East,High,2024-03-22,3,Net Banking,item_401,342.27
ORD102169,P1764,Groceries,4219.16,2199.82,5548.89,Completed,U2987,West,High,2024-03-14,1,UPI,item_428,2595.79
ORD102176,P1414,Toys,1742.64,637.09,3865.88,Completed,U3018,West,Medium,2024-09-21,20,UPI,item_257,751.77
ORD102177,P1293,Furniture,2554.37,2739.43,3312.94,Completed,U2565,Central,Medium,2024-03-26,18,COD,item_357,3232.53
ORD102183,P1599,Books,1847.98,938.33,874.98,Completed,U2413,South,High,2025-07-10,20,COD,item_438,1107.23
ORD102184,P1147,Clothing,,3698.38,7164.32,Completed,U3414,West,High,2025-07-30,20,Net Banking,item_42,4364.09
ORD102198,P1911,Clothing,2369.64,3990.48,859.48,Completed,U2202,South,Low,2025-09-20,6,COD,item_111,4708.77
ORD102200,P1745,Furniture,2443.23,1090.02,3435.45,Completed,U3387,East,Low,2024-03-20,12,Net Banking,item_389,1286.22
ORD102205,P1386,Books,1316.12,1168.97,6694.39,Completed,U2071,South,Medium,2024-10-21,7,Net Banking,item_84,1379.38
ORD102210,P1080,Furniture,3666.31,882.21,4865.58,Completed,U3252,East,Medium,2025-09-09,8,Net Banking,item_210,1041.01
ORD102214,P1052,Furniture,4227.01,2617.59,1118.11,Completed,U2531,North,Low,2024-05-12,1,UPI,item_161,3088.76
ORD102225,P1717,Sports,2311.5,2351.84,4423.36,Completed,U3174,North,Low,2025-05-19,14,Credit Card,item_285,2775.17
ORD102229,P1312,Sports,4962.89,2525.34,1555.38,Completed,U2276,East,Medium,2025-09-21,12,Net Banking,item_328,2979.9
ORD102248,P1650,Groceries,1651.47,3597.01,2063.32,Completed,U3255,East,Medium,2025-02-02,13,Credit Card,item_80,4244.47
ORD102251,P1616,Electronics,3481.9,1786.09,184.19,Completed,U3317,West,Medium,2024-09-19,8,Credit Card,item_259,2107.59
ORD102252,P1867,Sports,1025.96,2950.48,7538.79,Completed,U3074,East,Medium,2025-04-28,6,Credit Card,item_43,3481.57
ORD102258,P1620,Toys,1707.52,827.2,1243.95,Completed,U3464,West,Medium,2024-04-13,12,Credit Card,item_416,976.1
ORD102260,P1403,Electronics,3585.09,2492.6,2232.44,Completed,U2881,East,Low,2025-07-06,4,Net Banking,item_383,2941.27
ORD102263,P1997,Electronics,2940.96,3917.58,4145.69,Completed,U3007,Central,High,2024-04-23,2,UPI,item_196,4622.74
ORD102269,P1863,Furniture,2670.28,2744.39,7574.88,Completed,U3006,Central,Low,2024-01-04,2,COD,item_489,3238.38
ORD102282,P1545,Clothing,4551.55,2473.89,5466.86,Completed,U3186,East,High,2025-07-29,5,UPI,item_490,2919.19
ORD102288,P1543,Clothing,1028.34,2574.46,7226.98,Completed,U3240,West,High,2024-08-17,7,Credit Card,item_212,3037.86
ORD102296,P1434,Toys,2401.28,3004.74,6249.51,Completed,U2729,West,Low,2024-09-24,3,Debit Card,item_487,3545.59
ORD102300,P1248,Groceries,2104.48,1311.11,1191.31,Completed,U2819,West,High,2024-02-14,12,COD,item_170,1547.11
ORD102301,P1627,Furniture,4335.59,2988.78,2050.14,Completed,U2195,North,Medium,2025-01-10,5,Debit Card,item_402,3526.76
ORD102303,P1775,Sports,1820.91,2180.15,6688.56,Completed,U3043,West,Medium,2025-03-21,12,COD,item_46,2572.58
ORD102306,P1057,Furniture,2516.56,3081.65,5455.79,Completed,U2309,North,Low,2025-02-14,20,UPI,item_251,3636.35
ORD102320,P1609,Clothing,4565.7,1646.42,7500.37,Completed,U3291,North,Medium,2025-04-04,1,Net Banking,item_89,1942.78
ORD102321,P1742,Books,3350.85,1682.44,1760.55,Completed,U2002,East,Low,2024-08-24,9,COD,item_450,1985.28
ORD102322,P1605,Furniture,2729.59,505.32,6905.2,Completed,U2425,North,Medium,2025-06-26,12,UPI,item_365,596.28
ORD102324,P1484,Books,419.89,1559.23,2524.47,Completed,U2891,South,Low,2025-06-04,11,COD,item_247,1839.89
ORD102335,P1921,Sports,,2096.22,6194.55,Completed,U3458,North,Low,2025-03-06,16,Net Banking,item_149,2473.54
ORD102336,P1141,Clothing,4539.89,3846.12,4826.82,Completed,U3172,West,High,2024-10-11,5,Net Banking,item_479,4538.42
ORD102337,P1254,Toys,3134.22,751.38,7719.36,Completed,U3089,Central,Medium,2025-08-22,16,Credit Card,item_50,886.63
ORD102341,P1751,Groceries,4094.53,727.25,6161.41,Completed,U2398,South,High,2024-08-16,8,COD,item_101,858.16
ORD102342,P1193,Furniture,4036.95,1573.71,2451.95,Completed,U3308,West,High,2024-01-20,16,Debit Card,item_116,1856.98
ORD102343,P1053,Furniture,3314.59,782.51,1856.59,Completed,U3230,South,Medium,2025-06-13,12,Credit Card,item_338,923.36
ORD102347,P1107,Toys,842.05,3451.71,7681.12,Completed,U3017,North,Low,2024-03-04,16,Net Banking,item_30,4073.02
ORD102350,P1822,Toys,946.8,2230.58,4907.45,Completed,U3480,East,Medium,2025-09-30,5,Net Banking,item_305,2632.08
ORD102351,P1310,Electronics,3190.62,2257.54,7128.47,Completed,U3313,East,Low,2024-02-05,6,Credit Card,item_142,2663.9
ORD102353,P1520,Groceries,1681.49,309.09,4363.53,Completed,U3176,Central,High,2025-02-10,15,Credit Card,item_292,364.73
ORD102361,P1468,Electronics,356.87,236.04,1643.48,Completed,U2282,South,Low,2025-09-22,19,Debit Card,item_64,278.53
ORD102371,P1991,Electronics,4265.84,1570.69,7933.46,Completed,U2643,North,Medium,2025-09-16,10,COD,item_180,1853.41
ORD102381,P1273,Clothing,3374.76,2682.92,6065.88,Completed,U2790,Central,Low,2024-08-28,5,Net Banking,item_379,3165.85
ORD102387,P1863,Electronics,2877.63,3699.41,5320.58,Completed,U2803,North,Low,2024-02-10,12,Debit Card,item_264,4365.3
ORD102390,P1637,Toys,3076.61,1198.43,6689.9,Completed,U2373,South,High,2025-07-02,20,Debit Card,item_388,1414.15
ORD102393,P1375,Books,870.8,653.71,3325.3,Completed,U3309,East,Medium,2025-06-26,1,Debit Card,item_146,771.38
ORD102395,P1290,Clothing,1035.04,952.5,1437.38,Completed,U2317,Central,High,2025-08-27,12,Debit Card,item_148,1123.95
ORD102399,P1225,Books,1209.96,1075.96,5313.68,Completed,U3403,South,Medium,2024-03-27,12,Net Banking,item_328,1269.63
ORD102409,P1086,Books,2312.35,893.45,2955.37,Completed,U2245,South,Low,2024-09-29,3,Debit Card,item_114,1054.27
ORD102411,P1751,Clothing,917.05,3391.09,6686.92,Completed,U3426,West,High,2024-08-15,2,Credit Card,item_195,4001.49
ORD102412,P1579,Toys,3818.63,654.61,4059.61,Completed,U2500,East,Medium,2025-07-23,16,UPI,item_290,772.44
ORD102418,P1033,Electronics,3702.93,3849.19,4437.11,Completed,U2634,South,High,2025-04-21,16,COD,item_211,4542.04
ORD102420,P1592,Books,1129.87,2293.53,362.88,Completed,U3126,East,Medium,2025-09-25,7,UPI,item_75,2706.37
ORD102427,P1584,Electronics,604.47,809.13,5306.49,Completed,U2249,West,Medium,2024-10-01,20,Credit Card,item_193,954.77
ORD102430,P1347,Electronics,1212.06,1518.46,2762.5,Completed,U3174,East,Medium,2024-01-05,17,Debit Card,item_358,1791.78
ORD102433,P1037,Toys,3785.56,2294.54,6728.03,Completed,U2258,South,High,2024-03-23,6,Credit Card,item_129,2707.56
ORD102437,P1183,Books,4854.68,1894.74,5889.28,Completed,U2375,East,High,2025-05-28,10,COD,item_23,2235.79
ORD102444,P1209,Electronics,790.08,2320.82,6955.83,Completed,U3097,North,Low,2025-07-12,6,Debit Card,item_126,2738.57
ORD102447,P1629,Furniture,3546.21,3067.99,7343.83,Completed,U3118,North,High,2025-01-07,6,Net Banking,item_318,3620.23
ORD102449,P1389,Toys,1750.11,3232.56,3549.96,Completed,U3308,South,Low,2024-06-20,20,COD,item_38,3814.42
ORD102451,P1613,Books,2713.65,1881.65,764.63,Completed,U3142,West,High,2024-07-26,8,UPI,item_315,2220.35
ORD102453,P1922,Furniture,,476.06,1769.09,Completed,U2713,North,Low,2025-05-06,5,COD,item_213,561.75
ORD102459,P1522,Electronics,1812.91,2717.13,5217.93,Completed,U2025,South,High,2025-02-16,20,UPI,item_154,3206.21
ORD102460,P1368,Toys,2524.58,2639.65,2856.91,Completed,U3035,North,High,2024-05-26,10,UPI,item_156,3114.79
ORD102464,P1028,Sports,3996.24,145.09,3147.87,Completed,U3069,East,High,2025-07-18,2,UPI,item_350,171.21
ORD102467,P1078,Clothing,3954.73,470.12,5155.01,Completed,U2773,North,Medium,2025-01-01,14,COD,item_102,554.74
ORD102473,P1440,Books,557.21,3339.22,4782.29,Completed,U2918,Central,High,2024-04-16,20,UPI,item_150,3940.28
ORD102477,P1028,Books,2155.24,2780.44,3762.91,Completed,U3053,East,Medium,2025-06-29,14,COD,item_168,3280.92
ORD102482,P1292,Groceries,,1483.39,4846.49,Completed,U3416,North,Low,2024-06-26,4,UPI,item_305,1750.4
ORD102488,P1486,Electronics,4444.07,1523.36,5801.64,Completed,U2667,West,High,2024-05-02,15,UPI,item_344,1797.56
ORD102490,P1455,Sports,3492.66,1938.57,3235.54,Completed,U3200,North,High,2025-04-18,15,Net Banking,item_209,2287.51
ORD102496,P1035,Books,3438.27,548.52,437.71,Completed,U3467,North,Low,2025-01-31,12,Credit Card,item_4,647.25
ORD102504,P1218,Clothing,1650.02,273.82,2996.58,Completed,U2980,North,High,2024-05-12,4,Credit Card,item_87,323.11
ORD102516,P1885,Furniture,2007.22,1702.26,7676.0,Completed,U3207,South,Medium,2025-08-19,16,Debit Card,item_382,2008.67
ORD102522,P1867,Books,2220.52,2413.22,5824.61,Completed,U2336,North,Low,2025-08-20,3,COD,item_401,2847.6
ORD102526,P1621,Books,934.64,1352.28,756.29,Completed,U2205,East,Medium,2025-04-05,18,UPI,item_68,1595.69
ORD102540,P1293,Toys,2131.5,2441.97,4125.6,Completed,U2573,North,High,2024-08-24,11,UPI,item_111,2881.52
ORD102545,P1495,Electronics,2988.39,3582.02,7717.72,Completed,U2182,East,Medium,2025-08-15,3,UPI,item_393,4226.78
ORD102550,P1667,Books,4913.87,1427.26,4684.39,Completed,U3082,Central,High,2025-04-06,17,Credit Card,item_294,1684.17
ORD102555,P1803,Furniture,2033.87,843.84,5710.11,Completed,U2841,East,Low,2025-07-28,14,Credit Card,item_371,995.73
ORD102557,P1391,Groceries,827.09,2738.15,6171.3,Completed,U2785,Central,Low,2024-12-19,14,UPI,item_258,3231.02
ORD102569,P1920,Toys,445.25,1300.75,2660.11,Completed,U2697,West,Medium,2025-06-12,4,COD,item_496,1534.89
ORD102576,P1797,Clothing,4036.15,2140.99,5306.15,Completed,U2128,West,High,2025-02-27,14,COD,item_436,2526.37
ORD102580,P1581,Groceries,715.59,560.98,4743.11,Completed,U2563,Central,Medium,2024-02-17,11,UPI,item_236,661.96
ORD102581,P1609,Toys,2497.99,1116.01,5387.37,Completed,U3016,South,Low,2025-04-10,9,UPI,item_97,1316.89
ORD102590,P1370,Furniture,451.57,2311.27,241.98,Completed,U2504,East,High,2024-07-12,8,Debit Card,item_401,2727.3
ORD102595,P1224,Books,156.97,1182.92,3384.04,Completed,U3085,South,Low,2025-07-21,1,Net Banking,item_111,1395.85
ORD102600,P1934,Groceries,62.92,681.91,5746.12,Completed,U2440,East,Low,2025-08-27,13,UPI,item_278,804.65
ORD102608,P1118,Clothing,1347.15,167.72,6222.67,Completed,U2508,North,Medium,2024-11-02,14,Credit Card,item_239,197.91
ORD102611,P1984,Furniture,2548.83,922.41,6892.69,Completed,U3480,East,Low,2025-04-02,3,Debit Card,item_298,1088.44
ORD102618,P1013,Toys,2151.76,641.84,6569.87,Completed,U2217,West,Low,2025-07-02,13,COD,item_413,757.37
ORD102620,P1634,Electronics,604.17,167.44,4071.18,Completed,U2998,North,Medium,2025-03-28,12,Net Banking,item_294,197.58
ORD102622,P1102,Sports,2743.01,3435.46,4246.36,Completed,U2251,East,Medium,2024-06-20,18,Net Banking,item_411,4053.84
ORD102644,P1668,Sports,4515.22,1525.62,2410.07,Completed,U2028,East,High,2024-01-14,9,Net Banking,item_456,1800.23
ORD102645,P1149,Groceries,1483.79,1634.13,2896.92,Completed,U3241,East,Low,2025-09-08,1,COD,item_170,1928.27
ORD102646,P1103,Sports,928.95,315.63,2560.11,Completed,U2935,South,Medium,2025-07-05,16,Net Banking,item_172,372.44
ORD102649,P1975,Electronics,652.61,1879.84,2090.39,Completed,U2163,South,Medium,2024-10-26,1,Debit Card,item_200,2218.21
ORD102652,P1410,Clothing,244.9,1880.44,3279.4,Completed,U2917,West,High,2025-07-23,14,UPI,item_451,2218.92
ORD102660,P1902,Books,2970.47,1198.54,4802.43,Completed,U2938,South,Low,2024-09-06,11,Debit Card,item_85,1414.28
ORD102661,P1401,Sports,367.3,3747.51,2619.53,Completed,U2354,South,Medium,2024-05-15,2,Net Banking,item_335,4422.06
ORD102665,P1070,Toys,3842.05,1628.91,3893.63,Completed,U3260,West,Medium,2024-02-15,5,UPI,item_232,1922.11
ORD102666,P1036,Toys,1852.45,1129.32,7739.05,Completed,U2784,Central,High,2024-03-17,3,UPI,item_296,1332.6
ORD102669,P1408,Sports,4013.25,3763.42,720.35,Completed,U2408,South,High,2025-05-31,14,COD,item_389,4440.84
ORD102679,P1264,Electronics,3162.81,2492.85,2993.57,Completed,U2224,South,High,2025-01-14,11,COD,item_214,2941.56
ORD102692,P1763,Groceries,4090.68,1915.69,1477.5,Completed,U3034,Central,Low,2025-07-05,18,Credit Card,item_88,2260.51
ORD102697,P1294,Clothing,833.77,3460.2,5621.19,Completed,U2616,South,High,2024-11-24,9,Credit Card,item_446,4083.04
ORD102704,P1527,Sports,,2508.85,7981.67,Completed,U3319,Central,High,2025-05-01,18,Credit Card,item_24,2960.44
ORD102705,P1342,Clothing,2652.8,2690.35,2521.0,Completed,U2873,Central,Medium,2024-05-05,15,COD,item_171,3174.61
ORD102709,P1899,Books,3860.51,2156.76,4211.02,Completed,U2143,North,Low,2024-04-09,8,Net Banking,item_190,2544.98
ORD102711,P1670,Electronics,1308.92,1991.34,7559.35,Completed,U2157,South,Medium,2024-11-27,9,COD,item_230,2349.78
ORD102716,P1435,Groceries,3355.64,3630.48,5403.21,Completed,U2425,Central,Medium,2024-02-13,9,Net Banking,item_72,4283.97
ORD102736,P1504,Electronics,3226.65,2566.71,2301.65,Completed,U2439,North,High,2025-01-31,18,COD,item_182,3028.72
ORD102745,P1644,Clothing,2000.66,3304.78,6738.9,Completed,U2165,South,Low,2025-03-18,6,Debit Card,item_152,3899.64
ORD102753,P1763,Books,1197.06,1481.55,6160.46,Completed,U2053,North,High,2024-12-21,6,Debit Card,item_178,1748.23
ORD102779,P1648,Toys,3025.97,3493.97,3560.82,Completed,U3462,West,Medium,2024-03-06,19,Credit Card,item_285,4122.88
ORD102782,P1666,Groceries,830.72,242.61,1696.73,Completed,U2909,West,High,2024-06-17,4,Debit Card,item_106,286.28
ORD102783,P1060,Groceries,3691.99,1096.06,1012.3,Completed,U3062,West,Low,2024-07-07,9,Net Banking,item_3,1293.35
ORD102784,P1515,Groceries,,2725.98,6266.46,Completed,U2770,South,Low,2025-01-08,4,COD,item_15,3216.66
ORD102789,P1569,Sports,2834.18,1565.75,4515.69,Completed,U2688,Central,Medium,2024-12-12,5,UPI,item_250,1847.58
ORD102798,P1995,Sports,1132.02,1209.44,3120.22,Completed,U2845,West,Medium,2024-09-18,15,Debit Card,item_471,1427.14
ORD102812,P1814,Books,4709.72,657.54,1308.77,Completed,U2886,Central,Medium,2025-08-17,16,Debit Card,item_344,775.9
ORD102814,P1395,Groceries,1239.31,3842.45,5757.61,Completed,U3072,East,Low,2024-08-31,6,COD,item_366,4534.09
ORD102822,P1392,Books,4324.81,1623.18,2556.35,Completed,U2561,West,Medium,2025-06-17,7,Net Banking,item_58,1915.35
ORD102823,P1374,Sports,4951.92,2801.81,5478.95,Completed,U2226,North,Medium,2024-12-09,8,Credit Card,item_490,3306.14
ORD102829,P1626,Electronics,2727.2,3359.01,1198.52,Completed,U2494,North,Low,2025-08-11,3,UPI,item_23,3963.63
ORD102830,P1916,Sports,3839.26,3059.54,6749.15,Completed,U2669,West,Low,2025-03-08,19,Credit Card,item_75,3610.26
ORD102833,P1403,Toys,3161.31,285.57,6217.6,Completed,U2768,East,Medium,2025-05-30,4,UPI,item_457,336.97
ORD102847,P1020,Furniture,3615.15,771.29,1938.03,Completed,U3329,Central,Medium,2024-10-31,3,COD,item_191,910.12
ORD102854,P1312,Toys,2796.56,1765.95,5770.41,Completed,U3181,Central,Medium,2025-06-18,16,COD,item_318,2083.82
ORD102868,P1733,Toys,3708.26,3024.13,807.94,Completed,U3418,East,Medium,2024-03-16,11,UPI,item_436,3568.47
ORD102873,P1915,Sports,1373.19,3698.34,1362.53,Completed,U3449,North,Medium,2025-03-06,17,COD,item_13,4364.04
ORD102875,P1335,Electronics,475.12,2616.8,5906.39,Completed,U2770,Central,Low,2024-08-22,3,Net Banking,item_207,3087.82
ORD102876,P1368,Toys,484.99,2153.52,5281.91,Completed,U2526,Central,Medium,2024-06-05,15,UPI,item_242,2541.15
ORD102878,P1273,Furniture,3193.2,2000.11,6362.25,Completed,U2394,Central,High,2024-06-18,7,COD,item_221,2360.13
ORD102893,P1349,Groceries,956.16,3828.41,1204.97,Completed,U3497,West,High,2024-10-31,3,Credit Card,item_348,4517.52
ORD102895,P1262,Sports,1166.89,3944.93,6402.07,Completed,U2407,East,Low,2025-06-04,13,Net Banking,item_255,4655.02
ORD102903,P1753,Toys,1608.97,3726.52,5303.68,Completed,U2073,East,Medium,2025-08-15,11,Debit Card,item_485,4397.29
ORD102916,P1876,Toys,664.88,1728.76,5805.13,Completed,U2358,East,High,2025-09-01,1,UPI,item_123,2039.94
ORD102929,P1052,Toys,2645.64,1140.46,199.73,Completed,U3250,West,Medium,2025-06-16,15,Credit Card,item_30,1345.74
ORD102931,P1464,Sports,484.08,3954.06,5578.5,Completed,U2341,East,Low,2024-04-16,11,Credit Card,item_347,4665.79
ORD102933,P1521,Groceries,3887.15,2509.41,5831.38,Completed,U2576,Central,Medium,2024-02-25,16,Credit Card,item_440,2961.1
ORD102936,P1462,Books,2357.44,1931.02,5812.58,Completed,U3130,West,Medium,2024-05-26,5,Credit Card,item_426,2278.6
ORD102942,P1273,Books,1660.2,1126.78,4199.11,Completed,U2414,Central,High,2024-12-09,2,Debit Card,item_250,1329.6
ORD102945,P1286,Sports,532.55,3167.98,6034.9,Completed,U2970,North,Medium,2024-01-11,5,COD,item_133,3738.22
ORD102953,P1383,Sports,1176.92,3862.57,2036.42,Completed,U2794,North,High,2025-05-25,4,COD,item_13,4557.83
ORD102960,P1252,Clothing,4158.6,685.96,3126.14,Completed,U3387,Central,Low,2024-09-03,16,Credit Card,item_196,809.43
ORD102962,P1067,Sports,4445.27,412.13,3725.58,Completed,U2741,East,Low,2024-11-16,11,Net Banking,item_112,486.31
ORD102971,P1259,Toys,420.86,2626.26,6060.03,Completed,U2491,North,High,2025-06-16,9,UPI,item_482,3098.99
ORD102973,P1116,Furniture,4005.48,305.5,5024.04,Completed,U2862,North,Low,2024-11-05,18,Debit Card,item_14,360.49
ORD102977,P1180,Groceries,1974.6,2701.78,1762.64,Completed,U2843,South,Low,2024-12-11,6,COD,item_267,3188.1
ORD102980,P1706,Toys,3431.92,2859.33,5225.88,Completed,U2852,North,Low,2025-03-02,2,COD,item_324,3374.01
ORD102984,P1672,Sports,1184.92,3297.84,2364.15,Completed,U2217,Central,High,2025-04-17,14,COD,item_292,3891.45
ORD102988,P1218,Electronics,2845.06,886.01,4758.91,Completed,U2397,South,Low,2024-11-30,5,Net Banking,item_28,1045.49
ORD102991,P1734,Electronics,3032.47,2102.87,6795.68,Completed,U3147,North,Low,2024-07-14,7,Credit Card,item_8,2481.39
ORD102996,P1099,Groceries,1733.38,242.19,1034.97,Completed,U2297,North,Low,2024-04-13,11,Debit Card,item_463,285.78
ORD102998,P1302,Sports,881.51,1743.15,3389.88,Completed,U2974,South,High,2024-03-14,5,COD,item_375,2056.92
ORD103008,P1096,Clothing,1391.2,3519.92,5797.04,Completed,U2719,West,Medium,2024-09-12,6,UPI,item_89,4153.51
ORD103018,P1963,Toys,4281.35,2189.99,4197.93,Completed,U2165,North,Low,2025-03-21,4,Credit Card,item_153,2584.19
ORD103021,P1346,Books,3050.45,72.36,594.23,Completed,U2910,East,Medium,2025-02-27,4,COD,item_128,85.38
ORD103025,P1951,Electronics,,1862.02,4401.99,Completed,U2436,South,High,2024-03-03,6,COD,item_230,2197.18
ORD103026,P1888,Electronics,4798.59,1588.22,7451.22,Completed,U2809,West,High,2025-08-14,12,Debit Card,item_397,1874.1
ORD103029,P1618,Furniture,1733.17,1537.34,7522.5,Completed,U2490,North,High,2024-06-20,3,Net Banking,item_276,1814.06
ORD103030,P1979,Furniture,3913.67,2627.69,7791.98,Completed,U3284,East,High,2025-09-05,5,UPI,item_208,3100.67
ORD103031,P1346,Groceries,113.61,3188.11,3499.76,Completed,U2828,South,Low,2025-09-29,20,Net Banking,item_185,3761.97
ORD103034,P1367,Furniture,1356.94,1162.17,3740.1,Completed,U2437,West,High,2025-01-04,10,UPI,item_406,1371.36
ORD103036,P1040,Sports,864.34,2205.0,6131.7,Completed,U2009,South,Low,2024-12-27,1,COD,item_398,2601.9
ORD103039,P1973,Electronics,784.1,2910.28,3593.11,Completed,U2728,Central,Low,2025-07-31,2,Debit Card,item_42,3434.13
ORD103041,P1498,Clothing,3025.63,218.75,3601.31,Completed,U3333,Central,Low,2025-02-04,8,Credit Card,item_375,258.13
ORD103058,P1776,Electronics,2859.3,2430.63,7381.65,Completed,U2109,South,Low,2025-03-15,3,COD,item_214,2868.14
ORD103064,P1095,Groceries,4269.56,1661.85,5046.75,Completed,U2869,North,High,2024-11-08,6,UPI,item_261,1960.98
ORD103065,P1924,Books,1653.37,2872.76,1631.74,Completed,U2363,South,High,2024-08-14,2,Net Banking,item_250,3389.86
ORD103070,P1079,Clothing,3021.39,583.3,1345.16,Completed,U3013,North,Low,2025-10-02,1,Debit Card,item_39,688.29
ORD103073,P1794,Sports,,3186.97,7271.11,Completed,U3061,North,High,2024-10-24,20,Credit Card,item_481,3760.62
ORD103075,P1311,Clothing,2248.78,2578.76,6223.87,Completed,U3040,Central,Low,2024-08-21,2,Credit Card,item_338,3042.94
ORD103087,P1920,Groceries,2780.89,1168.91,6040.56,Completed,U3217,South,Medium,2025-09-27,13,COD,item_128,1379.31
ORD103091,P1163,Groceries,225.56,3497.51,2937.74,Completed,U2039,Central,High,2024-11-22,6,Credit Card,item_111,4127.06
ORD103107,P1777,Electronics,2532.0,993.93,506.21,Completed,U2696,North,High,2024-03-22,15,Net Banking,item_172,1172.84
ORD103113,P1115,Furniture,1269.3,3626.58,3179.36,Completed,U3471,East,High,2025-06-15,16,Net Banking,item_116,4279.36
ORD103123,P1792,Sports,160.59,328.02,3021.82,Completed,U2774,West,High,2024-09-30,5,Debit Card,item_66,387.06
ORD103129,P1860,Books,4925.03,1904.03,855.29,Completed,U3209,North,Medium,2025-05-21,10,Net Banking,item_258,2246.76
ORD103148,P1114,Books,1856.15,2902.11,4755.14,Completed,U3482,South,Medium,2024-01-01,16,UPI,item_216,3424.49
ORD103165,P1155,Clothing,,982.43,5091.49,Completed,U2579,Central,Low,2025-06-18,10,Credit Card,item_296,1159.27
ORD103167,P1074,Groceries,2170.49,957.53,2414.99,Completed,U3028,Central,Low,2024-07-04,14,Credit Card,item_488,1129.89
ORD103170,P1137,Toys,1718.41,952.33,4029.1,Completed,U2833,East,High,2025-03-08,1,Net Banking,item_277,1123.75
ORD103171,P1920,Books,688.78,2959.68,6767.31,Completed,U3330,South,Medium,2024-09-16,11,Debit Card,item_82,3492.42
ORD103185,P1278,Books,2572.35,1588.11,3168.3,Completed,U2786,South,Medium,2024-11-20,15,UPI,item_29,1873.97
ORD103195,P1567,Furniture,,2031.0,5339.94,Completed,U2745,South,High,2024-04-07,9,Credit Card,item_346,2396.58
ORD103200,P1343,Clothing,852.83,1686.57,168.56,Completed,U2820,North,Low,2024-10-16,15,Net Banking,item_153,1990.15
ORD103203,P1877,Furniture,3161.75,2768.36,6382.51,Completed,U2146,West,High,2024-01-04,15,COD,item_373,3266.66
ORD103206,P1371,Groceries,3254.67,981.64,717.4,Completed,U2034,North,Medium,2024-05-13,18,Net Banking,item_497,1158.34
ORD103207,P1855,Furniture,,22.29,3097.47,Completed,U2692,South,Medium,2025-09-21,4,Debit Card,item_98,26.3
ORD103209,P1916,Sports,3217.31,1117.76,2516.24,Completed,U2356,Central,High,2024-12-25,14,UPI,item_374,1318.96
ORD103213,P1706,Toys,2817.36,1200.01,4310.59,Completed,U3428,West,High,2025-06-20,3,Net Banking,item_434,1416.01
ORD103217,P1201,Books,1836.8,2871.34,3766.36,Completed,U2261,East,High,2025-01-28,3,UPI,item_190,3388.18
ORD103220,P1235,Electronics,748.29,2685.49,7294.02,Completed,U2868,Central,Low,2025-06-09,15,COD,item_77,3168.88
ORD103223,P1284,Toys,3057.32,1336.18,5596.44,Completed,U2151,North,Medium,2025-08-31,11,Debit Card,item_212,1576.69
ORD103232,P1891,Sports,3652.46,140.17,1951.84,Completed,U2688,East,Low,2025-07-06,6,COD,item_225,165.4
ORD103242,P1347,Books,3242.43,1837.87,2522.11,Completed,U3389,South,Low,2024-07-10,20,Net Banking,item_36,2168.69
ORD103244,P1701,Sports,3060.37,491.34,1490.4,Completed,U2215,West,High,2025-08-26,12,Credit Card,item_358,579.78
ORD103249,P1207,Groceries,,3457.81,3196.47,Completed,U3067,West,Low,2025-03-29,1,UPI,item_174,4080.22
ORD103250,P1909,Clothing,462.88,2457.68,3979.07,Completed,U2620,Central,Medium,2025-09-21,3,Credit Card,item_64,2900.06
ORD103252,P1418,Furniture,591.71,3851.28,3557.68,Completed,U3455,East,High,2025-04-23,12,COD,item_252,4544.51
ORD103253,P1665,Sports,774.32,3172.69,424.44,Completed,U2555,West,Low,2025-08-01,16,Debit Card,item_52,3743.77
ORD103259,P1689,Sports,835.16,2568.84,6986.4,Completed,U3008,Central,High,2025-07-25,5,COD,item_99,3031.23
ORD103290,P1388,Electronics,3049.84,2747.7,2386.5,Completed,U2839,Central,High,2025-05-19,1,Credit Card,item_149,3242.29
ORD103291,P1549,Furniture,443.3,1311.6,782.11,Completed,U2166,East,Low,2025-03-05,1,Net Banking,item_210,1547.69
ORD103302,P1753,Toys,4774.47,1808.33,179.09,Completed,U2028,West,Low,2025-05-21,13,UPI,item_113,2133.83
ORD103305,P1926,Furniture,2029.44,479.96,3009.38,Completed,U2642,East,Low,2024-01-30,4,UPI,item_275,566.35
ORD103321,P1996,Furniture,4705.55,429.85,1523.74,Completed,U2410,East,Medium,2025-09-07,10,COD,item_251,507.22
ORD103326,P1248,Clothing,3806.7,797.03,1645.3,Completed,U3236,Central,Medium,2025-09-28,13,COD,item_409,940.5
ORD103327,P1781,Groceries,1648.47,969.09,2571.66,Completed,U2286,North,Low,2025-03-20,1,COD,item_297,1143.53
ORD103329,P1965,Toys,3673.53,97.96,3454.94,Completed,U3301,North,High,2025-02-27,14,Net Banking,item_207,115.59
ORD103344,P1154,Books,643.41,1865.38,3713.93,Completed,U3229,North,High,2024-09-19,3,Credit Card,item_472,2201.15
ORD103355,P1803,Sports,1661.35,3102.23,4309.89,Completed,U3086,South,Low,2024-12-17,2,Debit Card,item_197,3660.63
ORD103357,P1834,Toys,3832.82,2866.64,3647.82,Completed,U2266,West,Low,2024-12-29,2,Credit Card,item_443,3382.64
ORD103369,P1032,Groceries,598.41,3215.43,7874.75,Completed,U2422,West,Low,2024-09-23,11,COD,item_240,3794.21
ORD103375,P1770,Books,2434.59,2497.51,3012.93,Completed,U3098,North,High,2024-09-30,20,UPI,item_422,2947.06
ORD103377,P1243,Toys,641.77,2181.36,1799.11,Completed,U2470,North,High,2025-08-06,16,UPI,item_484,2574.0
ORD103379,P1525,Electronics,1128.18,3040.88,3187.23,Completed,U2437,East,Low,2024-07-16,7,UPI,item_457,3588.24
ORD103381,P1124,Groceries,2603.34,2723.56,7546.98,Completed,U2808,Central,Low,2025-03-09,8,UPI,item_457,3213.8
ORD103384,P1875,Furniture,579.17,3814.12,7440.93,Completed,U3054,Central,Low,2024-11-29,6,Net Banking,item_24,4500.66
ORD103390,P1524,Sports,3783.33,2512.37,4769.82,Completed,U2398,South,Medium,2025-09-26,18,Debit Card,item_14,2964.6
ORD103392,P1515,Furniture,,1463.65,7094.57,Completed,U2488,Central,High,2024-04-15,5,Net Banking,item_161,1727.11
ORD103401,P1830,Clothing,361.73,890.97,1285.06,Completed,U2071,East,Low,2025-06-10,15,COD,item_44,1051.34
ORD103406,P1523,Furniture,3247.76,3704.35,5467.89,Completed,U2933,Central,Medium,2025-01-09,10,Net Banking,item_210,4371.13
ORD103415,P1911,Toys,292.55,3869.36,3278.98,Completed,U2881,North,Medium,2024-06-25,2,Credit Card,item_215,4565.84
ORD103417,P1648,Toys,1245.45,3856.54,5968.33,Completed,U2381,North,Low,2024-05-23,12,UPI,item_256,4550.72
ORD103426,P1477,Clothing,2987.22,1371.15,1860.72,Completed,U2005,West,Medium,2024-06-15,16,Net Banking,item_112,1617.96
ORD103433,P1405,Clothing,951.84,3923.3,3548.55,Completed,U2279,South,Low,2024-09-18,8,UPI,item_460,4629.49
ORD103463,P1909,Sports,2426.15,1850.81,3115.0,Completed,U2768,Central,Medium,2025-01-31,12,Debit Card,item_56,2183.96
ORD103465,P1877,Electronics,4468.43,3569.79,4632.96,Completed,U2144,West,Medium,2024-02-27,10,COD,item_113,4212.35
ORD103469,P1174,Furniture,3781.22,2703.96,802.77,Completed,U2013,East,Low,2025-09-17,3,Credit Card,item_5,3190.67
ORD103478,P1547,Toys,4808.51,2662.85,662.99,Completed,U2667,West,Medium,2024-11-24,2,COD,item_442,3142.16
ORD103487,P1188,Toys,4425.06,387.02,5613.78,Completed,U3440,West,Low,2024-01-11,8,Net Banking,item_383,456.68
ORD103492,P1470,Groceries,1519.37,3804.81,7190.87,Completed,U2886,North,Medium,2024-05-13,19,Net Banking,item_242,4489.68
ORD103497,P1450,Toys,3073.94,2907.17,2265.34,Completed,U3173,East,Low,2025-06-26,4,COD,item_307,3430.46
ORD103498,P1187,Electronics,1741.6,3489.0,6903.46,Completed,U3325,Central,Medium,2024-10-20,6,Debit Card,item_452,4117.02
ORD103500,P1314,Groceries,3891.0,640.16,548.66,Completed,U3383,South,Medium,2024-12-20,5,Net Banking,item_500,755.39
ORD103501,P1868,Clothing,138.04,3135.8,2633.93,Completed,U2603,West,Medium,2024-08-12,1,Debit Card,item_499,3700.24
ORD103502,P1577,Electronics,4957.3,2865.11,339.44,Completed,U2742,East,High,2024-06-26,14,COD,item_75,3380.83
ORD103503,P1853,Toys,1124.99,2187.0,3232.21,Completed,U2116,East,Medium,2025-04-27,8,COD,item_274,2580.66
ORD103505,P1451,Toys,,2270.6,3597.94,Completed,U2216,North,Low,2025-07-16,1,Credit Card,item_287,2679.31
ORD103510,P1219,Toys,283.7,2637.9,4703.39,Completed,U3129,Central,Medium,2024-02-26,11,COD,item_383,3112.72
ORD103514,P1492,Sports,3085.53,2333.47,157.32,Completed,U3227,East,Low,2024-06-11,4,Debit Card,item_421,2753.49
ORD103524,P1929,Groceries,1691.89,944.7,526.5,Completed,U2042,Central,Low,2024-12-29,5,UPI,item_461,1114.75
ORD103528,P1202,Sports,2702.83,1565.76,4109.03,Completed,U2705,West,Low,2024-11-16,5,UPI,item_187,1847.6
ORD103529,P1510,Electronics,468.77,1784.4,4310.97,Completed,U3148,East,Low,2024-03-11,7,COD,item_380,2105.59
ORD103531,P1858,Clothing,763.64,376.91,4258.03,Completed,U3490,Central,High,2025-01-18,17,Net Banking,item_118,444.75
ORD103532,P1426,Electronics,,2358.24,5792.15,Completed,U3256,North,High,2025-09-13,16,Credit Card,item_108,2782.72
ORD103540,P1933,Electronics,460.46,907.93,875.33,Completed,U3412,East,Medium,2025-06-26,15,Net Banking,item_356,1071.36
ORD103543,P1182,Clothing,1412.73,2470.18,1523.04,Completed,U2024,Central,Low,2024-09-19,8,Debit Card,item_54,2914.81
ORD103548,P1595,Clothing,1496.31,2770.83,6938.38,Completed,U2211,West,High,2025-06-13,6,Debit Card,item_349,3269.58
ORD103550,P1994,Books,789.56,3604.3,2295.54,Completed,U2580,West,Low,2024-08-29,4,COD,item_436,4253.07
ORD103553,P1581,Books,,2952.24,598.03,Completed,U2333,Central,High,2025-06-20,2,UPI,item_400,3483.64
ORD103555,P1399,Electronics,2512.73,1063.55,3731.68,Completed,U2379,South,Low,2025-07-03,15,Debit Card,item_157,1254.99
ORD103565,P1073,Clothing,1327.81,3446.68,5561.05,Completed,U3301,South,Low,2024-03-25,13,Credit Card,item_312,4067.08
ORD103566,P1086,Books,2081.73,2879.02,6041.47,Completed,U2990,North,High,2025-06-30,8,Credit Card,item_83,3397.24
ORD103573,P1854,Clothing,2898.21,773.43,6337.04,Completed,U2924,South,Medium,2024-05-19,18,Net Banking,item_6,912.65
ORD103582,P1451,Groceries,,3808.33,6124.42,Completed,U2449,East,High,2024-10-26,3,UPI,item_215,4493.83
ORD103586,P1369,Clothing,3102.8,3197.06,1401.79,Completed,U3110,Central,Low,2025-03-15,6,COD,item_282,3772.53
ORD103588,P1939,Clothing,3552.8,3334.56,7326.64,Completed,U3106,East,Medium,2024-06-02,13,Debit Card,item_465,3934.78
ORD103595,P1226,Clothing,3788.33,2835.74,1532.58,Completed,U2066,Central,High,2025-01-22,16,Credit Card,item_371,3346.17
ORD103598,P1695,Furniture,266.23,541.16,3817.07,Completed,U2185,South,High,2024-04-08,8,COD,item_40,638.57
ORD103606,P1246,Toys,3252.27,2366.61,7842.55,Completed,U2410,South,Low,2024-09-26,19,COD,item_98,2792.6
ORD103608,P1964,Books,3869.99,2855.11,5799.95,Completed,U2686,East,Medium,2024-01-18,7,Credit Card,item_98,3369.03
ORD103612,P1785,Clothing,1244.67,2442.32,6677.75,Completed,U2857,Central,Medium,2024-07-31,17,Credit Card,item_415,2881.94
ORD103620,P1768,Clothing,2252.84,3903.69,3062.11,Completed,U2546,Central,High,2025-09-30,10,COD,item_308,4606.35
ORD103623,P1826,Furniture,3707.64,904.84,5889.17,Completed,U2677,North,High,2025-03-25,10,UPI,item_31,1067.71
ORD103626,P1474,Electronics,3673.81,3968.36,6345.66,Completed,U2098,North,Medium,2024-11-08,4,Debit Card,item_229,4682.66
ORD103631,P1669,Furniture,3343.72,3094.97,6652.16,Completed,U2179,Central,Medium,2024-11-27,10,Net Banking,item_106,3652.06
ORD103635,P1855,Sports,2910.37,398.91,3493.91,Completed,U3026,Central,High,2025-02-21,8,Debit Card,item_71,470.71
ORD103637,P1329,Sports,2002.28,2577.62,2956.62,Completed,U2914,West,Low,2024-03-28,10,Debit Card,item_28,3041.59
ORD103639,P1883,Clothing,1097.89,295.32,7114.88,Completed,U3272,South,Low,2025-09-18,3,COD,item_325,348.48
ORD103644,P1214,Clothing,3892.36,1604.49,2105.4,Completed,U2504,South,Low,2024-07-04,11,Debit Card,item_314,1893.3
ORD103647,P1194,Sports,4606.83,1693.95,777.65,Completed,U3265,Central,Medium,2024-05-23,7,UPI,item_442,1998.86
ORD103650,P1425,Electronics,595.49,3068.57,1906.62,Completed,U3275,South,Low,2024-09-08,3,Credit Card,item_147,3620.91
ORD103651,P1288,Groceries,71.74,732.67,4118.17,Completed,U3477,Central,Medium,2024-11-28,14,COD,item_384,864.55
ORD103660,P1689,Books,4693.03,1226.31,2651.64,Completed,U3419,West,Medium,2024-12-24,9,UPI,item_388,1447.05
ORD103662,P1334,Books,2998.79,271.55,5565.98,Completed,U2667,East,Low,2024-02-07,18,Credit Card,item_340,320.43
ORD103672,P1825,Books,4367.3,823.47,5119.84,Completed,U3365,South,Medium,2025-05-12,18,COD,item_257,971.69
ORD103676,P1112,Furniture,,3240.83,499.83,Completed,U3053,East,High,2025-01-25,13,UPI,item_51,3824.18
ORD103682,P1555,Furniture,570.34,1372.45,1200.24,Completed,U2067,Central,Low,2024-01-04,10,Debit Card,item_103,1619.49
ORD103693,P1275,Toys,2374.15,3639.8,2704.86,Completed,U2912,Central,High,2025-05-04,6,COD,item_388,4294.96
ORD103697,P1853,Groceries,4202.33,2793.73,2341.33,Completed,U2829,East,Medium,2024-06-04,14,Credit Card,item_426,3296.6
ORD103701,P1904,Electronics,1812.98,3360.0,1079.57,Completed,U2360,North,Medium,2024-04-19,5,Debit Card,item_83,3964.8
ORD103705,P1749,Toys,2700.66,1823.65,1401.12,Completed,U2116,East,Low,2025-07-26,13,Debit Card,item_86,2151.91
ORD103706,P1773,Toys,4159.58,3365.6,3714.45,Completed,U2702,South,High,2024-01-18,9,Debit Card,item_256,3971.41
ORD103719,P1084,Groceries,1399.07,2806.87,1268.09,Completed,U2634,South,High,2024-05-25,2,Net Banking,item_148,3312.11
ORD103721,P1435,Toys,3997.3,1735.16,7837.67,Completed,U3439,Central,Medium,2025-01-25,11,COD,item_180,2047.49
ORD103725,P1047,Groceries,3059.72,407.41,3517.45,Completed,U3198,South,Medium,2024-08-21,5,Debit Card,item_153,480.74
ORD103736,P1894,Furniture,1814.5,3878.64,3309.14,Completed,U2002,South,High,2024-02-28,18,Net Banking,item_267,4576.8
ORD103737,P1850,Sports,2770.39,3910.44,1739.74,Completed,U2596,East,Low,2024-02-09,7,Debit Card,item_119,4614.32
ORD103742,P1436,Toys,3651.97,3685.54,3749.82,Completed,U2091,East,High,2024-10-22,20,Debit Card,item_35,4348.94
ORD103744,P1543,Clothing,3869.75,3040.46,5729.51,Completed,U3192,South,Medium,2025-06-27,5,UPI,item_235,3587.74
ORD103751,P1861,Sports,3172.14,1124.68,1208.81,Completed,U3256,North,Low,2025-09-18,10,UPI,item_478,1327.12
ORD103756,P1721,Furniture,4609.71,1890.9,1230.49,Completed,U2056,Central,Medium,2024-10-29,11,UPI,item_405,2231.26
ORD103757,P1451,Toys,4293.59,2389.98,7814.82,Completed,U2642,West,High,2024-09-06,10,Net Banking,item_21,2820.18
ORD103763,P1138,Groceries,1743.25,1895.37,125.62,Completed,U3436,Central,Medium,2024-12-31,7,COD,item_387,2236.54
ORD103766,P1492,Books,3210.7,485.27,641.58,Completed,U3404,South,High,2024-09-07,2,COD,item_255,572.62
ORD103767,P1886,Books,198.63,2238.77,2170.23,Completed,U3162,South,Medium,2025-09-26,13,COD,item_61,2641.75
ORD103769,P1392,Furniture,2990.54,3906.41,2312.35,Completed,U2564,Central,High,2024-03-12,1,UPI,item_124,4609.56
ORD103773,P1818,Groceries,4907.65,2491.52,5854.02,Completed,U2012,North,High,2024-05-11,20,Credit Card,item_485,2939.99
ORD103780,P1705,Sports,1018.36,845.53,7225.93,Completed,U2034,Central,High,2024-11-20,4,COD,item_238,997.73
ORD103786,P1994,Toys,3738.75,670.78,1875.42,Completed,U2142,Central,Low,2024-04-22,4,UPI,item_184,791.52
ORD103789,P1283,Clothing,3773.5,1874.5,6579.47,Completed,U2143,East,Low,2024-10-12,11,Net Banking,item_229,2211.91
ORD103790,P1479,Sports,1596.24,2105.65,1269.81,Completed,U2258,South,Low,2025-02-09,14,UPI,item_460,2484.67
ORD103792,P1917,Books,1061.11,1049.21,4232.1,Completed,U3005,South,Low,2025-05-22,20,Credit Card,item_206,1238.07
ORD103796,P1942,Clothing,4949.37,1443.26,1784.03,Completed,U3468,North,Low,2025-01-11,19,UPI,item_181,1703.05
ORD103806,P1024,Clothing,3280.81,3456.97,4742.46,Completed,U3038,South,High,2025-02-13,2,Net Banking,item_11,4079.22
ORD103816,P1856,Furniture,2915.23,1829.26,3330.48,Completed,U3263,West,Medium,2025-09-24,3,UPI,item_475,2158.53
ORD103819,P1953,Books,3636.44,392.25,5919.28,Completed,U3479,East,Low,2024-01-05,14,Credit Card,item_227,462.85
ORD103831,P1156,Books,1301.31,3946.55,2607.28,Completed,U2636,South,Medium,2024-02-02,13,Net Banking,item_89,4656.93
ORD103838,P1896,Toys,4718.74,2860.85,4888.11,Completed,U3276,South,High,2024-08-19,1,Credit Card,item_481,3375.8
ORD103842,P1183,Groceries,4769.0,1691.91,5912.45,Completed,U3458,West,Medium,2025-04-22,1,Credit Card,item_163,1996.45
ORD103846,P1212,Toys,3029.32,1504.91,1997.09,Completed,U3444,South,Medium,2025-09-15,8,Net Banking,item_90,1775.79
ORD103848,P1647,Toys,2000.38,2661.32,4010.67,Completed,U2736,Central,High,2025-05-26,18,UPI,item_446,3140.36
ORD103852,P1097,Electronics,3674.43,2915.81,3053.16,Completed,U2010,North,Low,2024-09-11,5,Credit Card,item_264,3440.66
ORD103861,P1402,Sports,3887.69,2295.07,654.43,Completed,U2151,South,High,2025-04-02,5,COD,item_105,2708.18
ORD103870,P1028,Sports,3653.07,3992.41,6446.41,Completed,U2629,West,Medium,2024-03-08,5,Net Banking,item_91,4711.04
ORD103874,P1092,Electronics,4342.29,583.18,3983.11,Completed,U2246,West,Low,2025-08-09,20,UPI,item_396,688.15
ORD103875,P1754,Furniture,496.73,2736.21,1331.89,Completed,U3138,West,Low,2024-07-25,13,Debit Card,item_195,3228.73
ORD103891,P1131,Furniture,1738.39,1025.61,3831.33,Completed,U2688,Central,Medium,2024-03-13,18,UPI,item_352,1210.22
ORD103899,P1580,Books,457.51,1338.98,7467.87,Completed,U2573,West,Low,2024-06-25,13,Credit Card,item_208,1580.0
ORD103901,P1515,Sports,,702.38,5186.71,Completed,U2575,North,Low,2024-07-08,14,Net Banking,item_432,828.81
ORD103910,P1462,Groceries,3328.85,2754.84,871.14,Completed,U3270,Central,High,2024-10-04,18,UPI,item_471,3250.71
ORD103912,P1701,Clothing,2644.73,3918.85,5525.76,Completed,U2894,North,High,2024-06-15,12,Net Banking,item_266,4624.24
ORD103913,P1847,Toys,1524.59,3719.92,2609.15,Completed,U2925,East,High,2024-11-19,17,COD,item_1,4389.51
ORD103922,P1505,Groceries,717.27,3437.55,3889.55,Completed,U2520,West,High,2025-06-13,5,UPI,item_359,4056.31
ORD103929,P1988,Furniture,4729.28,854.83,5184.28,Completed,U2445,Central,Low,2024-11-13,8,Debit Card,item_272,1008.7
ORD103949,P1530,Groceries,4140.97,1194.21,6244.81,Completed,U2006,Central,Medium,2024-12-15,10,Debit Card,item_470,1409.17
ORD103970,P1493,Toys,689.84,370.85,952.01,Completed,U2548,South,High,2024-09-05,11,COD,item_25,437.6
ORD103976,P1614,Sports,2793.17,3268.7,204.15,Completed,U3050,South,Medium,2024-04-09,19,COD,item_255,3857.07
ORD103977,P1013,Clothing,4108.51,3513.78,2754.49,Completed,U2596,West,Low,2025-09-09,7,Debit Card,item_404,4146.26
ORD103979,P1164,Toys,,3936.77,611.31,Completed,U3267,East,High,2024-01-26,5,Net Banking,item_368,4645.39
ORD103985,P1770,Sports,4619.14,689.24,3164.06,Completed,U2394,South,High,2024-01-06,17,Net Banking,item_440,813.3
ORD103995,P1988,Toys,2472.55,1799.88,3705.92,Completed,U2772,North,High,2024-08-01,2,Net Banking,item_463,2123.86
ORD103999,P1766,Toys,4653.22,2001.72,4558.44,Completed,U2345,South,High,2024-10-12,18,Debit Card,item_281,2362.03
ORD104007,P1360,Clothing,1954.66,3654.65,139.77,Completed,U2648,East,High,2025-08-21,13,Debit Card,item_350,4312.49
ORD104008,P1805,Groceries,2928.47,2812.76,2378.68,Completed,U3367,North,High,2024-02-11,7,Net Banking,item_276,3319.06
ORD104012,P1798,Books,123.46,1771.18,2328.98,Completed,U2572,South,High,2025-08-31,11,COD,item_66,2089.99
ORD104021,P1375,Sports,1672.89,2785.43,5936.56,Completed,U2912,North,Medium,2025-08-04,3,Credit Card,item_401,3286.81
ORD104032,P1882,Furniture,442.47,563.99,657.04,Completed,U2203,North,Medium,2024-08-29,1,Debit Card,item_450,665.51
ORD104037,P1755,Groceries,872.65,1443.11,4085.89,Completed,U2956,West,Medium,2024-06-29,2,Debit Card,item_101,1702.87
ORD104044,P1521,Furniture,2158.21,2934.65,4932.15,Completed,U2612,West,Medium,2024-06-04,3,UPI,item_318,3462.89
ORD104045,P1828,Toys,601.56,2464.61,7043.14,Completed,U2983,Central,Low,2024-02-18,18,Net Banking,item_104,2908.24
ORD104050,P1096,Toys,2014.9,719.8,112.81,Completed,U2684,South,Low,2024-08-19,4,Debit Card,item_424,849.36
ORD104056,P1814,Toys,4303.46,2629.08,3904.23,Completed,U2579,East,High,2024-01-10,3,Net Banking,item_390,3102.31
ORD104061,P1023,Electronics,3617.88,409.91,3622.05,Completed,U2859,West,High,2024-10-29,19,UPI,item_47,483.69
ORD104065,P1252,Sports,1772.81,3545.83,2122.53,Completed,U2235,West,Low,2024-06-01,10,UPI,item_218,4184.08
ORD104066,P1594,Groceries,3903.91,3069.12,4728.01,Completed,U3030,South,Low,2024-10-15,14,Net Banking,item_313,3621.56
ORD104068,P1898,Sports,1700.54,1698.82,237.13,Completed,U2957,Central,Low,2025-05-04,1,Net Banking,item_296,2004.61
ORD104093,P1220,Groceries,773.41,1939.79,5696.91,Completed,U2144,East,High,2025-07-09,10,UPI,item_304,2288.95
ORD104101,P1871,Furniture,,1040.46,2944.22,Completed,U2593,North,Low,2024-09-08,13,COD,item_498,1227.74
ORD104115,P1632,Electronics,4925.16,32.76,2465.13,Completed,U2916,West,High,2025-02-07,5,Debit Card,item_224,38.66
ORD104118,P1784,Furniture,215.84,1076.71,5236.29,Completed,U2444,South,Medium,2025-06-10,13,UPI,item_9,1270.52
ORD104135,P1297,Furniture,3117.86,2793.24,3587.8,Completed,U2915,Central,Low,2024-03-27,3,Credit Card,item_217,3296.02
ORD104136,P1491,Toys,1377.54,3797.06,178.48,Completed,U3014,North,Low,2025-03-08,9,Net Banking,item_281,4480.53
ORD104143,P1457,Furniture,2370.03,3901.97,7347.4,Completed,U3212,East,Medium,2024-12-26,2,Credit Card,item_262,4604.32
ORD104155,P1812,Groceries,4522.8,242.08,7539.62,Completed,U2507,West,Low,2024-03-02,10,COD,item_214,285.65
ORD104158,P1943,Electronics,2723.61,597.43,7755.31,Completed,U3253,Central,Low,2025-04-16,7,COD,item_299,704.97
ORD104159,P1461,Electronics,4879.33,2415.99,2528.38,Completed,U2862,South,Medium,2024-09-09,19,COD,item_473,2850.87
ORD104160,P1796,Electronics,863.24,1963.23,2510.42,Completed,U3135,Central,Low,2025-04-04,10,Debit Card,item_73,2316.61
ORD104161,P1914,Clothing,224.97,1228.05,5644.48,Completed,U2078,East,Low,2024-09-15,18,UPI,item_388,1449.1
ORD104163,P1319,Furniture,4266.06,2373.07,337.48,Completed,U2604,East,Low,2025-05-03,19,UPI,item_350,2800.22
ORD104164,P1269,Clothing,,1773.28,3859.78,Completed,U3204,West,Medium,2024-12-26,15,UPI,item_250,2092.47
ORD104170,P1917,Toys,3047.38,569.93,7858.35,Completed,U2355,West,Medium,2025-05-02,6,COD,item_92,672.52
ORD104173,P1138,Toys,1828.54,3895.81,560.82,Completed,U3099,West,High,2025-04-14,4,Debit Card,item_286,4597.06
ORD104176,P1204,Books,3769.81,3823.0,941.84,Completed,U2294,Central,Medium,2025-04-27,10,UPI,item_40,4511.14
ORD104177,P1072,Toys,4511.69,3252.25,1520.52,Completed,U2700,North,Medium,2024-08-08,19,COD,item_23,3837.65
ORD104181,P1017,Clothing,4447.2,1028.2,7859.76,Completed,U3237,South,Medium,2025-04-09,4,Debit Card,item_217,1213.28
ORD104184,P1690,Clothing,1224.62,817.09,248.72,Completed,U2498,West,Medium,2024-11-20,6,Debit Card,item_331,964.17
ORD104185,P1322,Clothing,600.7,3351.6,1022.93,Completed,U2116,East,Medium,2024-03-11,9,COD,item_247,3954.89
ORD104188,P1827,Books,2490.32,2905.5,916.36,Completed,U2133,South,Low,2024-10-26,3,Net Banking,item_177,3428.49
ORD104196,P1702,Furniture,2608.31,1488.05,6560.16,Completed,U2998,North,High,2025-07-24,19,COD,item_106,1755.9
ORD104199,P1827,Sports,173.98,3560.53,7641.33,Completed,U2143,South,High,2024-09-07,14,COD,item_495,4201.43
ORD104203,P1756,Sports,319.26,3895.32,1159.77,Completed,U3465,South,Medium,2025-05-31,17,Debit Card,item_227,4596.48
ORD104208,P1843,Clothing,4301.82,1849.07,6373.9,Completed,U3464,Central,Medium,2024-07-12,1,COD,item_338,2181.9
ORD104211,P1423,Furniture,1198.61,2608.32,908.96,Completed,U2324,South,Low,2025-02-28,20,COD,item_78,3077.82
ORD104218,P1486,Toys,4391.25,2019.59,2590.41,Completed,U2789,East,Low,2025-03-01,6,Debit Card,item_70,2383.12
ORD104224,P1023,Clothing,4438.61,871.54,5079.15,Completed,U2698,East,Low,2025-09-26,1,Debit Card,item_188,1028.42
ORD104227,P1966,Sports,4439.2,2095.65,7798.79,Completed,U2383,East,Low,2024-04-15,11,COD,item_198,2472.87
ORD104231,P1686,Sports,538.62,1741.33,2620.3,Completed,U3108,East,Low,2024-12-17,1,UPI,item_445,2054.77
ORD104237,P1848,Electronics,787.58,1813.4,7171.34,Completed,U2663,West,Low,2024-02-16,6,Debit Card,item_459,2139.81
ORD104240,P1931,Electronics,1146.1,3349.92,468.03,Completed,U2807,East,High,2025-06-25,15,Net Banking,item_222,3952.91
ORD104247,P1943,Furniture,3651.95,91.18,7759.03,Completed,U2692,South,Low,2025-04-24,8,Credit Card,item_447,107.59
ORD104252,P1249,Groceries,462.9,842.36,697.01,Completed,U3209,North,Low,2025-07-24,15,Debit Card,item_263,993.98
ORD104254,P1040,Groceries,694.74,1469.64,1996.79,Completed,U2115,South,Low,2025-07-13,12,Net Banking,item_37,1734.18
ORD104255,P1172,Clothing,1378.31,1825.39,600.77,Completed,U2017,South,High,2024-02-17,16,COD,item_236,2153.96
ORD104261,P1323,Books,2333.42,3912.5,3599.81,Completed,U3488,North,Low,2025-07-19,20,Net Banking,item_248,4616.75
ORD104271,P1925,Sports,3332.32,1869.53,3269.82,Completed,U2230,West,Low,2024-08-09,14,UPI,item_327,2206.05
ORD104274,P1221,Furniture,3370.77,2882.61,2544.04,Completed,U3068,West,Low,2024-02-12,18,COD,item_434,3401.48
ORD104278,P1932,Toys,3632.33,2716.65,683.23,Completed,U3014,East,Low,2024-06-25,18,UPI,item_481,3205.65
ORD104281,P1718,Books,1067.78,2355.41,886.98,Completed,U3027,North,Medium,2024-06-27,10,Credit Card,item_299,2779.38
ORD104284,P1755,Groceries,,569.88,6446.19,Completed,U2154,South,Low,2025-05-12,7,COD,item_343,672.46
ORD104290,P1898,Groceries,3807.48,3413.26,4515.24,Completed,U3148,West,Medium,2025-03-18,20,UPI,item_20,4027.65
ORD104292,P1176,Sports,3948.01,2450.68,1100.31,Completed,U2121,West,Low,2024-02-19,19,Net Banking,item_262,2891.8
ORD104293,P1132,Groceries,4868.3,2287.36,1826.57,Completed,U2643,West,Medium,2024-08-26,2,UPI,item_426,2699.08
ORD104295,P1517,Electronics,1791.31,2440.79,807.46,Completed,U2688,North,Low,2024-02-16,8,UPI,item_408,2880.13
ORD104298,P1128,Books,1912.22,3647.87,3841.11,Completed,U2885,Central,High,2024-09-17,18,COD,item_148,4304.49
ORD104299,P1340,Clothing,4209.1,2251.62,1061.26,Completed,U3031,East,Medium,2024-03-09,14,UPI,item_123,2656.91
ORD104300,P1999,Clothing,,172.89,6405.09,Completed,U2244,West,High,2024-10-02,4,UPI,item_294,204.01
ORD104307,P1818,Electronics,3275.9,749.68,5421.55,Completed,U2498,Central,Medium,2024-01-13,20,UPI,item_499,884.62
ORD104316,P1958,Groceries,125.34,650.16,3851.43,Completed,U2199,West,Low,2025-09-03,3,Credit Card,item_112,767.19
ORD104319,P1955,Clothing,3550.85,1232.62,4760.92,Completed,U2616,Central,High,2024-09-17,9,Debit Card,item_213,1454.49
ORD104327,P1310,Sports,1500.2,169.6,5740.2,Completed,U2790,Central,High,2024-01-23,12,UPI,item_376,200.13
ORD104332,P1277,Toys,3608.69,2624.59,5676.25,Completed,U3262,West,High,2024-04-05,12,COD,item_24,3097.02
ORD104334,P1538,Clothing,4178.34,2634.46,4232.59,Completed,U2016,North,Low,2024-05-01,18,UPI,item_7,3108.66
ORD104337,P1081,Toys,387.6,2362.94,6867.28,Completed,U2727,South,Low,2024-02-28,4,COD,item_29,2788.27
ORD104338,P1437,Clothing,4252.55,3734.86,3327.28,Completed,U2998,Central,Low,2024-03-11,1,Net Banking,item_367,4407.13
ORD104339,P1723,Groceries,1215.39,1383.65,2796.96,Completed,U2205,South,High,2025-05-28,17,Credit Card,item_141,1632.71
ORD104340,P1312,Sports,4234.8,2214.17,7056.17,Completed,U2157,East,Low,2025-05-13,7,Net Banking,item_219,2612.72
ORD104343,P1050,Clothing,3146.71,2587.35,3607.29,Completed,U3351,East,Low,2025-05-17,20,Net Banking,item_460,3053.07
ORD104351,P1503,Clothing,4185.05,37.87,4235.97,Completed,U2351,North,High,2024-09-13,6,Credit Card,item_72,44.69
ORD104357,P1979,Groceries,2780.22,2137.3,6746.14,Completed,U3328,East,High,2024-07-14,19,Credit Card,item_38,2522.01
ORD104367,P1930,Electronics,87.12,109.74,2283.8,Completed,U2053,East,High,2024-12-08,3,Debit Card,item_225,129.49
ORD104368,P1979,Toys,2478.95,494.66,7113.66,Completed,U2146,North,Low,2024-05-31,12,Net Banking,item_444,583.7
ORD104382,P1632,Sports,223.33,1027.85,7943.77,Completed,U3318,West,High,2025-01-14,1,COD,item_7,1212.86
ORD104386,P1314,Furniture,1785.74,453.11,7091.77,Completed,U3073,East,High,2025-01-10,15,UPI,item_452,534.67
ORD104387,P1140,Clothing,520.49,759.95,7515.0,Completed,U2276,West,High,2024-10-06,16,Debit Card,item_5,896.74
ORD104388,P1760,Clothing,4758.56,3976.47,4506.17,Completed,U3352,West,Medium,2024-06-05,17,COD,item_116,4692.23
ORD104395,P1827,Books,4714.6,1650.92,4002.01,Completed,U2733,Central,Medium,2025-08-21,18,Debit Card,item_196,1948.09
ORD104396,P1645,Toys,815.79,3438.42,1264.7,Completed,U2677,South,Medium,2024-02-04,5,UPI,item_470,4057.34
ORD104398,P1854,Toys,,1518.7,6046.04,Completed,U3254,West,High,2025-01-20,19,COD,item_225,1792.07
ORD104413,P1622,Clothing,1299.15,824.9,6841.96,Completed,U2702,East,High,2024-08-01,13,UPI,item_474,973.38
ORD104416,P1336,Books,2196.85,2410.12,5866.64,Completed,U2974,East,High,2025-05-19,12,UPI,item_484,2843.94
ORD104427,P1098,Clothing,1537.85,81.02,4105.57,Completed,U2845,East,Medium,2024-12-12,3,COD,item_303,95.6
ORD104429,P1495,Electronics,723.28,310.59,6173.17,Completed,U2016,East,Medium,2024-10-08,18,Net Banking,item_26,366.5
ORD104437,P1452,Clothing,505.89,2945.36,7137.38,Completed,U2331,North,Low,2025-08-01,3,UPI,item_437,3475.52
ORD104438,P1819,Toys,4052.78,1574.04,3538.47,Completed,U3371,West,Medium,2025-03-27,17,Debit Card,item_35,1857.37
ORD104449,P1914,Clothing,1784.91,3492.75,5607.33,Completed,U2531,South,Low,2024-04-09,17,COD,item_306,4121.45
ORD104453,P1813,Toys,3245.31,1913.98,7308.86,Completed,U2638,West,High,2024-08-09,2,COD,item_223,2258.5
ORD104454,P1339,Toys,2238.51,449.25,3520.03,Completed,U3158,East,Medium,2025-03-01,12,Debit Card,item_327,530.12
ORD104459,P1662,Groceries,1048.23,1159.37,2844.89,Completed,U2381,Central,High,2025-09-22,10,Net Banking,item_414,1368.06
ORD104461,P1434,Furniture,2708.92,3176.68,7901.51,Completed,U3100,East,High,2024-03-27,4,UPI,item_98,3748.48
ORD104472,P1854,Clothing,4792.32,1297.75,4171.53,Completed,U3368,North,Low,2025-05-23,14,Net Banking,item_416,1531.35
ORD104477,P1982,Clothing,3399.02,3525.89,607.84,Completed,U3336,North,High,2025-01-11,16,COD,item_346,4160.55
ORD104478,P1420,Toys,4456.02,384.47,4008.71,Completed,U2172,Central,Low,2025-06-07,16,Credit Card,item_123,453.67
ORD104479,P1759,Sports,940.85,3323.09,4618.58,Completed,U2629,East,High,2024-09-29,15,COD,item_52,3921.25
ORD104493,P1624,Clothing,2666.87,2957.47,919.25,Completed,U2205,West,Low,2024-07-21,9,Net Banking,item_319,3489.81
ORD104494,P1437,Groceries,2062.72,2420.21,1477.43,Completed,U2520,West,Low,2025-02-15,4,Net Banking,item_456,2855.85
ORD104498,P1086,Electronics,4047.94,2265.33,7604.53,Completed,U2689,South,Medium,2024-06-10,13,Net Banking,item_448,2673.09
ORD104502,P1956,Electronics,91.18,683.32,7200.81,Completed,U2603,East,Low,2024-07-05,2,UPI,item_269,806.32
ORD104506,P1639,Toys,2150.02,3862.1,5977.13,Completed,U2883,Central,Low,2024-10-24,7,COD,item_174,4557.28
ORD104507,P1622,Clothing,1419.06,3647.12,865.31,Completed,U3020,Central,Low,2025-03-27,7,COD,item_254,4303.6
ORD104508,P1022,Sports,3439.99,2269.21,5738.84,Completed,U2993,East,High,2024-11-12,4,Credit Card,item_200,2677.67
ORD104521,P1231,Clothing,3035.11,3769.44,4244.09,Completed,U2539,South,High,2025-03-30,1,COD,item_270,4447.94
ORD104525,P1127,Sports,3192.67,2401.35,5486.42,Completed,U2044,Central,High,2024-01-23,17,Debit Card,item_324,2833.59
ORD104534,P1017,Groceries,,3810.47,2409.98,Completed,U2366,North,Medium,2025-02-02,11,Debit Card,item_316,4496.35
ORD104544,P1773,Furniture,4218.37,3821.61,6085.47,Completed,U2171,West,Low,2025-09-02,8,Debit Card,item_128,4509.5
ORD104550,P1478,Furniture,3886.54,2081.19,2744.14,Completed,U3041,West,Medium,2024-06-14,12,COD,item_140,2455.8
ORD104552,P1838,Furniture,2847.28,1621.75,4673.98,Completed,U3227,West,Low,2025-01-24,10,Net Banking,item_260,1913.67
ORD104573,P1249,Toys,4718.33,1330.11,3242.27,Completed,U3250,West,Low,2024-03-31,4,UPI,item_442,1569.53
ORD104583,P1335,Groceries,3182.54,1337.08,1557.33,Completed,U3124,East,High,2025-01-18,8,UPI,item_358,1577.75
ORD104585,P1928,Furniture,2549.16,3787.22,6962.1,Completed,U3496,South,Medium,2025-04-02,19,Net Banking,item_63,4468.92
ORD104586,P1204,Toys,,1880.55,1886.52,Completed,U2521,West,Low,2024-08-14,14,Net Banking,item_261,2219.05
ORD104588,P1305,Sports,4445.25,706.34,4803.8,Completed,U3037,West,Medium,2024-10-26,7,COD,item_184,833.48
ORD104592,P1232,Clothing,,380.11,1146.11,Completed,U2765,North,Medium,2025-03-16,18,UPI,item_155,448.53
ORD104596,P1507,Books,1348.76,1073.27,3614.3,Completed,U2440,West,High,2025-08-31,5,Credit Card,item_69,1266.46
ORD104598,P1949,Toys,2097.74,1001.57,6418.6,Completed,U3081,North,Low,2025-04-16,16,UPI,item_276,1181.85
ORD104601,P1614,Clothing,650.19,1263.84,836.96,Completed,U3349,North,Medium,2025-01-02,17,COD,item_262,1491.33
ORD104605,P1709,Groceries,851.89,3995.87,1375.79,Completed,U2464,North,Low,2024-06-01,14,Net Banking,item_487,4715.13
ORD104610,P1921,Groceries,2290.71,1456.23,1082.76,Completed,U2452,Central,Medium,2025-03-13,10,Net Banking,item_216,1718.35
ORD104611,P1108,Electronics,1170.08,1771.2,739.66,Completed,U2126,East,Low,2025-05-01,19,Debit Card,item_333,2090.02
ORD104616,P1325,Clothing,3861.04,100.45,2134.58,Completed,U3434,North,High,2025-07-05,10,Net Banking,item_302,118.53
ORD104620,P1533,Clothing,3811.19,630.63,1794.99,Completed,U3013,East,Medium,2025-07-12,13,Net Banking,item_132,744.14
ORD104626,P1285,Electronics,1911.01,3556.45,2945.29,Completed,U3462,South,Medium,2024-04-13,19,Net Banking,item_459,4196.61
ORD104630,P1952,Toys,1896.34,3037.35,676.33,Completed,U2879,South,Medium,2025-02-11,13,Credit Card,item_10,3584.07
ORD104632,P1532,Electronics,4011.15,2887.61,2031.24,Completed,U2364,East,Medium,2025-07-18,8,Credit Card,item_144,3407.38
ORD104633,P1798,Groceries,3220.18,2455.42,3283.32,Completed,U2916,East,Low,2025-05-10,14,Credit Card,item_463,2897.4
ORD104634,P1445,Groceries,4023.65,2342.83,302.92,Completed,U2568,Central,High,2024-08-06,3,Credit Card,item_53,2764.54
ORD104638,P1759,Sports,4613.69,2863.98,7179.25,Completed,U2858,South,Low,2025-01-09,15,UPI,item_110,3379.5
ORD104641,P1747,Sports,3369.98,1242.64,3540.49,Completed,U2231,North,Low,2024-06-23,17,COD,item_447,1466.32
ORD104655,P1005,Clothing,3976.41,497.86,977.78,Completed,U2222,Central,Low,2024-07-30,6,UPI,item_69,587.47
ORD104662,P1598,Furniture,2990.91,2980.24,5424.32,Completed,U2384,Central,High,2024-02-16,19,Debit Card,item_141,3516.68
ORD104664,P1888,Books,191.64,3812.29,1820.88,Completed,U3205,North,High,2024-09-23,2,Net Banking,item_443,4498.5
ORD104669,P1608,Toys,,3383.27,3164.44,Completed,U2080,South,Low,2024-01-13,6,Net Banking,item_496,3992.26
ORD104673,P1352,Furniture,590.58,1842.6,5348.9,Completed,U2867,East,High,2025-08-17,6,UPI,item_173,2174.27
ORD104677,P1910,Groceries,3066.57,3501.83,4936.56,Completed,U2370,East,Medium,2024-10-16,15,Credit Card,item_168,4132.16
ORD104679,P1648,Electronics,849.82,2142.88,2503.06,Completed,U3272,Central,Low,2025-07-27,2,Net Banking,item_40,2528.6
ORD104684,P1058,Furniture,1686.56,3554.67,7705.59,Completed,U2467,Central,Medium,2024-07-26,14,Credit Card,item_255,4194.51
ORD104689,P1214,Electronics,2455.44,3507.72,767.97,Completed,U2499,East,Low,2024-10-16,20,UPI,item_461,4139.11
ORD104692,P1479,Clothing,1964.07,1385.34,1635.62,Completed,U2700,West,Low,2025-07-29,18,Debit Card,item_138,1634.7
ORD104695,P1171,Books,4539.45,2821.17,3735.83,Completed,U2376,East,Medium,2025-09-03,12,Credit Card,item_40,3328.98
ORD104698,P1739,Sports,1628.35,208.71,1808.21,Completed,U2902,West,Medium,2024-07-03,17,UPI,item_376,246.28
ORD104700,P1996,Toys,2312.68,1409.71,1280.24,Completed,U2291,Central,Low,2025-04-10,15,UPI,item_275,1663.46
ORD104703,P1543,Clothing,2157.42,3373.49,6051.53,Completed,U3027,South,Low,2024-09-08,12,COD,item_65,3980.72
ORD104704,P1378,Furniture,2333.41,465.08,1314.57,Completed,U2647,Central,High,2024-03-20,18,COD,item_453,548.79
ORD104708,P1850,Groceries,1066.32,443.87,5927.3,Completed,U2017,North,Low,2025-01-01,4,UPI,item_359,523.77
ORD104710,P1443,Furniture,2214.75,3905.45,3965.88,Completed,U2116,North,High,2024-12-09,1,UPI,item_86,4608.43
ORD104713,P1352,Electronics,2615.37,2258.01,1129.63,Completed,U3443,Central,Low,2024-11-14,1,UPI,item_340,2664.45
ORD104715,P1574,Electronics,702.3,3390.15,7122.24,Completed,U3076,East,High,2025-02-09,7,COD,item_66,4000.38
ORD104722,P1986,Groceries,1001.1,3439.83,3605.63,Completed,U3086,East,High,2024-03-12,1,COD,item_57,4059.0
ORD104725,P1816,Toys,2609.87,687.03,2043.66,Completed,U3255,North,Low,2024-04-01,13,UPI,item_210,810.7
ORD104729,P1050,Sports,4657.2,1323.52,4869.12,Completed,U2028,West,Low,2025-09-20,11,COD,item_233,1561.75
ORD104733,P1938,Clothing,631.85,3315.69,1350.38,Completed,U2619,West,Medium,2024-06-10,16,COD,item_335,3912.51
ORD104735,P1452,Groceries,1256.79,3446.46,184.73,Completed,U2699,West,High,2025-01-19,7,COD,item_373,4066.82
ORD104741,P1088,Sports,2947.32,1677.45,3775.79,Completed,U2075,Central,High,2024-12-28,19,UPI,item_222,1979.39
ORD104744,P1071,Books,,2213.31,2339.49,Completed,U2936,North,Low,2025-05-21,14,Debit Card,item_111,2611.71
ORD104746,P1903,Toys,317.45,672.67,529.49,Completed,U2972,West,Medium,2024-04-30,20,Credit Card,item_107,793.75
ORD104747,P1288,Sports,4024.74,3187.17,4613.54,Completed,U2453,West,High,2024-06-30,17,Net Banking,item_201,3760.86
ORD104749,P1437,Clothing,1689.49,2655.75,525.66,Completed,U2635,South,High,2025-08-06,12,UPI,item_364,3133.79
ORD104751,P1998,Furniture,3046.12,461.25,5494.63,Completed,U2872,North,High,2024-04-07,4,COD,item_243,544.28
ORD104753,P1542,Sports,3290.68,2481.72,6302.11,Completed,U2053,Central,Medium,2024-04-20,5,Debit Card,item_110,2928.43
ORD104756,P1808,Books,1732.93,3581.16,4238.5,Completed,U2599,Central,Low,2024-09-23,12,UPI,item_266,4225.77
ORD104773,P1463,Clothing,2737.08,1214.52,3233.51,Completed,U3087,South,Low,2024-05-27,10,COD,item_374,1433.13
ORD104779,P1138,Electronics,966.73,308.4,6538.71,Completed,U2076,South,Low,2024-09-30,20,UPI,item_132,363.91
ORD104780,P1982,Electronics,841.61,654.2,7656.27,Completed,U2456,Central,Medium,2024-08-18,3,Credit Card,item_475,771.96
ORD104783,P1094,Furniture,697.26,220.37,1732.69,Completed,U2170,East,Medium,2024-11-10,9,Credit Card,item_230,260.04
ORD104784,P1959,Furniture,4511.4,1580.63,7755.01,Completed,U2560,South,Low,2024-03-13,5,UPI,item_186,1865.14
ORD104785,P1465,Electronics,2411.24,1287.06,5601.73,Completed,U2417,West,Medium,2024-05-03,9,Credit Card,item_319,1518.73
ORD104803,P1797,Toys,1312.89,1944.25,1373.4,Completed,U3221,East,High,2024-10-08,2,COD,item_160,2294.21
ORD104804,P1784,Toys,2107.6,1463.68,7502.28,Completed,U2443,South,Low,2024-01-12,9,Credit Card,item_447,1727.14
ORD104807,P1892,Books,4503.21,781.97,3835.28,Completed,U2088,South,High,2025-03-20,3,Debit Card,item_212,922.72
ORD104809,P1171,Groceries,698.92,3409.24,4280.53,Completed,U3240,Central,Medium,2024-09-17,16,Credit Card,item_383,4022.9
ORD104811,P1799,Clothing,1372.87,1377.28,7190.13,Completed,U2191,Central,Medium,2025-01-05,11,Net Banking,item_173,1625.19
ORD104814,P1596,Clothing,4496.17,2747.75,3657.46,Completed,U3322,North,Low,2025-01-09,16,Net Banking,item_268,3242.35
ORD104820,P1247,Toys,4438.85,1176.02,6410.25,Completed,U3245,Central,Medium,2024-01-28,11,Net Banking,item_250,1387.7
ORD104821,P1114,Groceries,879.87,3303.61,5852.12,Completed,U3439,East,Low,2025-03-27,1,Debit Card,item_146,3898.26
ORD104847,P1753,Sports,4962.85,1988.25,3459.92,Completed,U2389,Central,Low,2025-01-13,5,Net Banking,item_59,2346.13
ORD104854,P1916,Groceries,2927.08,781.79,3166.78,Completed,U2066,South,Low,2024-01-20,19,COD,item_436,922.51
ORD104856,P1138,Electronics,1135.45,1443.26,591.55,Completed,U3242,West,Low,2025-02-18,5,COD,item_415,1703.05
ORD104857,P1459,Sports,56.77,1356.41,4461.9,Completed,U2163,South,Medium,2024-07-04,16,COD,item_309,1600.56
ORD104870,P1895,Electronics,4982.89,2811.07,3294.88,Completed,U2190,North,Low,2025-01-01,14,COD,item_247,3317.06
ORD104872,P1201,Groceries,798.84,965.77,3917.96,Completed,U2747,West,Low,2024-11-27,10,UPI,item_122,1139.61
ORD104876,P1250,Electronics,2896.35,2422.03,2776.77,Completed,U3229,East,Medium,2024-12-20,8,UPI,item_358,2858.0
ORD104877,P1564,Sports,1239.01,3973.93,6341.46,Completed,U3074,East,Low,2025-07-03,5,Debit Card,item_247,4689.24
ORD104884,P1800,Electronics,534.66,832.31,2454.51,Completed,U2578,West,High,2024-02-08,6,UPI,item_121,982.13
ORD104890,P1643,Electronics,4180.86,662.03,7331.43,Completed,U2467,East,Medium,2024-08-10,17,COD,item_264,781.2
ORD104899,P1424,Clothing,3790.03,2085.44,4653.93,Completed,U3250,East,Medium,2024-04-01,16,UPI,item_160,2460.82
ORD104901,P1923,Furniture,4127.74,1947.11,7088.8,Completed,U2459,North,Low,2024-01-26,2,Debit Card,item_172,2297.59
ORD104906,P1098,Clothing,3902.13,1054.1,3322.11,Completed,U3219,East,Low,2025-01-29,16,Credit Card,item_499,1243.84
ORD104909,P1141,Toys,3697.38,1239.66,3254.55,Completed,U3337,North,Low,2024-10-28,14,COD,item_423,1462.8
ORD104912,P1819,Books,1353.01,3719.92,4422.67,Completed,U2720,West,Low,2024-03-21,5,Net Banking,item_442,4389.51
ORD104914,P1591,Furniture,1584.73,1084.32,7414.6,Completed,U3225,North,Medium,2025-08-18,8,Credit Card,item_122,1279.5
ORD104920,P1240,Furniture,4989.36,1365.33,6041.69,Completed,U3406,Central,Low,2025-06-30,20,Net Banking,item_44,1611.09
ORD104922,P1351,Clothing,1419.1,1732.52,7387.42,Completed,U3459,West,Low,2024-02-08,4,Net Banking,item_90,2044.37
ORD104934,P1631,Furniture,1470.06,1286.76,1175.55,Completed,U3257,North,Low,2025-01-22,7,Debit Card,item_449,1518.38
ORD104938,P1656,Sports,2131.19,2619.75,1911.85,Completed,U2501,Central,High,2024-01-26,19,Debit Card,item_165,3091.31
ORD104941,P1097,Groceries,2868.03,1454.45,3687.37,Completed,U3407,Central,Medium,2025-05-28,4,COD,item_281,1716.25
ORD104942,P1204,Toys,747.11,1822.86,6337.53,Completed,U3456,West,Medium,2024-11-22,7,Debit Card,item_422,2150.97
ORD104943,P1071,Books,695.16,268.39,943.33,Completed,U2150,South,Low,2024-01-28,8,COD,item_200,316.7
ORD104952,P1669,Sports,2361.46,3089.83,2980.03,Completed,U2133,East,High,2025-03-25,13,Credit Card,item_377,3646.0
ORD104955,P1445,Furniture,4201.66,274.95,5421.57,Completed,U2764,East,Medium,2024-06-27,18,UPI,item_465,324.44
ORD104959,P1581,Sports,1501.7,2476.3,1273.89,Completed,U3490,Central,Low,2024-10-25,14,Debit Card,item_54,2922.03
ORD104964,P1788,Sports,3231.94,3449.89,5432.77,Completed,U3312,North,Low,2024-10-08,16,UPI,item_362,4070.87
ORD104973,P1239,Groceries,1896.34,1397.84,2393.26,Completed,U3065,East,Medium,2025-09-26,5,UPI,item_277,1649.45
ORD104990,P1158,Groceries,2998.58,3660.07,2609.75,Completed,U2821,Central,High,2025-02-17,7,UPI,item_366,4318.88
ORD104992,P1307,Toys,161.63,3439.49,833.47,Completed,U2848,North,High,2025-01-14,13,Credit Card,item_410,4058.6
ORD104997,P1805,Books,4528.41,2525.69,3152.62,Completed,U3234,West,Low,2025-02-12,2,Credit Card,item_301,2980.31
ORD104998,P1289,Clothing,4827.33,3068.01,7580.78,Completed,U3418,South,Low,2024-09-01,6,Debit Card,item_395,3620.25
ORD104999,P1212,Books,2763.21,305.73,3689.03,Completed,U2824,West,Medium,2024-01-16,5,Credit Card,item_463,360.76
ORD105002,P1867,Books,3257.72,2150.6,7481.37,Completed,U2810,East,High,2024-05-21,13,Debit Card,item_93,2537.71
ORD105010,P1131,Groceries,4765.67,3280.85,2473.17,Completed,U2289,East,Low,2025-04-19,20,COD,item_303,3871.4
ORD105011,P1731,Groceries,766.32,3661.73,2432.36,Completed,U2271,West,Low,2025-02-09,5,COD,item_76,4320.84
ORD105021,P1640,Books,3333.87,3502.71,6801.92,Completed,U2266,North,Medium,2024-11-27,8,Net Banking,item_383,4133.2
ORD105025,P1926,Clothing,4787.1,1089.75,7138.55,Completed,U2668,North,Medium,2024-12-31,10,COD,item_380,1285.91
ORD105027,P1707,Books,2461.29,365.46,3771.18,Completed,U2712,North,Medium,2024-07-31,5,Debit Card,item_104,431.24
ORD105033,P1626,Furniture,965.31,1708.67,1829.46,Completed,U3471,East,High,2024-10-14,8,Net Banking,item_463,2016.23
ORD105045,P1594,Clothing,2497.16,445.03,4861.95,Completed,U3186,South,High,2025-08-19,3,Credit Card,item_433,525.14
ORD105047,P1626,Toys,1341.6,79.87,3388.28,Completed,U2953,South,High,2024-06-30,14,Debit Card,item_306,94.25
ORD105049,P1240,Clothing,3177.43,2393.53,7583.92,Completed,U2335,West,Medium,2024-09-18,4,Credit Card,item_275,2824.37
ORD105055,P1402,Books,1174.64,2323.71,3724.99,Completed,U2048,North,Low,2024-09-24,18,Credit Card,item_77,2741.98
ORD105063,P1756,Electronics,513.36,231.81,4161.61,Completed,U3291,East,Medium,2025-05-11,7,Credit Card,item_5,273.54
ORD105068,P1096,Electronics,3925.28,3225.32,1724.08,Completed,U2317,East,High,2024-04-06,8,Credit Card,item_382,3805.88
ORD105073,P1204,Furniture,3762.8,3308.86,2041.9,Completed,U2666,West,High,2025-04-28,13,COD,item_266,3904.45
ORD105076,P1381,Clothing,4326.33,3963.15,3492.89,Completed,U2045,South,High,2024-06-02,10,Debit Card,item_476,4676.52
ORD105081,P1801,Toys,2243.94,2539.84,5597.85,Completed,U2514,Central,Medium,2025-04-19,7,COD,item_376,2997.01
ORD105097,P1232,Clothing,3511.08,1739.94,5091.29,Completed,U2625,East,Low,2025-06-15,15,UPI,item_380,2053.13
ORD105103,P1840,Toys,4342.66,3969.59,4972.47,Completed,U2943,West,Medium,2024-03-21,5,Credit Card,item_146,4684.12
ORD105104,P1766,Furniture,3540.27,3964.95,4233.59,Completed,U2407,North,High,2024-05-01,3,Net Banking,item_90,4678.64
ORD105119,P1032,Sports,3209.88,1667.75,5576.09,Completed,U2804,North,Medium,2025-06-04,16,UPI,item_499,1967.95
ORD105122,P1920,Furniture,1780.69,1720.06,7309.97,Completed,U2244,North,Low,2024-12-07,20,Credit Card,item_183,2029.67
ORD105124,P1463,Electronics,,3588.66,5156.15,Completed,U2945,South,Medium,2024-01-01,9,COD,item_206,4234.62
ORD105136,P1965,Clothing,2856.11,363.56,6919.21,Completed,U3050,Central,High,2024-11-27,11,Net Banking,item_316,429.0
ORD105151,P1144,Electronics,84.62,2884.64,6363.28,Completed,U2709,North,Medium,2024-05-23,16,COD,item_348,3403.88
ORD105155,P1257,Toys,175.36,3285.21,2218.62,Completed,U3007,East,High,2024-06-19,4,Credit Card,item_284,3876.55
ORD105160,P1709,Furniture,2409.2,1276.1,5992.57,Completed,U2080,Central,High,2024-07-11,13,COD,item_170,1505.8
ORD105162,P1692,Furniture,2236.46,3760.4,717.61,Completed,U2519,East,High,2025-05-31,5,COD,item_265,4437.27
ORD105173,P1222,Groceries,2941.0,3898.51,3832.23,Completed,U2671,West,Low,2024-04-29,18,Credit Card,item_272,4600.24
ORD105179,P1191,Groceries,763.51,3293.3,2180.17,Completed,U3485,North,High,2024-03-14,17,Credit Card,item_337,3886.09
ORD105192,P1070,Clothing,4946.28,1611.79,2608.97,Completed,U2132,North,Low,2024-10-07,18,Net Banking,item_450,1901.91
ORD105197,P1975,Toys,210.96,781.41,4914.07,Completed,U2387,South,Low,2024-09-21,3,Debit Card,item_426,922.06
ORD105210,P1618,Electronics,1483.04,3558.19,4143.65,Completed,U2964,West,Medium,2024-06-14,18,Debit Card,item_116,4198.66
ORD105212,P1505,Toys,1747.68,2530.7,284.21,Completed,U3387,Central,Low,2024-11-29,1,Debit Card,item_229,2986.23
ORD105219,P1839,Electronics,1039.67,811.82,7906.79,Completed,U2809,West,High,2025-01-26,17,COD,item_423,957.95
ORD105225,P1258,Books,702.47,3906.65,1733.07,Completed,U3498,Central,High,2025-01-15,18,Credit Card,item_145,4609.85
ORD105229,P1306,Toys,4548.1,2871.01,5757.45,Completed,U2491,South,Medium,2025-08-24,19,UPI,item_409,3387.79
ORD105236,P1602,Clothing,4635.2,1169.73,3418.4,Completed,U2202,Central,High,2024-08-31,19,Debit Card,item_350,1380.28
ORD105237,P1352,Sports,76.64,3439.52,7811.8,Completed,U2692,West,High,2025-09-04,5,Debit Card,item_267,4058.63
ORD105238,P1558,Groceries,2903.68,3035.52,3895.47,Completed,U3014,East,Medium,2025-06-23,7,Credit Card,item_16,3581.91
ORD105251,P1325,Toys,3731.45,21.34,897.72,Completed,U2546,North,High,2024-06-28,9,COD,item_364,25.18
ORD105253,P1189,Clothing,1738.09,358.22,5404.03,Completed,U2853,East,Medium,2024-02-01,16,COD,item_436,422.7
ORD105256,P1702,Books,4849.75,1236.52,2384.54,Completed,U2105,South,Medium,2024-11-18,14,Credit Card,item_455,1459.09
ORD105261,P1749,Sports,248.63,877.73,3603.46,Completed,U3215,South,Low,2024-11-01,3,Debit Card,item_41,1035.72
ORD105265,P1667,Furniture,3309.67,3603.13,6521.63,Completed,U2675,West,Medium,2024-11-14,18,COD,item_296,4251.69
ORD105284,P1380,Groceries,2116.63,2347.69,5835.47,Completed,U2355,West,Low,2025-09-26,16,Debit Card,item_297,2770.27
ORD105285,P1822,Electronics,4325.36,163.36,6354.81,Completed,U2937,Central,Medium,2025-05-27,20,Credit Card,item_13,192.76
ORD105296,P1704,Clothing,2307.33,813.18,2529.82,Completed,U2837,West,High,2025-09-06,7,COD,item_243,959.55
ORD105309,P1648,Furniture,196.8,3589.3,2664.99,Completed,U3428,West,High,2025-03-21,20,UPI,item_423,4235.37
ORD105312,P1748,Clothing,1279.42,1556.44,6083.75,Completed,U2417,South,Medium,2025-04-23,17,Credit Card,item_332,1836.6
ORD105315,P1655,Groceries,1146.19,2669.9,7130.48,Completed,U2277,East,Medium,2025-07-18,19,COD,item_87,3150.48
ORD105326,P1530,Electronics,,1344.79,4836.32,Completed,U2392,East,High,2024-10-27,15,COD,item_430,1586.85
ORD105330,P1880,Clothing,4443.46,2579.8,7765.73,Completed,U3249,East,Low,2024-11-03,7,UPI,item_141,3044.16
ORD105338,P1258,Toys,4159.54,2909.99,1716.19,Completed,U2696,East,Low,2025-05-26,7,COD,item_348,3433.79
ORD105340,P1832,Groceries,188.94,2347.78,2911.38,Completed,U2125,West,Low,2024-11-13,4,Debit Card,item_202,2770.38
ORD105343,P1531,Groceries,4819.26,1667.9,2167.24,Completed,U2902,Central,High,2024-03-01,13,Debit Card,item_487,1968.12
ORD105345,P1539,Sports,1931.22,940.66,4439.09,Completed,U2776,East,High,2024-11-25,7,Debit Card,item_344,1109.98
ORD105347,P1198,Furniture,1736.02,2332.11,7372.31,Completed,U2204,North,High,2024-06-17,8,Debit Card,item_102,2751.89
ORD105348,P1837,Books,1652.91,2694.1,793.87,Completed,U3233,West,Medium,2024-01-15,6,COD,item_354,3179.04
ORD105349,P1562,Clothing,4491.02,818.44,1446.2,Completed,U2478,North,High,2024-02-26,7,Credit Card,item_406,965.76
ORD105350,P1316,Clothing,2714.47,1395.69,6861.41,Completed,U2049,South,Low,2025-01-23,1,Net Banking,item_140,1646.91
ORD105351,P1195,Furniture,234.31,271.62,2699.67,Completed,U2148,West,High,2024-06-30,4,UPI,item_289,320.51
ORD105352,P1583,Sports,2459.39,2895.52,6151.27,Completed,U2275,East,Low,2025-08-30,16,UPI,item_123,3416.71
ORD105357,P1683,Groceries,1772.86,323.69,2547.41,Completed,U2356,North,High,2024-02-28,17,Credit Card,item_333,381.95
ORD105363,P1078,Clothing,4913.0,497.63,6091.23,Completed,U3320,North,High,2025-06-26,15,Debit Card,item_317,587.2
ORD105364,P1825,Electronics,681.38,3216.37,1605.99,Completed,U2061,North,Medium,2025-04-02,18,Net Banking,item_153,3795.32
ORD105365,P1811,Clothing,4369.87,1031.46,6220.5,Completed,U2425,South,High,2024-09-19,7,Credit Card,item_55,1217.12
ORD105369,P1328,Sports,1779.88,3357.31,4192.55,Completed,U3431,East,Low,2025-03-09,5,Net Banking,item_498,3961.63
ORD105376,P1352,Sports,467.92,3415.96,3861.44,Completed,U3104,South,High,2025-04-29,15,COD,item_168,4030.83
ORD105383,P1701,Furniture,2310.42,2472.08,5274.15,Completed,U2224,North,Low,2025-06-16,16,COD,item_431,2917.05
ORD105385,P1654,Furniture,2705.15,3455.42,1918.49,Completed,U3494,Central,Low,2024-08-01,18,COD,item_198,4077.4
ORD105391,P1573,Sports,2173.74,1856.71,3470.63,Completed,U2774,West,Medium,2024-06-27,13,Debit Card,item_303,2190.92
ORD105403,P1137,Clothing,1980.45,1698.56,2981.85,Completed,U2264,North,High,2024-08-02,9,Credit Card,item_82,2004.3
ORD105411,P1377,Electronics,1939.89,1422.12,3936.41,Completed,U2831,South,Medium,2025-06-11,16,COD,item_100,1678.1
ORD105415,P1139,Sports,2073.8,2117.07,4043.9,Completed,U3097,South,Low,2024-05-19,12,Debit Card,item_130,2498.14
ORD105436,P1951,Electronics,1851.66,3963.22,5826.16,Completed,U2060,North,High,2024-09-17,9,Credit Card,item_29,4676.6
ORD105441,P1822,Toys,,468.36,5138.41,Completed,U2596,West,Medium,2025-01-21,18,COD,item_487,552.66
ORD105442,P1389,Groceries,2971.01,869.79,7690.77,Completed,U2748,South,Low,2024-08-27,15,COD,item_471,1026.35
ORD105446,P1824,Electronics,4576.55,2013.51,1419.77,Completed,U3139,East,Low,2024-12-18,7,Credit Card,item_127,2375.94
ORD105450,P1866,Sports,1418.79,365.93,3817.99,Completed,U2264,North,Medium,2024-12-18,1,UPI,item_232,431.8
ORD105455,P1863,Electronics,1562.79,3355.68,3784.45,Completed,U2794,East,High,2025-03-22,11,Credit Card,item_461,3959.7
ORD105458,P1601,Electronics,453.82,3240.8,2245.83,Completed,U2229,East,High,2024-06-29,5,Credit Card,item_461,3824.14
ORD105467,P1931,Sports,1846.15,523.66,2057.4,Completed,U2418,East,High,2024-06-20,11,Net Banking,item_152,617.92
ORD105469,P1897,Books,2328.21,2494.87,6054.45,Completed,U3417,North,High,2025-06-17,12,COD,item_36,2943.95
ORD105477,P1129,Toys,1679.64,3984.42,3289.97,Completed,U3305,East,Medium,2025-09-14,3,COD,item_88,4701.62
ORD105481,P1660,Furniture,2647.2,258.31,4531.37,Completed,U3436,South,High,2025-04-21,17,Credit Card,item_350,304.81
ORD105494,P1987,Sports,652.46,610.12,4748.96,Completed,U2461,Central,Low,2024-05-18,15,Net Banking,item_347,719.94
ORD105505,P1042,Toys,4796.04,2466.85,2006.07,Completed,U2676,East,Medium,2025-08-06,7,Credit Card,item_35,2910.88
ORD105506,P1141,Clothing,3413.35,2027.24,675.42,Completed,U2894,South,Medium,2024-02-21,11,Net Banking,item_89,2392.14
ORD105520,P1626,Groceries,2544.37,934.3,3328.67,Completed,U2435,Central,Low,2025-03-23,18,Net Banking,item_61,1102.47
ORD105526,P1368,Books,1036.49,2999.17,468.21,Completed,U2885,South,High,2025-02-16,6,COD,item_64,3539.02
ORD105528,P1514,Toys,,1818.35,2670.8,Completed,U3480,North,Medium,2025-06-08,7,UPI,item_204,2145.65
ORD105539,P1599,Sports,1550.16,1975.53,5041.29,Completed,U3099,East,High,2024-09-23,6,Credit Card,item_22,2331.13
ORD105540,P1031,Toys,4525.5,799.62,6286.56,Completed,U3220,North,Low,2025-07-10,20,Debit Card,item_242,943.55
ORD105543,P1607,Groceries,2991.49,523.69,143.34,Completed,U3373,Central,High,2024-01-22,7,Credit Card,item_394,617.95
ORD105544,P1204,Books,554.91,2302.28,2784.79,Completed,U3394,West,Low,2024-04-02,1,UPI,item_240,2716.69
ORD105551,P1583,Toys,703.32,3806.82,1292.17,Completed,U3428,Central,High,2025-01-09,3,Debit Card,item_43,4492.05
ORD105552,P1869,Electronics,3707.66,3849.43,3499.54,Completed,U3158,East,Low,2024-08-13,14,Net Banking,item_184,4542.33
ORD105560,P1889,Groceries,796.97,3466.21,3601.49,Completed,U2593,East,High,2024-08-01,11,UPI,item_234,4090.13
ORD105569,P1839,Furniture,4783.02,3274.12,2458.08,Completed,U3412,South,Medium,2024-07-29,1,Credit Card,item_294,3863.46
ORD105570,P1338,Electronics,1327.13,536.41,2014.57,Completed,U2002,West,Low,2024-02-18,3,Net Banking,item_120,632.96
ORD105587,P1483,Furniture,3058.69,403.35,7685.62,Completed,U2246,Central,Low,2024-01-31,20,Net Banking,item_405,475.95
ORD105597,P1294,Electronics,463.4,486.73,947.79,Completed,U2778,West,Medium,2024-02-14,20,UPI,item_493,574.34
ORD105599,P1013,Groceries,2499.76,2908.04,4590.75,Completed,U3227,Central,Low,2024-08-19,13,Credit Card,item_421,3431.49
ORD105604,P1990,Sports,3120.6,2854.27,2994.33,Completed,U2372,Central,High,2025-05-07,7,COD,item_243,3368.04
ORD105606,P1958,Sports,4554.83,3554.44,3663.4,Completed,U3210,South,Medium,2024-06-04,8,Debit Card,item_469,4194.24
ORD105610,P1742,Books,3707.42,2440.06,6139.64,Completed,U3053,Central,Low,2024-07-30,17,Credit Card,item_33,2879.27
ORD105611,P1094,Electronics,168.87,1908.65,2203.43,Completed,U2230,South,High,2025-02-01,1,UPI,item_379,2252.21
ORD105612,P1355,Books,4827.91,3265.14,4815.56,Completed,U3036,East,Low,2024-01-23,13,Net Banking,item_133,3852.87
ORD105613,P1806,Furniture,802.18,3582.68,968.99,Completed,U2371,North,Low,2025-03-11,5,Credit Card,item_85,4227.56
ORD105614,P1083,Clothing,3730.68,3843.02,716.74,Completed,U3033,North,High,2025-09-10,20,COD,item_229,4534.76
ORD105619,P1767,Toys,1045.27,2726.63,3708.52,Completed,U2585,South,Medium,2024-06-28,3,COD,item_7,3217.42
ORD105620,P1040,Groceries,1192.64,2148.89,4061.73,Completed,U2315,East,Low,2024-06-06,19,Debit Card,item_498,2535.69
ORD105626,P1611,Clothing,3970.4,1802.34,6817.38,Completed,U2033,South,High,2024-02-17,3,Debit Card,item_92,2126.76
ORD105640,P1075,Toys,1146.77,254.5,1779.35,Completed,U2284,West,Medium,2024-07-04,18,Credit Card,item_303,300.31
ORD105650,P1478,Electronics,2964.11,2626.96,6385.84,Completed,U2495,West,Low,2024-05-04,17,COD,item_154,3099.81
ORD105655,P1248,Clothing,1513.4,3137.88,5999.31,Completed,U2898,West,High,2024-12-04,15,Net Banking,item_295,3702.7
ORD105661,P1712,Books,4189.79,2674.53,4807.75,Completed,U2218,North,Medium,2024-05-24,19,UPI,item_199,3155.95
ORD105683,P1644,Books,1710.59,2194.82,3967.71,Completed,U2279,East,Medium,2024-03-25,2,COD,item_345,2589.89
ORD105685,P1358,Toys,4126.14,3135.47,5172.95,Completed,U3289,Central,Medium,2024-09-28,1,UPI,item_24,3699.85
ORD105690,P1375,Clothing,2737.49,3374.6,5944.34,Completed,U2586,North,Low,2024-08-22,1,COD,item_207,3982.03
ORD105693,P1972,Groceries,2539.01,917.01,3723.38,Completed,U3212,North,High,2024-03-22,8,Debit Card,item_250,1082.07
ORD105702,P1266,Groceries,3013.02,199.6,566.38,Completed,U2272,East,Medium,2025-07-09,3,UPI,item_247,235.53
ORD105706,P1894,Books,434.33,268.75,4482.27,Completed,U3110,East,Medium,2024-10-14,16,Credit Card,item_202,317.13
ORD105714,P1885,Furniture,3049.45,1473.49,2153.07,Completed,U3391,East,High,2024-01-31,7,COD,item_173,1738.72
ORD105718,P1554,Toys,3455.91,1743.08,4000.24,Completed,U2615,West,High,2024-01-25,20,COD,item_327,2056.83
ORD105722,P1705,Electronics,105.47,2925.51,3665.01,Completed,U2849,South,High,2024-01-07,19,Net Banking,item_286,3452.1
ORD105726,P1574,Books,1239.29,2532.76,2271.41,Completed,U2234,North,High,2025-08-25,1,Net Banking,item_215,2988.66
ORD105727,P1052,Groceries,4395.75,3903.12,6629.92,Completed,U3304,Central,Low,2024-02-06,19,Credit Card,item_232,4605.68
ORD105730,P1307,Electronics,1590.7,127.99,7371.77,Completed,U3180,South,Low,2024-08-22,1,UPI,item_262,151.03
ORD105731,P1856,Books,3141.51,1759.42,6155.4,Completed,U2391,South,Low,2024-12-19,12,UPI,item_221,2076.12
ORD105733,P1529,Clothing,2766.7,2768.43,2569.36,Completed,U2751,South,Medium,2025-06-21,15,Credit Card,item_152,3266.75
ORD105734,P1957,Books,3932.15,1352.95,2998.79,Completed,U2738,South,High,2025-01-18,11,Credit Card,item_488,1596.48
ORD105745,P1878,Groceries,274.18,2742.77,3646.62,Completed,U2842,North,Low,2024-05-25,1,Debit Card,item_335,3236.47
ORD105746,P1602,Groceries,3501.65,3379.05,457.77,Completed,U2895,West,High,2025-03-26,4,Credit Card,item_368,3987.28
ORD105753,P1207,Groceries,1691.59,2923.74,302.87,Completed,U2883,South,Medium,2025-01-22,1,UPI,item_424,3450.01
ORD105754,P1592,Toys,4241.6,3515.92,5309.19,Completed,U3147,North,High,2024-01-19,2,UPI,item_429,4148.79
ORD105756,P1310,Clothing,,1964.64,5451.28,Completed,U2061,Central,Medium,2024-04-28,19,COD,item_332,2318.28
ORD105766,P1544,Electronics,238.1,365.6,3093.16,Completed,U3135,North,Medium,2024-11-29,19,Credit Card,item_456,431.41
ORD105768,P1516,Books,4610.01,287.82,3129.8,Completed,U3204,Central,Low,2025-02-22,15,Net Banking,item_235,339.63
ORD105777,P1271,Toys,4137.56,3893.1,2474.27,Completed,U3382,East,Medium,2024-03-27,15,Debit Card,item_120,4593.86
ORD105782,P1201,Clothing,4558.63,698.31,6690.63,Completed,U2311,South,Medium,2025-05-30,9,Credit Card,item_394,824.01
ORD105784,P1678,Electronics,2595.21,741.76,5109.98,Completed,U3144,South,Low,2025-06-10,18,COD,item_354,875.28
ORD105786,P1877,Furniture,3575.92,2447.05,4771.5,Completed,U2934,North,Low,2025-06-02,20,Net Banking,item_84,2887.52
ORD105804,P1758,Books,2783.26,1818.34,160.15,Completed,U2606,Central,Medium,2024-05-25,6,UPI,item_481,2145.64
ORD105819,P1267,Toys,2940.11,749.31,7655.0,Completed,U2839,North,Medium,2024-04-07,17,Credit Card,item_148,884.19
ORD105828,P1393,Groceries,,3134.91,535.03,Completed,U2333,East,High,2025-03-31,4,UPI,item_430,3699.19
ORD105833,P1301,Electronics,,883.26,1462.24,Completed,U3409,West,High,2024-04-14,9,Credit Card,item_357,1042.25
ORD105839,P1175,Toys,4922.05,974.59,5651.23,Completed,U3045,West,Low,2025-02-15,15,Debit Card,item_482,1150.02
ORD105866,P1140,Books,408.75,1758.27,3456.86,Completed,U3163,East,Low,2024-11-11,19,Credit Card,item_162,2074.76
ORD105868,P1256,Sports,122.56,2200.39,7494.13,Completed,U3220,West,Medium,2025-05-09,3,Net Banking,item_115,2596.46
ORD105877,P1277,Electronics,2861.55,3182.18,7216.7,Completed,U2108,South,Medium,2024-01-16,5,UPI,item_345,3754.97
ORD105879,P1615,Electronics,4480.28,55.01,2729.1,Completed,U2359,East,Medium,2024-12-23,6,Credit Card,item_333,64.91
ORD105891,P1794,Toys,2570.52,3777.34,5118.47,Completed,U3139,North,High,2025-02-01,19,Net Banking,item_25,4457.26
ORD105893,P1376,Electronics,4453.93,1855.61,2782.56,Completed,U2681,West,High,2024-09-16,3,Debit Card,item_346,2189.62
ORD105896,P1842,Groceries,1209.95,2069.59,1826.37,Completed,U3124,West,Low,2024-10-10,13,Net Banking,item_75,2442.12
ORD105897,P1955,Clothing,2821.63,3906.49,2156.02,Completed,U2419,North,High,2024-03-25,1,COD,item_223,4609.66
ORD105898,P1813,Electronics,623.72,2780.36,3878.43,Completed,U2832,South,Low,2024-08-03,3,Net Banking,item_495,3280.82
ORD105903,P1169,Electronics,1061.0,2882.38,4781.24,Completed,U3358,South,Medium,2025-08-15,8,COD,item_299,3401.21
ORD105906,P1287,Sports,3856.28,1441.77,4677.1,Completed,U3371,North,Medium,2024-09-15,3,Net Banking,item_80,1701.29
ORD105912,P1995,Sports,1449.15,2005.04,1672.61,Completed,U2821,South,Low,2025-06-26,15,UPI,item_158,2365.95
ORD105916,P1297,Books,1693.2,3871.08,4958.47,Completed,U2072,North,Low,2024-01-22,17,UPI,item_68,4567.87
ORD105933,P1502,Books,573.02,3436.31,2989.44,Completed,U2117,Central,High,2025-08-21,17,COD,item_135,4054.85
ORD105938,P1732,Groceries,862.15,2163.67,2529.65,Completed,U2348,East,High,2025-01-21,2,UPI,item_167,2553.13
ORD105939,P1558,Furniture,1497.82,2796.84,2500.47,Completed,U2734,West,Low,2024-03-06,18,Debit Card,item_315,3300.27
ORD105943,P1263,Books,1788.86,2340.56,7078.01,Completed,U3120,East,Medium,2025-08-24,7,COD,item_422,2761.86
ORD105947,P1698,Sports,475.81,3347.47,2151.92,Completed,U2235,South,Medium,2024-01-21,6,COD,item_132,3950.01
ORD105948,P1485,Clothing,4581.78,2646.99,3856.57,Completed,U2250,North,Medium,2025-05-10,17,Net Banking,item_6,3123.45
ORD105949,P1114,Groceries,2232.31,3472.42,7032.06,Completed,U2142,North,Low,2024-11-01,5,Net Banking,item_175,4097.46
ORD105957,P1801,Sports,1298.0,375.37,2237.39,Completed,U3113,North,High,2025-05-04,14,COD,item_448,442.94
ORD105961,P1677,Clothing,256.89,1660.99,2264.09,Completed,U3270,South,Low,2024-04-26,4,COD,item_243,1959.97
ORD105968,P1499,Books,2435.34,1425.27,5071.79,Completed,U3419,Central,High,2025-03-15,15,COD,item_292,1681.82
ORD105969,P1243,Books,2053.21,499.93,4692.46,Completed,U2936,South,Medium,2024-04-22,11,UPI,item_39,589.92
ORD105971,P1456,Electronics,2629.59,3555.85,6784.53,Completed,U2776,Central,High,2025-03-01,17,COD,item_413,4195.9
ORD105973,P1327,Electronics,4863.28,1631.8,5263.67,Completed,U3165,North,Low,2024-02-05,6,Credit Card,item_377,1925.52
ORD105989,P1619,Groceries,1723.29,348.48,707.66,Completed,U2621,Central,High,2025-02-26,1,UPI,item_437,411.21
ORD105993,P1086,Furniture,311.47,2100.2,735.77,Completed,U2104,East,Low,2025-03-27,18,UPI,item_324,2478.24
ORD106001,P1338,Clothing,4897.71,3105.49,1879.48,Completed,U3203,North,Low,2024-07-26,10,Debit Card,item_438,3664.48
ORD106006,P1340,Toys,4715.13,527.57,2491.18,Completed,U2180,East,High,2025-02-20,9,COD,item_102,622.53
ORD106010,P1982,Electronics,2836.73,1703.95,7426.29,Completed,U3237,South,Medium,2025-08-10,7,Net Banking,item_116,2010.66
ORD106013,P1039,Furniture,1051.53,184.96,5264.88,Completed,U2303,South,Low,2024-02-17,5,Net Banking,item_413,218.25
ORD106024,P1584,Clothing,2775.13,1255.34,740.71,Completed,U2530,South,Medium,2025-06-12,20,Debit Card,item_211,1481.3
ORD106026,P1195,Furniture,1887.72,779.15,2213.71,Completed,U2788,East,Medium,2024-12-29,15,COD,item_269,919.4
ORD106027,P1991,Electronics,1683.24,951.98,2398.22,Completed,U2966,Central,Medium,2024-11-18,18,Credit Card,item_102,1123.34
ORD106033,P1278,Sports,4046.43,3897.52,2998.61,Completed,U3345,West,Low,2024-07-22,20,Debit Card,item_9,4599.07
ORD106034,P1919,Toys,4267.52,3606.31,263.94,Completed,U3155,South,Low,2024-08-25,19,Net Banking,item_408,4255.45
ORD106041,P1906,Toys,3183.25,3648.78,6193.61,Completed,U2556,North,Medium,2024-03-25,12,UPI,item_470,4305.56
ORD106053,P1723,Furniture,3994.44,2801.53,5928.84,Completed,U3382,South,High,2024-05-20,20,Debit Card,item_308,3305.81
ORD106055,P1483,Electronics,3238.08,2047.63,4252.4,Completed,U2524,Central,Medium,2024-12-28,12,Debit Card,item_193,2416.2
ORD106059,P1511,Books,264.2,3801.42,6977.91,Completed,U2698,East,High,2025-04-13,19,COD,item_417,4485.68
ORD106066,P1440,Clothing,117.3,123.78,3815.25,Completed,U3107,Central,High,2024-02-20,7,Net Banking,item_373,146.06
ORD106068,P1879,Furniture,2554.8,2481.97,5896.46,Completed,U2898,East,Low,2025-08-25,17,COD,item_280,2928.72
ORD106071,P1885,Groceries,3023.27,2401.47,3059.9,Completed,U3191,North,High,2025-09-26,20,Debit Card,item_201,2833.73
ORD106078,P1291,Sports,,2150.94,7813.52,Completed,U2419,East,Medium,2024-05-05,15,COD,item_212,2538.11
ORD106084,P1258,Groceries,4987.2,1784.35,6144.68,Completed,U2045,Central,Low,2025-05-07,20,COD,item_186,2105.53
ORD106104,P1002,Books,2381.99,2294.47,7814.46,Completed,U3410,East,Medium,2024-01-10,9,Debit Card,item_160,2707.47
ORD106112,P1811,Groceries,586.73,3925.1,3094.81,Completed,U3115,South,Low,2025-03-02,5,UPI,item_17,4631.62
ORD106116,P1048,Toys,1288.41,2494.63,4757.45,Completed,U2353,West,Low,2024-02-24,17,COD,item_167,2943.66
ORD106120,P1985,Groceries,1013.43,2147.39,6774.15,Completed,U2997,South,Low,2024-04-03,1,Credit Card,item_213,2533.92
ORD106125,P1412,Books,,3661.19,3857.83,Completed,U2217,North,Low,2024-03-28,1,Debit Card,item_32,4320.2
ORD106137,P1415,Sports,841.78,2039.38,4014.82,Completed,U2133,North,Low,2025-08-02,2,Debit Card,item_249,2406.47
ORD106138,P1103,Books,2723.02,275.58,3075.42,Completed,U2873,East,High,2024-12-01,9,Credit Card,item_473,325.18
ORD106143,P1412,Groceries,2186.23,1246.95,4278.19,Completed,U2304,West,High,2025-08-16,6,UPI,item_261,1471.4
ORD106149,P1935,Clothing,4468.54,1066.21,6005.42,Completed,U2517,Central,Low,2025-08-08,16,Credit Card,item_154,1258.13
ORD106155,P1045,Books,1401.78,2606.06,2219.45,Completed,U2713,West,High,2024-10-29,16,Credit Card,item_392,3075.15
ORD106160,P1462,Electronics,4356.2,356.38,4266.28,Completed,U3304,East,High,2024-06-03,7,UPI,item_298,420.53
ORD106168,P1625,Toys,734.78,2759.84,3792.57,Completed,U3027,Central,Medium,2025-01-15,4,UPI,item_250,3256.61
ORD106171,P1016,Groceries,308.59,1428.91,1646.54,Completed,U3338,North,Low,2025-09-29,18,UPI,item_446,1686.11
ORD106196,P1551,Electronics,1873.11,2560.1,2445.72,Completed,U2447,North,Low,2024-08-22,3,UPI,item_55,3020.92
ORD106197,P1751,Clothing,3993.53,841.08,4657.64,Completed,U2658,West,Low,2024-10-17,16,Credit Card,item_56,992.47
ORD106198,P1624,Toys,2221.59,3490.01,648.08,Completed,U2098,West,Low,2024-12-16,16,Credit Card,item_226,4118.21
ORD106200,P1621,Groceries,,3819.51,7225.22,Completed,U3254,North,Medium,2025-04-13,2,COD,item_21,4507.02
ORD106201,P1706,Toys,2664.31,828.77,1001.3,Completed,U3039,North,Low,2024-12-12,13,Credit Card,item_464,977.95
ORD106208,P1932,Clothing,292.5,1118.87,1117.06,Completed,U2258,East,High,2024-05-21,19,UPI,item_367,1320.27
ORD106211,P1980,Books,1093.5,2000.42,4970.15,Completed,U3118,South,Medium,2025-08-14,13,UPI,item_261,2360.5
ORD106213,P1379,Groceries,2007.93,534.05,4809.04,Completed,U3101,Central,High,2024-01-28,16,Net Banking,item_443,630.18
ORD106221,P1941,Electronics,4535.6,1818.73,4254.64,Completed,U2726,East,High,2024-12-07,18,UPI,item_94,2146.1
ORD106228,P1161,Toys,1978.12,319.59,5022.19,Completed,U2740,West,Medium,2025-06-26,19,UPI,item_94,377.12
ORD106238,P1060,Groceries,753.91,1888.18,2391.2,Completed,U2057,Central,Medium,2024-03-08,7,Net Banking,item_342,2228.05
ORD106239,P1568,Furniture,1283.67,2967.45,6618.38,Completed,U3133,West,Low,2025-03-16,15,Debit Card,item_332,3501.59
ORD106242,P1422,Furniture,491.59,358.4,2185.4,Completed,U2199,West,High,2025-07-09,2,Credit Card,item_324,422.91
ORD106243,P1095,Clothing,893.04,1343.46,7165.37,Completed,U3346,North,Medium,2025-01-21,10,Debit Card,item_316,1585.28
ORD106249,P1682,Clothing,207.38,3715.85,4088.9,Completed,U3019,Central,Low,2024-10-27,5,Net Banking,item_348,4384.7
ORD106251,P1004,Electronics,1907.61,1171.5,6971.21,Completed,U2742,West,Medium,2025-02-05,14,Debit Card,item_363,1382.37
ORD106252,P1893,Furniture,2938.89,2618.1,7746.45,Completed,U3038,West,Medium,2024-02-28,19,Net Banking,item_164,3089.36
ORD106253,P1857,Toys,4423.65,1860.56,3298.93,Completed,U3235,South,Low,2024-12-16,1,COD,item_47,2195.46
ORD106263,P1307,Furniture,1489.27,1472.79,770.38,Completed,U3095,West,Low,2024-09-08,10,Debit Card,item_40,1737.89
ORD106269,P1496,Toys,2608.0,2078.69,5184.96,Completed,U3483,West,Low,2025-08-13,15,UPI,item_389,2452.85
ORD106272,P1183,Electronics,822.99,3245.32,4364.91,Completed,U2634,East,High,2025-04-18,14,Debit Card,item_21,3829.48
ORD106282,P1357,Electronics,4390.69,1448.67,2932.66,Completed,U3070,North,Low,2024-10-07,1,Net Banking,item_249,1709.43
ORD106285,P1033,Clothing,2930.82,1230.32,1068.52,Completed,U2514,North,High,2025-04-28,1,Debit Card,item_211,1451.78
ORD106287,P1007,Books,1312.91,101.31,2513.67,Completed,U2655,South,Medium,2025-05-29,11,Debit Card,item_423,119.55
ORD106288,P1203,Clothing,3707.16,3740.73,3520.59,Completed,U2280,South,Low,2025-09-05,1,Credit Card,item_456,4414.06
ORD106292,P1429,Sports,1512.05,3271.12,6146.56,Completed,U3338,East,Medium,2025-06-26,18,UPI,item_252,3859.92
ORD106305,P1905,Sports,2390.38,1283.66,1312.23,Completed,U2470,South,Low,2024-03-01,16,UPI,item_109,1514.72
ORD106309,P1578,Electronics,2239.94,2824.98,6560.03,Completed,U2025,South,Medium,2025-03-28,2,COD,item_280,3333.48
ORD106310,P1675,Furniture,4511.67,3912.98,1090.93,Completed,U2872,North,Medium,2025-01-29,16,Net Banking,item_33,4617.32
ORD106318,P1394,Groceries,3893.45,60.81,3366.1,Completed,U3027,West,Medium,2024-06-04,4,UPI,item_22,71.76
ORD106320,P1053,Groceries,2851.74,813.07,2141.74,Completed,U2135,Central,Low,2025-06-07,20,Net Banking,item_140,959.42
ORD106337,P1464,Clothing,1367.68,3396.74,6550.09,Completed,U2502,Central,Low,2025-01-14,11,UPI,item_392,4008.15
ORD106349,P1652,Electronics,1068.48,602.53,1574.51,Completed,U2701,North,Medium,2025-06-30,10,Debit Card,item_303,710.99
ORD106354,P1034,Furniture,4853.96,3980.21,5810.7,Completed,U2411,West,High,2024-02-24,1,Credit Card,item_387,4696.65
ORD106357,P1383,Electronics,2897.82,1595.49,1083.75,Completed,U2635,North,High,2025-05-20,13,COD,item_101,1882.68
ORD106359,P1055,Groceries,1128.61,880.03,6009.26,Completed,U2302,Central,High,2024-05-05,4,COD,item_52,1038.44
ORD106361,P1687,Toys,3580.11,2289.89,7828.47,Completed,U2267,North,Medium,2024-01-21,19,Credit Card,item_119,2702.07
ORD106364,P1999,Furniture,967.8,843.83,1477.8,Completed,U3088,North,High,2025-07-05,13,Debit Card,item_183,995.72
ORD106383,P1679,Toys,1556.37,2305.61,5318.91,Completed,U3378,North,Low,2024-08-08,18,Credit Card,item_372,2720.62
ORD106385,P1747,Electronics,,2703.13,4563.97,Completed,U3027,West,Medium,2024-08-25,13,Debit Card,item_169,3189.69
ORD106386,P1605,Clothing,4041.46,3754.42,5631.39,Completed,U3420,North,Medium,2024-09-05,17,UPI,item_98,4430.22
ORD106391,P1985,Books,719.34,881.11,6563.57,Completed,U2557,East,Low,2024-11-08,20,Credit Card,item_316,1039.71
ORD106398,P1966,Groceries,1720.93,3014.05,779.19,Completed,U3064,East,Low,2024-10-19,20,Credit Card,item_117,3556.58
ORD106403,P1247,Electronics,1669.31,2824.33,3798.71,Completed,U2404,West,Medium,2025-04-16,7,Debit Card,item_117,3332.71
ORD106434,P1757,Electronics,4777.96,587.48,1192.41,Completed,U2481,North,High,2025-07-18,13,UPI,item_202,693.23
ORD106436,P1966,Sports,3753.77,2611.85,7855.61,Completed,U2219,West,Medium,2025-04-16,15,COD,item_143,3081.98
ORD106446,P1957,Clothing,2521.59,2333.75,2770.49,Completed,U2144,South,Medium,2024-08-22,7,COD,item_206,2753.83
ORD106450,P1924,Clothing,369.39,2719.13,2574.94,Completed,U2252,South,High,2024-01-23,1,UPI,item_163,3208.57
ORD106455,P1039,Books,4416.92,2510.93,3975.49,Completed,U2337,East,High,2024-12-27,12,Debit Card,item_419,2962.9
ORD106460,P1168,Toys,392.66,1309.08,6589.2,Completed,U2132,North,Medium,2024-11-06,7,Credit Card,item_385,1544.71
ORD106464,P1203,Electronics,2134.45,3519.47,5166.43,Completed,U3328,North,High,2024-06-27,6,Net Banking,item_97,4152.97
ORD106474,P1047,Sports,3324.31,904.28,1860.96,Completed,U2010,Central,High,2025-06-07,17,COD,item_126,1067.05
ORD106477,P1519,Electronics,4370.83,754.36,1500.7,Completed,U3136,North,High,2025-07-24,7,Debit Card,item_243,890.14
ORD106480,P1105,Toys,1674.77,1621.51,3870.53,Completed,U2161,West,High,2025-06-07,1,Net Banking,item_482,1913.38
ORD106481,P1332,Furniture,3087.78,2729.76,1286.71,Completed,U2467,West,Medium,2025-02-28,17,Credit Card,item_217,3221.12
ORD106484,P1261,Furniture,922.08,374.93,6085.18,Completed,U2130,North,Medium,2024-02-23,14,Net Banking,item_328,442.42
ORD106485,P1954,Clothing,1430.92,2611.96,896.64,Completed,U2330,West,High,2025-03-02,10,Credit Card,item_494,3082.11
ORD106493,P1368,Books,2811.91,3624.01,2765.66,Completed,U2131,South,High,2024-06-27,9,Credit Card,item_69,4276.33
ORD106498,P1108,Clothing,421.44,3884.88,7070.85,Completed,U3302,Central,Low,2024-07-24,6,Debit Card,item_468,4584.16
ORD106501,P1866,Furniture,1437.81,3546.69,3316.34,Completed,U2969,North,High,2024-11-04,16,Credit Card,item_96,4185.09
ORD106518,P1134,Groceries,192.36,1558.13,7327.82,Completed,U3487,North,Low,2025-08-12,2,COD,item_65,1838.59
ORD106523,P1628,Electronics,786.09,3863.52,7401.24,Completed,U2957,East,Low,2024-05-28,2,Net Banking,item_469,4558.95
ORD106525,P1671,Groceries,650.33,2799.57,1372.86,Completed,U3447,East,Low,2024-04-07,4,Debit Card,item_384,3303.49
ORD106532,P1204,Toys,287.2,3954.1,1045.46,Completed,U2252,East,Low,2025-05-25,9,Credit Card,item_132,4665.84
ORD106538,P1640,Furniture,1699.87,994.12,7699.35,Completed,U2785,North,High,2024-07-29,1,Debit Card,item_365,1173.06
ORD106544,P1688,Clothing,1033.79,1349.7,5977.57,Completed,U2220,Central,Low,2024-04-28,10,Credit Card,item_12,1592.65
ORD106546,P1520,Electronics,369.39,1197.21,5398.24,Completed,U3245,East,High,2024-04-07,11,Credit Card,item_368,1412.71
ORD106551,P1528,Sports,2899.22,1819.78,3090.1,Completed,U2827,East,Low,2025-09-16,6,Debit Card,item_356,2147.34
ORD106553,P1232,Groceries,4239.08,3998.02,5007.33,Completed,U2197,Central,High,2024-05-29,16,Credit Card,item_79,4717.66
ORD106564,P1755,Furniture,,904.19,1768.84,Completed,U2948,West,High,2024-04-10,16,COD,item_357,1066.94
ORD106573,P1110,Furniture,902.24,2787.86,2319.18,Completed,U2978,North,Medium,2024-05-24,18,COD,item_24,3289.67
ORD106578,P1155,Books,1318.21,1992.56,4304.91,Completed,U3407,West,High,2025-05-11,6,UPI,item_390,2351.22
ORD106585,P1279,Electronics,4059.32,1156.98,2585.93,Completed,U2136,South,Medium,2024-05-23,15,Credit Card,item_77,1365.24
ORD106595,P1105,Groceries,340.0,559.24,2931.36,Completed,U2142,North,Low,2024-08-13,4,Debit Card,item_59,659.9
ORD106596,P1602,Furniture,1382.14,3312.49,7544.6,Completed,U2128,East,Medium,2025-05-19,12,UPI,item_440,3908.74
ORD106597,P1397,Electronics,3028.47,3726.94,6228.93,Completed,U2574,East,Medium,2025-05-12,8,Credit Card,item_70,4397.79
ORD106599,P1292,Furniture,4739.26,2460.34,1855.45,Completed,U2965,West,Medium,2025-09-21,2,Debit Card,item_293,2903.2
ORD106603,P1577,Books,304.35,2753.89,4094.55,Completed,U2065,North,High,2025-05-27,12,Debit Card,item_415,3249.59
ORD106612,P1353,Toys,3835.41,1973.76,526.6,Completed,U2248,West,Medium,2025-07-27,20,Debit Card,item_120,2329.04
ORD106615,P1664,Furniture,4440.64,2300.57,4550.48,Completed,U2163,Central,Low,2025-01-21,6,COD,item_225,2714.67
ORD106619,P1763,Books,2983.54,2382.7,5201.79,Completed,U3259,North,Low,2024-04-10,15,Debit Card,item_255,2811.59
ORD106620,P1981,Clothing,2095.82,3608.8,244.5,Completed,U2594,West,Medium,2024-12-25,3,COD,item_141,4258.38
ORD106627,P1559,Electronics,1493.17,3218.28,7977.9,Completed,U2987,South,Medium,2024-01-21,12,Credit Card,item_48,3797.57
ORD106635,P1016,Sports,277.53,830.17,985.88,Completed,U2995,East,Medium,2025-01-18,4,COD,item_10,979.6
ORD106636,P1045,Groceries,465.94,1122.82,5989.81,Completed,U2730,Central,High,2024-04-19,9,Credit Card,item_192,1324.93
ORD106639,P1740,Furniture,2691.47,3825.5,2925.21,Completed,U2269,Central,Medium,2025-06-24,7,Credit Card,item_96,4514.09
ORD106650,P1159,Toys,2019.26,2727.89,4368.16,Completed,U2106,North,High,2025-07-06,13,COD,item_462,3218.91
ORD106654,P1713,Toys,677.53,604.53,5718.81,Completed,U2768,East,Low,2025-07-03,13,Net Banking,item_4,713.35
ORD106655,P1134,Sports,2094.09,1721.15,577.77,Completed,U2133,Central,Medium,2025-05-21,12,Credit Card,item_337,2030.96
ORD106658,P1956,Books,341.61,1654.39,534.21,Completed,U2615,North,Low,2025-03-06,14,Credit Card,item_258,1952.18
ORD106659,P1574,Sports,1575.02,2747.37,5436.2,Completed,U2658,Central,Low,2024-02-29,10,Debit Card,item_96,3241.9
ORD106661,P1601,Clothing,,3333.71,5963.32,Completed,U2439,East,High,2025-06-14,18,UPI,item_185,3933.78
ORD106663,P1117,Electronics,809.24,2644.14,7067.17,Completed,U2676,Central,Medium,2024-02-01,14,Net Banking,item_261,3120.09
ORD106667,P1919,Books,4378.39,1583.58,2135.97,Completed,U2452,North,Low,2024-03-27,1,UPI,item_213,1868.62
ORD106674,P1761,Electronics,1717.82,3358.48,900.62,Completed,U2365,South,Low,2025-02-08,6,COD,item_165,3963.01
ORD106683,P1938,Furniture,,3020.4,3711.73,Completed,U2666,North,Medium,2025-06-06,18,Net Banking,item_214,3564.07
ORD106685,P1469,Electronics,791.57,530.5,6507.03,Completed,U3339,South,High,2025-02-05,5,UPI,item_352,625.99
ORD106686,P1899,Toys,1393.65,2967.28,6484.08,Completed,U3249,North,Low,2025-08-21,3,Credit Card,item_35,3501.39
ORD106690,P1667,Electronics,2995.37,242.4,112.99,Completed,U2797,West,Low,2024-11-28,1,Credit Card,item_58,286.03
ORD106693,P1810,Furniture,,1802.2,5799.23,Completed,U2522,East,Low,2024-06-04,6,UPI,item_305,2126.6
ORD106695,P1384,Books,1418.13,3651.93,1095.48,Completed,U2490,North,Low,2024-11-21,16,COD,item_33,4309.28
ORD106700,P1351,Groceries,1455.39,2475.22,4772.38,Completed,U2182,North,Medium,2025-05-07,18,Net Banking,item_25,2920.76
ORD106705,P1201,Electronics,4058.72,2598.57,829.55,Completed,U2582,West,Low,2024-09-04,16,COD,item_10,3066.31
ORD106707,P1926,Electronics,,1424.57,4382.92,Completed,U2280,West,Low,2025-06-16,9,Credit Card,item_343,1680.99
ORD106712,P1047,Toys,3847.59,1702.44,1966.11,Completed,U2024,East,Medium,2024-11-23,10,Net Banking,item_493,2008.88
ORD106716,P1824,Sports,3492.62,1315.95,2316.64,Completed,U3361,East,Low,2025-07-26,5,Debit Card,item_448,1552.82
ORD106727,P1456,Sports,883.93,3183.91,3824.13,Completed,U2078,North,Medium,2024-10-12,6,Credit Card,item_214,3757.01
ORD106737,P1482,Groceries,72.62,790.46,2177.6,Completed,U2763,Central,Low,2025-03-13,8,UPI,item_416,932.74
ORD106740,P1891,Toys,999.68,1341.23,7522.77,Completed,U2505,North,Low,2024-02-12,9,Debit Card,item_389,1582.65
ORD106745,P1871,Furniture,1547.56,238.17,2251.37,Completed,U3311,Central,Low,2025-06-27,16,COD,item_353,281.04
ORD106753,P1342,Sports,334.68,1805.81,7657.19,Completed,U3162,East,High,2025-03-05,7,Net Banking,item_49,2130.86
ORD106757,P1514,Electronics,4849.67,1330.1,6917.11,Completed,U3371,South,High,2024-12-16,4,UPI,item_175,1569.52
ORD106767,P1720,Sports,1162.5,1212.45,7744.7,Completed,U2892,North,Medium,2025-05-21,6,Credit Card,item_305,1430.69
ORD106769,P1979,Sports,2935.77,1309.34,6103.81,Completed,U2895,East,Medium,2024-01-30,12,Credit Card,item_253,1545.02
ORD106771,P1095,Sports,1973.02,3737.34,5041.53,Completed,U2064,West,Low,2025-08-13,3,UPI,item_292,4410.06
ORD106785,P1399,Groceries,904.57,3321.58,5975.13,Completed,U2497,North,High,2024-06-29,9,Net Banking,item_51,3919.46
ORD106789,P1533,Books,946.44,2715.89,7488.19,Completed,U2141,West,Medium,2025-03-16,1,Net Banking,item_446,3204.75
ORD106794,P1882,Toys,1853.14,1177.61,7501.67,Completed,U2824,South,Medium,2024-09-03,11,COD,item_488,1389.58
ORD106795,P1661,Furniture,1457.04,1729.76,4781.85,Completed,U2886,West,High,2025-01-07,13,Debit Card,item_223,2041.12
ORD106797,P1012,Books,422.16,2044.12,4386.18,Completed,U3321,East,Medium,2025-03-21,20,Net Banking,item_237,2412.06
ORD106804,P1007,Sports,74.18,475.33,2770.47,Completed,U2799,South,Low,2025-03-06,17,Net Banking,item_178,560.89
ORD106827,P1803,Groceries,4223.08,1527.02,4964.29,Completed,U2014,West,Low,2024-11-29,2,UPI,item_489,1801.88
ORD106832,P1064,Furniture,2981.73,2576.12,104.47,Completed,U2057,Central,High,2025-07-28,15,COD,item_111,3039.82
ORD106839,P1333,Books,1678.84,1424.88,6472.53,Completed,U2910,South,Medium,2025-01-01,10,Net Banking,item_171,1681.36
ORD106845,P1182,Toys,228.58,2134.13,4989.79,Completed,U2032,East,High,2025-02-04,3,UPI,item_25,2518.27
ORD106861,P1493,Furniture,3090.08,3521.62,5824.44,Completed,U2808,Central,High,2024-09-28,8,UPI,item_143,4155.51
ORD106862,P1206,Groceries,1522.75,3434.4,5717.19,Completed,U3234,East,Medium,2024-01-06,15,Credit Card,item_320,4052.59
ORD106865,P1442,Books,1428.68,2336.36,148.96,Completed,U3359,North,Low,2025-04-03,19,Net Banking,item_100,2756.9
ORD106872,P1158,Furniture,2269.3,674.13,7063.62,Completed,U2278,South,High,2024-04-10,18,Net Banking,item_465,795.47
ORD106875,P1250,Furniture,4350.51,2907.82,5507.98,Completed,U3497,Central,Low,2025-08-12,13,COD,item_488,3431.23
ORD106877,P1101,Books,1588.34,1184.6,7866.4,Completed,U2266,Central,High,2024-04-25,19,COD,item_209,1397.83
ORD106887,P1912,Toys,2164.03,935.25,5771.78,Completed,U3226,North,Medium,2024-06-29,1,Net Banking,item_131,1103.6
ORD106895,P1639,Toys,,660.62,776.7,Completed,U2731,West,Low,2024-07-01,9,COD,item_112,779.53
ORD106908,P1583,Electronics,2651.01,1039.46,2012.18,Completed,U2191,North,High,2024-11-25,6,Net Banking,item_254,1226.56
ORD106909,P1121,Books,1552.65,1329.81,154.19,Completed,U2313,Central,Low,2024-02-13,13,UPI,item_417,1569.18
ORD106915,P1864,Furniture,3598.03,873.34,1280.07,Completed,U2282,East,High,2025-09-14,10,Net Banking,item_220,1030.54
ORD106919,P1643,Books,3758.19,3052.8,870.74,Completed,U2761,East,Low,2024-06-03,1,Debit Card,item_100,3602.3
ORD106922,P1372,Sports,949.91,1400.86,7401.0,Completed,U2503,West,Low,2025-05-08,17,Credit Card,item_322,1653.01
ORD106931,P1226,Toys,4177.04,652.3,5294.52,Completed,U3498,East,Medium,2024-07-31,17,Debit Card,item_245,769.71
ORD106938,P1021,Furniture,2234.38,1563.93,4803.24,Completed,U3251,North,High,2025-02-12,19,Credit Card,item_456,1845.44
ORD106941,P1436,Toys,4312.91,1449.13,4720.96,Completed,U2169,East,Medium,2025-01-24,5,Net Banking,item_357,1709.97
ORD106946,P1543,Groceries,2231.3,2908.65,625.15,Completed,U3397,East,Medium,2025-09-15,16,UPI,item_369,3432.21
ORD106948,P1286,Electronics,4674.81,1117.03,7720.57,Completed,U2936,West,Low,2025-01-24,20,Net Banking,item_364,1318.1
ORD106962,P1355,Electronics,4015.01,804.26,7894.63,Completed,U2924,North,Medium,2024-12-22,16,Net Banking,item_162,949.03
ORD106963,P1237,Toys,302.45,2265.07,2494.38,Completed,U3036,West,High,2024-01-13,15,UPI,item_410,2672.78
ORD106967,P1271,Groceries,463.44,2898.82,5249.88,Completed,U2332,Central,High,2025-03-30,2,Net Banking,item_15,3420.61
ORD106970,P1822,Clothing,3049.1,3532.32,3432.64,Completed,U2409,East,High,2025-02-26,5,Debit Card,item_79,4168.14
ORD106976,P1780,Furniture,1168.1,2575.83,5874.03,Completed,U2386,South,High,2025-06-19,4,COD,item_344,3039.48
ORD106977,P1297,Groceries,2593.22,73.03,5161.86,Completed,U2456,Central,Medium,2024-05-16,11,COD,item_485,86.18
ORD106983,P1107,Clothing,896.75,3496.95,388.44,Completed,U2367,West,Medium,2025-06-26,6,COD,item_146,4126.4
ORD106985,P1629,Groceries,3698.91,3543.01,7134.71,Completed,U3351,North,Medium,2024-02-07,1,Net Banking,item_471,4180.75
ORD106987,P1574,Toys,2486.65,1250.28,6185.47,Completed,U3239,Central,High,2024-10-06,19,Credit Card,item_42,1475.33
ORD106989,P1230,Toys,3885.69,3800.9,943.7,Completed,U2826,West,Low,2025-01-16,5,Net Banking,item_371,4485.06
ORD106993,P1316,Furniture,2928.94,2490.29,4399.42,Completed,U3410,South,Medium,2024-05-09,15,Net Banking,item_234,2938.54
ORD106997,P1486,Toys,3411.7,2812.42,7169.66,Completed,U2221,North,Medium,2025-05-23,20,Debit Card,item_43,3318.66
ORD107000,P1911,Books,2739.38,3242.26,2537.89,Completed,U2933,North,Medium,2024-09-14,14,Debit Card,item_125,3825.87
ORD107003,P1943,Sports,3614.16,3595.8,291.21,Completed,U2230,East,Medium,2024-04-05,19,Net Banking,item_474,4243.04
ORD107004,P1983,Furniture,190.19,398.12,6906.35,Completed,U3217,South,Low,2025-08-23,11,Debit Card,item_354,469.78
ORD107007,P1859,Furniture,,1952.97,2286.65,Completed,U3053,East,High,2025-08-21,15,COD,item_423,2304.5
ORD107011,P1633,Sports,739.04,2320.74,2888.34,Completed,U2451,North,High,2025-07-09,2,UPI,item_376,2738.47
ORD107019,P1567,Furniture,160.99,3069.12,3298.44,Completed,U3198,South,Medium,2025-07-06,6,UPI,item_48,3621.56
ORD107028,P1673,Clothing,344.56,3544.38,3088.18,Completed,U2855,Central,Low,2025-08-03,9,Credit Card,item_394,4182.37
ORD107033,P1230,Furniture,283.55,174.09,4331.23,Completed,U2062,East,Medium,2025-03-27,17,Debit Card,item_335,205.43
ORD107038,P1640,Books,1768.58,3576.92,2924.62,Completed,U2678,West,Medium,2025-03-08,13,UPI,item_318,4220.77
ORD107049,P1850,Books,,1899.22,2795.49,Completed,U2208,East,High,2024-05-26,11,Net Banking,item_54,2241.08
ORD107055,P1800,Furniture,64.95,1719.11,2319.49,Completed,U3244,North,High,2025-04-25,15,Net Banking,item_327,2028.55
ORD107056,P1279,Clothing,760.45,2689.07,2179.59,Completed,U2208,North,High,2025-02-21,2,COD,item_45,3173.1
ORD107062,P1276,Furniture,4807.73,270.08,7966.82,Completed,U3286,South,High,2025-08-05,19,UPI,item_386,318.69
ORD107067,P1825,Clothing,3748.21,814.75,4571.8,Completed,U2474,North,Low,2024-01-23,7,Debit Card,item_477,961.41
ORD107071,P1301,Electronics,642.27,2949.67,2783.6,Completed,U2997,South,High,2025-09-14,2,Net Banking,item_498,3480.61
ORD107080,P1757,Groceries,2380.76,2410.11,517.14,Completed,U2393,Central,Medium,2025-05-01,15,COD,item_298,2843.93
ORD107083,P1400,Books,4292.04,1562.75,7723.24,Completed,U2154,East,High,2024-12-16,15,COD,item_240,1844.04
ORD107085,P1147,Electronics,3919.25,2156.67,478.73,Completed,U2135,East,Low,2024-04-22,19,Debit Card,item_222,2544.87
ORD107092,P1526,Books,2070.69,2433.41,5064.5,Completed,U3187,North,Medium,2024-02-13,9,UPI,item_266,2871.42
ORD107098,P1188,Furniture,735.44,2788.95,4925.32,Completed,U3186,South,High,2025-09-27,8,Net Banking,item_300,3290.96
ORD107104,P1555,Groceries,3005.62,1617.46,6897.02,Completed,U3356,East,Low,2025-02-09,14,Net Banking,item_223,1908.6
ORD107110,P1402,Electronics,2900.43,916.61,5306.06,Completed,U2379,Central,Low,2024-03-25,12,Net Banking,item_291,1081.6
ORD107111,P1170,Toys,702.32,3544.29,5546.98,Completed,U3222,South,High,2024-02-14,3,Debit Card,item_411,4182.26
ORD107115,P1743,Groceries,1680.8,1254.04,1253.24,Completed,U2473,West,Medium,2024-03-06,8,Credit Card,item_57,1479.77
ORD107116,P1842,Furniture,4804.67,3095.44,1177.57,Completed,U2443,Central,Low,2025-08-14,10,Net Banking,item_175,3652.62
ORD107128,P1723,Electronics,1588.37,962.87,5871.34,Completed,U2357,West,Low,2025-08-15,16,Net Banking,item_260,1136.19
ORD107132,P1287,Electronics,3929.36,3702.59,1109.27,Completed,U2362,North,Low,2024-11-04,15,Credit Card,item_459,4369.06
ORD107136,P1636,Furniture,358.4,2163.2,3274.76,Completed,U2721,Central,Low,2024-09-30,18,COD,item_219,2552.58
ORD107142,P1472,Toys,3776.1,1190.05,7154.39,Completed,U2109,East,Medium,2024-12-24,13,Credit Card,item_297,1404.26
ORD107153,P1697,Furniture,4012.01,2125.23,1152.98,Completed,U2029,West,High,2024-12-13,15,Credit Card,item_323,2507.77
ORD107154,P1373,Toys,2221.9,50.44,3826.4,Completed,U2384,East,Medium,2024-05-30,16,Net Banking,item_25,59.52
ORD107156,P1268,Groceries,1399.76,3659.32,6122.33,Completed,U3408,North,High,2025-05-13,4,Net Banking,item_153,4318.0
ORD107160,P1487,Clothing,1343.11,3100.18,4107.12,Completed,U3242,East,Low,2024-02-07,19,COD,item_361,3658.21
ORD107163,P1264,Sports,4186.82,2552.98,4843.44,Completed,U2466,Central,Medium,2024-12-04,15,Credit Card,item_148,3012.52
ORD107178,P1994,Groceries,2030.79,512.85,2891.65,Completed,U2647,Central,Low,2025-03-04,6,COD,item_213,605.16
ORD107185,P1113,Electronics,1785.41,725.86,158.61,Completed,U2215,West,Low,2024-08-30,10,Debit Card,item_491,856.51
ORD107186,P1097,Electronics,1976.01,569.28,4956.65,Completed,U2325,East,Low,2024-01-05,7,COD,item_92,671.75
ORD107187,P1493,Electronics,2673.56,2718.93,3788.39,Completed,U2546,South,Low,2024-07-23,11,Debit Card,item_439,3208.34
ORD107199,P1970,Sports,4671.81,3746.75,3375.76,Completed,U2414,West,Low,2025-03-10,8,Debit Card,item_210,4421.17
ORD107202,P1023,Furniture,3473.21,1914.74,3601.01,Completed,U2481,South,Low,2025-05-01,10,UPI,item_294,2259.39
ORD107203,P1538,Sports,3812.21,279.84,3419.38,Completed,U3428,West,Medium,2024-04-11,20,UPI,item_178,330.21
ORD107218,P1706,Groceries,3897.55,3036.69,3810.23,Completed,U2735,Central,High,2025-02-10,9,Debit Card,item_77,3583.29
ORD107222,P1496,Toys,4998.42,1437.6,4467.62,Completed,U2845,West,Medium,2025-05-14,9,Net Banking,item_62,1696.37
ORD107227,P1412,Toys,3630.52,86.57,6985.97,Completed,U2354,South,High,2025-01-10,10,UPI,item_234,102.15
ORD107240,P1417,Furniture,1248.31,2211.27,592.82,Completed,U2671,South,High,2025-02-28,12,Net Banking,item_384,2609.3
ORD107242,P1813,Sports,704.24,970.92,4643.25,Completed,U2330,Central,Low,2025-09-09,11,COD,item_471,1145.69
ORD107244,P1392,Furniture,2487.19,1762.31,5873.38,Completed,U3319,South,High,2025-06-22,14,Debit Card,item_439,2079.53
ORD107251,P1452,Toys,2978.42,2464.18,2111.07,Completed,U2027,East,High,2024-03-24,1,COD,item_123,2907.73
ORD107256,P1129,Sports,1273.12,2703.57,5569.39,Completed,U2938,North,Low,2025-03-22,1,Net Banking,item_480,3190.21
ORD107258,P1258,Clothing,3780.75,797.86,1432.03,Completed,U2935,West,High,2025-05-01,13,Net Banking,item_431,941.47
ORD107266,P1972,Groceries,4497.16,580.73,1549.86,Completed,U3295,Central,Medium,2024-11-04,14,COD,item_460,685.26
ORD107270,P1274,Clothing,4076.61,3493.65,6180.59,Completed,U3026,Central,Low,2024-11-06,19,UPI,item_135,4122.51
ORD107272,P1874,Sports,4442.85,2737.44,2966.61,Completed,U2604,East,Medium,2025-08-14,15,Credit Card,item_304,3230.18
ORD107283,P1215,Books,4629.88,3237.62,7591.15,Completed,U2403,North,High,2024-06-24,5,Net Banking,item_435,3820.39
ORD107284,P1409,Sports,238.03,2870.34,6540.96,Completed,U3275,East,High,2024-02-20,15,UPI,item_193,3387.0
ORD107288,P1198,Furniture,3160.03,1186.72,2047.14,Completed,U2860,South,High,2025-01-06,19,COD,item_88,1400.33
ORD107297,P1606,Clothing,1590.27,3599.78,3598.95,Completed,U3054,West,Medium,2024-05-31,3,UPI,item_246,4247.74
ORD107298,P1582,Furniture,4250.88,391.95,5091.08,Completed,U2016,East,High,2025-05-20,20,Debit Card,item_144,462.5
ORD107300,P1325,Electronics,3890.02,1188.91,824.54,Completed,U2345,South,Low,2025-03-24,14,UPI,item_12,1402.91
ORD107302,P1483,Clothing,701.31,84.49,3320.97,Completed,U2243,South,High,2024-01-09,9,Credit Card,item_199,99.7
ORD107305,P1949,Toys,1126.68,28.41,4714.34,Completed,U2382,East,Medium,2025-09-09,20,Credit Card,item_494,33.52
ORD107307,P1288,Toys,860.54,3081.63,262.89,Completed,U2601,Central,High,2024-07-22,7,Net Banking,item_417,3636.32
ORD107309,P1802,Clothing,508.71,3986.86,4761.83,Completed,U2090,West,High,2025-01-23,7,COD,item_288,4704.49
ORD107320,P1859,Furniture,,1329.16,969.5,Completed,U2174,East,Medium,2024-07-24,9,Net Banking,item_78,1568.41
ORD107321,P1413,Toys,2778.61,1852.14,3266.95,Completed,U3224,Central,Low,2025-06-27,3,Credit Card,item_334,2185.53
ORD107322,P1733,Clothing,2980.66,3668.02,808.15,Completed,U2110,South,Low,2025-03-30,11,UPI,item_398,4328.26
ORD107328,P1672,Electronics,2221.55,3389.29,7960.64,Completed,U3216,South,Low,2024-09-30,4,UPI,item_96,3999.36
ORD107339,P1959,Books,703.73,3525.44,6689.26,Completed,U2766,West,High,2024-10-19,2,Debit Card,item_457,4160.02
ORD107346,P1911,Toys,226.88,3367.09,7067.9,Completed,U3013,West,Medium,2025-05-13,14,Debit Card,item_372,3973.17
ORD107347,P1334,Toys,3328.02,2652.95,7421.26,Completed,U2528,East,Low,2025-06-01,5,UPI,item_100,3130.48
ORD107355,P1876,Furniture,3974.41,1803.45,5445.08,Completed,U3321,North,Medium,2025-08-28,16,Net Banking,item_335,2128.07
ORD107358,P1170,Sports,2713.84,64.97,3133.89,Completed,U2235,North,Medium,2024-02-05,10,Debit Card,item_250,76.66
ORD107361,P1871,Toys,1393.84,1728.59,6295.51,Completed,U2675,Central,Medium,2025-07-02,18,UPI,item_85,2039.74
ORD107370,P1834,Sports,2500.95,3467.52,5829.47,Completed,U3401,South,High,2024-08-16,12,COD,item_21,4091.67
ORD107375,P1781,Groceries,2574.53,3597.45,6894.26,Completed,U3476,South,Medium,2025-09-12,17,COD,item_425,4244.99
ORD107378,P1637,Toys,1066.0,600.63,2482.11,Completed,U2965,East,Low,2024-06-17,20,COD,item_154,708.74
ORD107380,P1634,Books,4356.21,1472.1,6744.99,Completed,U2622,North,High,2025-05-27,19,Credit Card,item_395,1737.08
ORD107386,P1005,Clothing,3472.1,789.08,1498.64,Completed,U2102,North,High,2025-05-09,17,COD,item_457,931.11
ORD107389,P1514,Toys,2382.8,1459.12,3805.72,Completed,U3340,North,High,2025-09-30,19,Debit Card,item_383,1721.76
ORD107390,P1027,Clothing,2962.9,3745.45,2208.66,Completed,U2602,West,Low,2024-10-01,4,COD,item_391,4419.63
ORD107394,P1972,Electronics,4844.83,2979.57,4855.44,Completed,U2292,South,High,2024-03-30,5,COD,item_292,3515.89
ORD107401,P1750,Sports,4593.37,1113.96,198.79,Completed,U2601,Central,Medium,2025-04-03,15,COD,item_327,1314.47
ORD107415,P1007,Furniture,301.62,144.81,2772.12,Completed,U2451,West,Medium,2024-09-04,7,Debit Card,item_62,170.88
ORD107425,P1492,Groceries,521.91,2220.77,6188.21,Completed,U3446,East,Low,2024-01-13,6,Credit Card,item_196,2620.51
ORD107427,P1330,Clothing,4090.25,989.47,5902.65,Completed,U3278,East,High,2025-05-13,6,UPI,item_388,1167.57
ORD107431,P1310,Electronics,456.78,3389.0,3087.2,Completed,U3373,West,Medium,2025-06-05,9,UPI,item_374,3999.02
ORD107433,P1605,Clothing,1292.77,1423.28,2510.83,Completed,U3428,East,Medium,2025-10-01,20,Credit Card,item_491,1679.47
ORD107439,P1334,Furniture,3550.85,954.09,5591.59,Completed,U2323,East,Medium,2025-05-01,1,COD,item_255,1125.83
ORD107441,P1810,Clothing,312.52,391.39,6535.7,Completed,U2129,West,Medium,2025-09-05,12,Net Banking,item_427,461.84
ORD107445,P1726,Furniture,2693.97,1477.37,5645.17,Completed,U2702,Central,Low,2025-06-24,5,UPI,item_211,1743.3
ORD107446,P1889,Toys,3525.05,2440.83,3997.9,Completed,U2356,South,Medium,2025-05-10,5,UPI,item_396,2880.18
ORD107454,P1399,Furniture,,1798.65,3354.45,Completed,U2162,Central,High,2025-01-28,13,UPI,item_86,2122.41
ORD107465,P1408,Clothing,277.83,1062.8,4788.55,Completed,U2587,South,High,2024-03-25,7,Net Banking,item_359,1254.1
ORD107479,P1040,Toys,1980.34,834.59,1612.59,Completed,U3310,South,Low,2024-08-05,11,UPI,item_228,984.82
ORD107481,P1259,Sports,3533.95,1298.03,6490.95,Completed,U2871,West,High,2025-02-22,7,Debit Card,item_281,1531.68
ORD107485,P1496,Sports,4341.03,3715.99,4991.82,Completed,U3309,South,Low,2024-03-23,16,COD,item_306,4384.87
ORD107486,P1375,Toys,3411.53,2300.48,925.7,Completed,U2945,Central,Medium,2025-05-31,7,Debit Card,item_482,2714.57
ORD107489,P1008,Furniture,4051.8,1138.84,845.87,Completed,U2522,East,High,2024-12-24,9,Debit Card,item_372,1343.83
ORD107502,P1689,Sports,3081.9,2919.24,2997.98,Completed,U3004,West,High,2024-04-19,20,Credit Card,item_8,3444.7
ORD107507,P1337,Sports,4184.24,3117.12,2296.82,Completed,U3340,South,Low,2024-08-09,11,Credit Card,item_328,3678.2
ORD107510,P1640,Electronics,4934.04,2350.16,7299.4,Completed,U2317,West,High,2024-03-05,4,UPI,item_454,2773.19
ORD107511,P1677,Groceries,,3952.15,990.63,Completed,U2448,West,Low,2025-01-30,16,Debit Card,item_365,4663.54
ORD107520,P1162,Groceries,1341.12,1179.4,6136.43,Completed,U3142,West,High,2024-08-21,11,Net Banking,item_388,1391.69
ORD107523,P1775,Sports,445.49,2475.84,2448.59,Completed,U2834,Central,High,2024-06-25,18,UPI,item_57,2921.49
ORD107529,P1459,Clothing,1108.18,3905.65,3376.0,Completed,U3279,East,Low,2025-05-02,13,UPI,item_443,4608.67
ORD107530,P1927,Clothing,3030.69,2958.44,4483.6,Completed,U3262,South,High,2025-08-16,8,Debit Card,item_394,3490.96
ORD107532,P1936,Toys,86.53,2789.25,4101.16,Completed,U3435,South,Low,2024-06-01,11,UPI,item_343,3291.31
ORD107533,P1755,Groceries,2067.74,2360.91,1282.87,Completed,U2526,South,High,2025-06-19,18,Net Banking,item_329,2785.87
ORD107540,P1827,Toys,1776.23,2033.59,3415.05,Completed,U3137,North,Low,2024-09-05,14,Debit Card,item_366,2399.64
ORD107542,P1544,Clothing,1152.53,1656.42,1519.81,Completed,U3489,North,Medium,2025-05-25,4,Credit Card,item_417,1954.58
ORD107556,P1857,Groceries,1194.92,547.19,919.15,Completed,U2834,West,High,2025-05-20,14,Debit Card,item_309,645.68
ORD107558,P1888,Furniture,814.86,600.51,2023.1,Completed,U2809,East,Medium,2025-10-01,17,Debit Card,item_405,708.6
ORD107565,P1461,Sports,,373.93,5334.45,Completed,U2509,Central,High,2025-02-01,11,Credit Card,item_219,441.24
ORD107569,P1434,Clothing,,3847.7,1409.18,Completed,U2352,South,High,2024-10-03,8,Credit Card,item_186,4540.29
ORD107573,P1729,Books,2304.99,2026.39,2105.28,Completed,U3317,West,Low,2024-04-27,8,Credit Card,item_411,2391.14
ORD107590,P1167,Sports,4223.98,1625.94,2676.78,Completed,U3048,East,Low,2025-04-08,2,Net Banking,item_26,1918.61
ORD107594,P1474,Books,4471.0,3408.92,1448.14,Completed,U3325,East,Low,2025-05-09,8,Credit Card,item_91,4022.53
ORD107596,P1323,Sports,1922.57,2189.27,4610.65,Completed,U2144,West,Medium,2025-09-13,13,Net Banking,item_241,2583.34
ORD107600,P1711,Electronics,438.69,3062.73,4281.27,Completed,U2729,North,High,2024-06-21,5,Net Banking,item_125,3614.02
ORD107602,P1813,Books,4792.73,2588.32,862.47,Completed,U2553,South,Low,2024-10-27,1,COD,item_31,3054.22
ORD107605,P1848,Electronics,1013.2,2113.86,3003.67,Completed,U2236,West,High,2025-10-01,10,Debit Card,item_115,2494.35
ORD107630,P1610,Clothing,1915.45,1394.84,3290.04,Completed,U3118,South,High,2025-03-24,2,UPI,item_171,1645.91
ORD107642,P1323,Books,4986.72,2485.66,7920.7,Completed,U2732,Central,Medium,2024-11-20,15,Net Banking,item_304,2933.08
ORD107643,P1268,Books,87.19,624.03,3544.28,Completed,U2421,Central,High,2025-03-07,4,COD,item_134,736.36
ORD107646,P1485,Electronics,3041.6,65.28,5238.11,Completed,U3028,West,Medium,2024-03-14,19,UPI,item_160,77.03
ORD107648,P1416,Books,512.78,2933.04,1035.81,Completed,U2312,Central,Low,2024-05-03,13,UPI,item_311,3460.99
ORD107650,P1835,Electronics,3198.36,3815.54,4765.23,Completed,U3036,West,Medium,2025-02-19,7,Net Banking,item_352,4502.34
ORD107655,P1329,Clothing,3321.78,749.2,3709.82,Completed,U2825,East,High,2024-10-06,10,UPI,item_170,884.06
ORD107659,P1467,Clothing,515.8,1818.71,6880.91,Completed,U2937,South,High,2024-05-18,11,COD,item_217,2146.08
ORD107665,P1745,Electronics,,1561.4,4485.9,Completed,U2910,South,Low,2024-02-13,15,COD,item_437,1842.45
ORD107668,P1740,Sports,3549.94,3848.85,5923.52,Completed,U2511,South,Medium,2025-04-03,20,Credit Card,item_47,4541.64
ORD107672,P1654,Sports,4191.15,2009.18,6726.52,Completed,U3130,North,Low,2025-09-28,7,Debit Card,item_80,2370.83
ORD107675,P1289,Books,186.09,2884.3,1467.08,Completed,U3010,South,High,2024-03-28,13,Credit Card,item_126,3403.47
ORD107682,P1893,Electronics,4292.3,3567.49,7993.29,Completed,U3088,South,Low,2025-09-29,7,Net Banking,item_247,4209.64
ORD107689,P1935,Furniture,1516.2,2967.13,426.0,Completed,U2454,South,High,2025-05-16,5,COD,item_29,3501.21
ORD107692,P1820,Books,1768.38,531.23,3814.14,Completed,U2927,North,Low,2024-08-01,20,COD,item_69,626.85
ORD107693,P1368,Electronics,4147.67,2574.93,2309.89,Completed,U2680,Central,Low,2025-06-01,3,UPI,item_57,3038.42
ORD107694,P1876,Electronics,2730.11,1394.31,3510.91,Completed,U2397,East,Low,2024-12-21,16,Net Banking,item_307,1645.29
ORD107701,P1784,Electronics,4591.01,837.85,5700.38,Completed,U2302,South,High,2024-01-17,4,Debit Card,item_237,988.66
ORD107714,P1108,Groceries,211.28,638.17,6283.64,Completed,U2616,Central,High,2025-06-07,19,COD,item_111,753.04
ORD107720,P1930,Clothing,1893.16,2509.78,1964.23,Completed,U2224,North,Medium,2024-07-06,15,UPI,item_46,2961.54
ORD107722,P1265,Clothing,2094.69,3736.91,5223.81,Completed,U3076,East,Medium,2024-12-04,8,Net Banking,item_122,4409.55
ORD107724,P1111,Books,4625.85,2820.5,3005.18,Completed,U3463,East,High,2024-12-30,14,Debit Card,item_55,3328.19
ORD107739,P1098,Sports,150.54,798.82,1371.04,Completed,U2692,Central,High,2025-01-09,10,COD,item_52,942.61
ORD107746,P1580,Furniture,1495.74,1324.56,4661.45,Completed,U2354,South,Low,2025-05-26,8,Credit Card,item_68,1562.98
ORD107747,P1609,Sports,3896.61,2746.37,4183.99,Completed,U3006,North,Medium,2024-01-16,2,COD,item_318,3240.72
ORD107764,P1235,Clothing,2846.12,1782.36,7762.43,Completed,U2021,North,Medium,2024-08-15,10,Debit Card,item_305,2103.18
ORD107773,P1463,Books,3102.86,871.27,4312.59,Completed,U2538,North,High,2024-08-12,12,Debit Card,item_88,1028.1
ORD107777,P1955,Electronics,413.1,1787.22,5749.54,Completed,U2876,West,High,2025-07-05,4,Credit Card,item_72,2108.92
ORD107790,P1201,Books,2196.37,2357.06,7999.82,Completed,U2062,East,Medium,2024-04-03,1,UPI,item_465,2781.33
ORD107802,P1175,Books,3011.04,715.48,4625.7,Completed,U2391,West,Medium,2024-05-07,1,Net Banking,item_282,844.27
ORD107805,P1881,Books,1254.4,2195.72,1756.38,Completed,U2296,South,Medium,2025-06-29,10,Credit Card,item_386,2590.95
ORD107807,P1058,Books,95.39,362.78,1279.92,Completed,U2517,East,Low,2024-09-30,5,Debit Card,item_119,428.08
ORD107814,P1257,Sports,948.91,3137.08,4645.62,Completed,U2768,East,Medium,2024-09-13,13,Debit Card,item_371,3701.75
ORD107820,P1722,Clothing,3192.91,1570.62,7477.62,Completed,U2315,North,Medium,2024-05-03,15,Debit Card,item_359,1853.33
ORD107832,P1616,Electronics,1682.54,222.24,5298.41,Completed,U2082,South,Low,2024-03-21,8,COD,item_6,262.24
ORD107834,P1649,Groceries,2387.54,3536.32,2596.93,Completed,U2121,South,High,2025-01-18,13,Credit Card,item_469,4172.86
ORD107836,P1018,Furniture,4449.35,175.8,7117.12,Completed,U2395,West,Medium,2024-12-15,9,UPI,item_460,207.44
ORD107845,P1681,Groceries,926.48,3917.16,3595.8,Completed,U3311,East,Low,2024-09-11,10,Credit Card,item_484,4622.25
ORD107862,P1400,Sports,4683.51,3053.98,7961.03,Completed,U2398,Central,Low,2025-05-04,3,Debit Card,item_49,3603.7
ORD107870,P1790,Clothing,651.61,1004.12,1214.58,Completed,U2346,West,High,2025-07-25,4,COD,item_292,1184.86
ORD107878,P1684,Groceries,725.11,3427.26,5647.76,Completed,U2930,West,Low,2024-06-24,17,UPI,item_155,4044.17
ORD107884,P1728,Books,1128.24,580.97,6066.28,Completed,U2620,Central,Medium,2025-01-18,10,Net Banking,item_305,685.54
ORD107888,P1633,Groceries,,1354.71,7693.0,Completed,U2777,Central,High,2024-12-14,10,UPI,item_60,1598.56
ORD107899,P1156,Groceries,1573.36,3319.38,4174.37,Completed,U3061,West,High,2025-01-29,5,Credit Card,item_422,3916.87
ORD107905,P1709,Toys,350.47,3761.43,6360.05,Completed,U2069,North,High,2024-09-22,17,COD,item_193,4438.49
ORD107907,P1130,Sports,3498.5,2400.61,6523.28,Completed,U2518,East,Low,2024-03-17,1,UPI,item_29,2832.72
ORD107908,P1901,Furniture,4709.7,1257.73,7781.04,Completed,U3454,East,Medium,2024-04-18,6,Debit Card,item_171,1484.12
ORD107909,P1127,Clothing,3234.47,850.05,5503.06,Completed,U3330,Central,Low,2024-06-11,17,UPI,item_452,1003.06
ORD107918,P1501,Sports,3380.69,165.6,7614.09,Completed,U2252,South,Low,2024-10-17,18,UPI,item_373,195.41
ORD107935,P1202,Books,3257.27,3184.25,1565.81,Completed,U2513,East,Low,2024-01-19,14,COD,item_135,3757.42
ORD107936,P1876,Electronics,3913.29,1724.83,3800.88,Completed,U3389,West,Low,2025-05-25,6,Net Banking,item_230,2035.3
ORD107940,P1550,Groceries,,1580.89,4470.1,Completed,U3271,South,High,2024-07-08,2,Debit Card,item_153,1865.45
ORD107942,P1461,Furniture,513.87,3515.82,3795.41,Completed,U2923,West,Medium,2024-05-31,17,UPI,item_229,4148.67
ORD107944,P1203,Clothing,3559.9,1300.24,4396.11,Completed,U2822,East,Medium,2025-09-18,18,Credit Card,item_294,1534.28
ORD107949,P1714,Furniture,3607.78,52.23,6057.62,Completed,U2775,North,Medium,2025-05-27,7,Credit Card,item_241,61.63
ORD107954,P1310,Sports,2624.08,3662.34,1060.68,Completed,U2914,East,Medium,2024-11-24,13,Net Banking,item_97,4321.56
ORD107960,P1641,Books,4212.9,1382.05,4458.42,Completed,U2649,South,High,2025-07-05,20,UPI,item_45,1630.82
ORD107962,P1291,Sports,2835.42,897.79,3424.18,Completed,U2318,East,High,2025-01-15,9,Credit Card,item_162,1059.39
ORD107968,P1893,Books,4994.06,2759.04,6855.92,Completed,U2434,South,Medium,2025-02-20,14,Credit Card,item_92,3255.67
ORD107970,P1276,Groceries,2799.47,2074.72,3713.97,Completed,U3036,Central,High,2025-03-02,13,Credit Card,item_16,2448.17
ORD107976,P1768,Electronics,,786.88,3538.07,Completed,U2516,West,Medium,2024-11-25,12,Net Banking,item_232,928.52
ORD107978,P1205,Toys,3450.65,2510.48,4028.41,Completed,U3258,Central,High,2024-01-16,9,UPI,item_458,2962.37
ORD107979,P1781,Furniture,3327.95,1725.29,3409.11,Completed,U2520,North,Medium,2025-04-24,12,UPI,item_96,2035.84
ORD107986,P1893,Electronics,4312.47,2275.02,7383.07,Completed,U2328,West,Medium,2025-07-24,1,Credit Card,item_440,2684.52
ORD107987,P1078,Clothing,3473.31,1509.41,238.0,Completed,U2889,Central,Low,2024-04-10,11,COD,item_130,1781.1
ORD107990,P1048,Clothing,,843.99,6664.88,Completed,U2642,East,Low,2025-08-09,3,Debit Card,item_380,995.91
ORD108015,P1272,Clothing,250.1,353.39,2620.7,Completed,U2113,West,High,2024-02-16,6,Debit Card,item_358,417.0
ORD108020,P1440,Sports,426.61,3205.3,5089.48,Completed,U2686,West,Medium,2025-06-22,5,Net Banking,item_497,3782.25
ORD108029,P1300,Toys,3682.6,1704.06,1085.26,Completed,U3192,East,Low,2025-05-11,14,UPI,item_299,2010.79
ORD108040,P1116,Toys,3942.46,234.5,7786.26,Completed,U2830,Central,Medium,2024-05-03,12,Net Banking,item_458,276.71
ORD108046,P1717,Electronics,3876.5,3332.39,1477.15,Completed,U3176,West,High,2025-04-30,3,COD,item_99,3932.22
ORD108047,P1009,Toys,394.95,2883.16,7730.86,Completed,U2664,Central,Low,2024-12-13,11,Debit Card,item_473,3402.13
ORD108049,P1496,Toys,2807.0,3616.18,3580.6,Completed,U3331,North,High,2025-09-27,5,UPI,item_396,4267.09
ORD108054,P1901,Sports,2395.5,853.95,7735.45,Completed,U3430,Central,High,2024-11-15,5,Debit Card,item_352,1007.66
ORD108058,P1004,Clothing,,3570.41,7395.18,Completed,U2799,West,Low,2024-06-15,6,COD,item_274,4213.08
ORD108060,P1627,Sports,4381.95,3429.9,525.22,Completed,U2980,South,Low,2024-06-04,9,COD,item_114,4047.28
ORD108061,P1916,Clothing,3270.62,3872.86,3658.09,Completed,U2185,Central,High,2025-07-31,19,UPI,item_392,4569.97
ORD108068,P1861,Toys,1117.03,3021.59,6562.79,Completed,U2599,West,Low,2025-01-23,6,Debit Card,item_366,3565.48
ORD108070,P1569,Sports,4883.99,1288.35,5897.7,Completed,U3207,South,High,2024-05-18,18,COD,item_372,1520.25
ORD108075,P1178,Sports,4882.52,2329.52,2536.67,Completed,U2175,East,High,2024-02-13,6,UPI,item_87,2748.83
ORD108079,P1064,Groceries,4181.97,3089.68,1188.48,Completed,U2121,North,High,2025-01-22,6,COD,item_381,3645.82
ORD108088,P1470,Clothing,923.05,967.24,3174.54,Completed,U3374,Central,High,2024-01-07,7,Credit Card,item_247,1141.34
ORD108090,P1221,Toys,2999.88,3758.1,3569.82,Completed,U2218,West,Medium,2024-03-27,1,Net Banking,item_177,4434.56
ORD108093,P1801,Electronics,3061.7,748.19,3066.64,Completed,U2282,Central,Low,2024-01-15,8,Net Banking,item_388,882.86
ORD108096,P1774,Electronics,985.59,1041.6,2282.65,Completed,U3430,West,Medium,2025-07-22,1,UPI,item_227,1229.09
ORD108097,P1570,Electronics,4362.99,3141.79,3609.31,Completed,U3227,West,High,2025-04-23,11,Debit Card,item_447,3707.31
ORD108101,P1984,Electronics,4197.88,1516.58,6341.47,Completed,U3166,South,Medium,2024-11-11,16,Net Banking,item_436,1789.56
ORD108107,P1902,Clothing,3881.56,3088.73,4932.82,Completed,U2019,Central,Low,2025-08-29,2,COD,item_450,3644.7
ORD108109,P1329,Electronics,2387.41,2595.71,5742.41,Completed,U2137,West,High,2024-01-31,12,Debit Card,item_385,3062.94
ORD108112,P1702,Furniture,1694.19,3765.27,1856.85,Completed,U2205,Central,Low,2025-08-25,7,UPI,item_143,4443.02
ORD108113,P1637,Furniture,4793.36,2033.45,6976.58,Completed,U2140,Central,High,2025-06-04,9,Credit Card,item_149,2399.47
ORD108116,P1507,Groceries,1269.03,1402.54,6802.38,Completed,U2346,South,High,2024-12-21,8,UPI,item_207,1655.0
ORD108126,P1852,Furniture,4256.05,1475.29,6815.45,Completed,U2244,North,Medium,2025-07-13,19,Debit Card,item_466,1740.84
ORD108134,P1844,Furniture,2709.1,968.84,7542.0,Completed,U2561,Central,Medium,2025-08-30,5,Net Banking,item_324,1143.23
ORD108140,P1570,Clothing,1673.14,1183.76,5728.12,Completed,U2183,Central,Low,2024-11-10,12,Debit Card,item_126,1396.84
ORD108147,P1030,Clothing,2725.94,1115.51,6692.6,Completed,U3131,North,Low,2024-12-08,20,UPI,item_449,1316.3
ORD108166,P1463,Groceries,4674.16,2837.2,6797.46,Completed,U3254,North,Low,2025-04-13,19,Debit Card,item_26,3347.9
ORD108167,P1852,Furniture,3381.42,1843.43,4478.73,Completed,U2709,West,Low,2025-01-15,8,COD,item_223,2175.25
ORD108169,P1031,Groceries,3106.88,1495.18,223.97,Completed,U2973,East,Medium,2024-10-18,10,Credit Card,item_13,1764.31
ORD108172,P1270,Toys,4324.71,2603.96,656.02,Completed,U2220,South,Medium,2025-04-10,12,Debit Card,item_141,3072.67
ORD108190,P1285,Toys,4546.27,1839.28,7130.72,Completed,U3416,Central,High,2024-09-13,20,COD,item_187,2170.35
ORD108194,P1507,Books,2346.47,3330.87,4601.34,Completed,U3187,West,Medium,2024-10-23,4,COD,item_445,3930.43
ORD108198,P1142,Books,,3967.87,5269.01,Completed,U3406,Central,High,2025-07-08,14,Debit Card,item_220,4682.09
ORD108200,P1243,Furniture,1447.9,3888.46,5962.39,Completed,U2260,South,Low,2024-08-05,18,COD,item_302,4588.38
ORD108202,P1312,Groceries,1235.32,3765.37,2089.15,Completed,U2767,East,High,2024-03-03,4,Net Banking,item_388,4443.14
ORD108204,P1655,Toys,2952.91,1676.39,3197.45,Completed,U3084,Central,Low,2024-05-15,12,Credit Card,item_76,1978.14
ORD108210,P1290,Sports,901.56,2317.29,1574.81,Completed,U2476,North,Medium,2024-11-10,14,Credit Card,item_154,2734.4
ORD108214,P1073,Groceries,4631.05,2372.41,7068.53,Completed,U2941,North,Low,2024-07-18,5,Debit Card,item_243,2799.44
ORD108216,P1335,Toys,839.54,124.42,5615.29,Completed,U3194,Central,Medium,2024-01-01,14,Debit Card,item_346,146.82
ORD108223,P1762,Groceries,3049.49,3756.69,851.97,Completed,U2434,Central,Medium,2024-01-31,18,UPI,item_198,4432.89
ORD108229,P1350,Toys,4096.84,359.85,5780.4,Completed,U2622,Central,Medium,2025-05-31,13,COD,item_33,424.62
ORD108237,P1379,Groceries,2706.65,836.1,2455.57,Completed,U3300,South,High,2025-05-25,20,Credit Card,item_279,986.6
ORD108240,P1650,Clothing,2741.11,3286.45,6025.1,Completed,U2824,Central,Low,2024-12-02,19,Debit Card,item_475,3878.01
ORD108242,P1539,Toys,4262.94,3066.21,5632.77,Completed,U2102,East,Medium,2025-03-11,16,Net Banking,item_207,3618.13
ORD108250,P1126,Furniture,91.51,1959.24,6122.54,Completed,U3118,East,Low,2025-01-15,7,Debit Card,item_367,2311.9
ORD108254,P1135,Furniture,785.84,807.46,4851.27,Completed,U2378,North,Low,2024-04-26,14,Credit Card,item_38,952.8
ORD108257,P1823,Clothing,80.43,2203.36,6247.37,Completed,U2472,South,High,2024-08-29,13,Credit Card,item_83,2599.96
ORD108263,P1490,Clothing,3912.72,3437.42,1703.43,Completed,U2101,East,High,2024-03-19,14,Debit Card,item_204,4056.16
ORD108264,P1226,Furniture,239.64,702.07,916.65,Completed,U3297,South,High,2024-12-15,7,Debit Card,item_237,828.44
ORD108274,P1735,Electronics,652.9,2881.73,7496.15,Completed,U2364,West,Low,2025-07-24,13,UPI,item_90,3400.44
ORD108277,P1194,Books,452.75,2450.9,7654.36,Completed,U2227,Central,Low,2024-07-10,4,UPI,item_69,2892.06
ORD108288,P1421,Electronics,3394.15,1146.5,2460.53,Completed,U3240,South,Low,2024-01-23,15,Debit Card,item_197,1352.87
ORD108291,P1952,Toys,1346.85,3647.9,7278.3,Completed,U2990,South,Low,2024-06-16,4,Debit Card,item_424,4304.52
ORD108292,P1573,Clothing,960.11,1784.14,2451.4,Completed,U2106,West,Medium,2025-05-29,7,UPI,item_209,2105.29
ORD108300,P1019,Furniture,1484.07,55.02,391.1,Completed,U2981,Central,Low,2025-04-20,1,Credit Card,item_356,64.92
ORD108304,P1130,Clothing,2489.69,1610.26,2566.74,Completed,U2598,East,Medium,2024-02-04,9,UPI,item_342,1900.11
ORD108315,P1039,Books,2682.35,1550.14,1560.5,Completed,U3321,East,High,2024-11-15,14,Net Banking,item_86,1829.17
ORD108319,P1828,Furniture,818.4,65.56,1976.55,Completed,U2642,South,High,2024-10-15,20,Credit Card,item_144,77.36
ORD108320,P1255,Books,4542.87,125.75,5732.09,Completed,U2582,North,Medium,2025-01-15,15,Net Banking,item_140,148.39
ORD108326,P1849,Clothing,,2711.25,3378.63,Completed,U3213,North,Low,2025-04-29,7,COD,item_95,3199.27
ORD108331,P1501,Groceries,2142.3,3009.92,2198.09,Completed,U2590,Central,Low,2025-09-03,13,UPI,item_487,3551.71
ORD108334,P1897,Sports,4072.24,3295.86,7401.53,Completed,U2987,North,High,2024-11-05,20,UPI,item_122,3889.11
ORD108336,P1708,Furniture,1198.55,3937.71,3798.02,Completed,U2825,South,High,2025-02-27,7,COD,item_152,4646.5
ORD108341,P1664,Clothing,989.11,263.61,5699.97,Completed,U3125,East,Medium,2025-09-14,17,Debit Card,item_39,311.06
ORD108346,P1115,Clothing,3181.22,1411.69,3292.22,Completed,U2622,East,Medium,2025-05-03,6,Debit Card,item_206,1665.79
ORD108348,P1903,Groceries,3990.11,1249.52,2017.98,Completed,U2685,Central,Low,2024-01-25,11,Debit Card,item_384,1474.43
ORD108353,P1363,Furniture,972.96,3317.34,3810.96,Completed,U2032,South,Low,2024-10-25,1,Debit Card,item_99,3914.46
ORD108356,P1862,Furniture,,2135.83,6624.9,Completed,U2116,Central,Medium,2024-07-06,15,COD,item_11,2520.28
ORD108360,P1215,Toys,2071.78,3996.39,3748.7,Completed,U2980,East,Low,2025-02-09,7,UPI,item_96,4715.74
ORD108368,P1010,Electronics,3153.13,3372.88,4156.72,Completed,U2531,West,Medium,2024-05-22,17,COD,item_308,3980.0
ORD108377,P1897,Clothing,4058.74,281.17,7329.42,Completed,U2141,North,High,2024-08-21,18,Net Banking,item_400,331.78
ORD108381,P1901,Clothing,3372.16,1983.56,5368.35,Completed,U2004,North,Medium,2025-04-15,15,Net Banking,item_366,2340.6
ORD108384,P1441,Toys,3956.89,1825.4,170.89,Completed,U2105,West,Low,2025-03-16,14,Net Banking,item_188,2153.97
ORD108387,P1337,Electronics,,1296.96,958.6,Completed,U2869,South,High,2025-01-15,20,Net Banking,item_433,1530.41
ORD108398,P1019,Books,3112.57,880.42,6507.15,Completed,U3143,Central,Low,2025-01-10,15,Credit Card,item_479,1038.9
ORD108401,P1213,Toys,3053.79,1231.46,1023.05,Completed,U2679,West,High,2024-09-30,16,COD,item_274,1453.12
ORD108415,P1606,Clothing,4005.84,3429.77,4923.25,Completed,U3207,North,High,2024-04-15,18,Credit Card,item_418,4047.13
ORD108416,P1327,Electronics,4595.3,3818.38,3286.26,Completed,U2494,East,High,2024-06-13,18,Debit Card,item_321,4505.69
ORD108421,P1793,Sports,2263.24,2311.1,5883.72,Completed,U3346,Central,Low,2024-03-10,7,Net Banking,item_161,2727.1
ORD108425,P1388,Sports,,3692.7,2763.89,Completed,U2744,East,High,2024-03-05,16,Net Banking,item_303,4357.39
ORD108436,P1861,Clothing,1992.95,140.18,2711.27,Completed,U3127,South,Medium,2024-05-07,2,Credit Card,item_120,165.41
ORD108438,P1711,Furniture,3902.69,202.75,7328.09,Completed,U2076,Central,Low,2025-08-18,9,Net Banking,item_194,239.24
ORD108443,P1723,Toys,266.7,2494.07,6851.18,Completed,U3085,East,Medium,2024-04-12,1,UPI,item_183,2943.0
ORD108448,P1452,Clothing,2943.33,424.95,3723.43,Completed,U3305,West,High,2024-09-14,17,Net Banking,item_40,501.44
ORD108450,P1235,Furniture,2381.8,390.43,4357.22,Completed,U2466,West,Low,2025-01-07,19,Debit Card,item_224,460.71
ORD108454,P1423,Books,106.31,465.36,5091.65,Completed,U2640,North,Low,2025-06-02,3,Debit Card,item_309,549.12
ORD108463,P1165,Toys,2691.14,1455.17,4429.42,Completed,U2974,East,Low,2025-05-30,8,UPI,item_386,1717.1
ORD108465,P1070,Books,4016.67,1966.97,3135.32,Completed,U2680,South,Medium,2024-07-22,4,UPI,item_298,2321.02
ORD108472,P1132,Sports,3511.68,3453.65,3580.95,Completed,U3163,South,Medium,2024-05-15,17,UPI,item_385,4075.31
ORD108475,P1053,Toys,3627.35,1087.09,7144.52,Completed,U2546,North,Low,2025-07-02,18,Net Banking,item_375,1282.77
ORD108488,P1673,Sports,2045.07,402.95,7076.01,Completed,U2914,Central,High,2025-10-01,17,COD,item_477,475.48
ORD108501,P1622,Toys,4035.86,2954.67,7643.42,Completed,U2568,South,High,2024-02-29,7,UPI,item_156,3486.51
ORD108507,P1506,Groceries,1675.69,2805.59,1361.8,Completed,U2177,East,Medium,2024-07-01,16,Debit Card,item_450,3310.6
ORD108510,P1326,Sports,1550.6,999.91,6170.56,Completed,U2092,East,High,2025-09-21,7,Credit Card,item_33,1179.89
ORD108512,P1417,Books,2529.76,3461.02,2546.95,Completed,U3248,West,High,2024-03-30,4,Net Banking,item_138,4084.0
ORD108513,P1828,Furniture,1326.09,2291.79,4702.33,Completed,U3070,East,High,2024-07-31,13,Debit Card,item_313,2704.31
ORD108517,P1366,Groceries,817.32,3865.08,5798.77,Completed,U2925,North,Medium,2024-06-02,7,Net Banking,item_204,4560.79
ORD108519,P1106,Sports,3842.12,394.03,1552.5,Completed,U3033,Central,Medium,2024-04-19,14,Debit Card,item_132,464.96
ORD108522,P1021,Furniture,4199.64,346.99,208.15,Completed,U2805,East,Low,2025-05-30,7,Debit Card,item_181,409.45
ORD108524,P1278,Groceries,4974.35,870.72,6173.16,Completed,U2677,East,Medium,2025-09-12,9,Debit Card,item_500,1027.45
ORD108534,P1918,Sports,1027.54,1492.73,3552.85,Completed,U2466,Central,Low,2024-11-30,8,Net Banking,item_311,1761.42
ORD108537,P1692,Books,98.06,455.36,137.34,Completed,U2883,West,Low,2024-03-30,17,Credit Card,item_152,537.32
ORD108545,P1863,Books,,820.77,3789.92,Completed,U2465,West,Low,2024-06-05,11,Credit Card,item_187,968.51
ORD108547,P1670,Groceries,4077.78,3709.71,4432.86,Completed,U3269,North,High,2024-11-03,12,COD,item_8,4377.46
ORD108550,P1777,Electronics,765.64,2455.08,2852.31,Completed,U2512,Central,Medium,2024-01-31,9,Net Banking,item_345,2896.99
ORD108552,P1965,Toys,680.17,1709.72,933.79,Completed,U2928,South,Medium,2024-01-07,11,COD,item_250,2017.47
ORD108554,P1668,Sports,2078.89,1563.65,1042.56,Completed,U2546,East,Medium,2024-06-17,8,Debit Card,item_312,1845.11
ORD108562,P1402,Toys,2954.79,2942.62,7204.21,Completed,U3335,West,Low,2025-01-06,6,UPI,item_364,3472.29
ORD108567,P1702,Books,4777.51,1988.93,7824.29,Completed,U3141,South,High,2025-02-03,12,UPI,item_497,2346.94
ORD108568,P1648,Clothing,2580.17,513.79,4932.55,Completed,U3374,East,Low,2024-09-27,6,UPI,item_273,606.27
ORD108576,P1613,Furniture,1559.38,1283.52,2046.8,Completed,U2184,South,Medium,2024-04-24,12,Net Banking,item_142,1514.55
ORD108577,P1800,Electronics,4093.79,211.22,7984.85,Completed,U2272,West,Low,2025-01-05,15,Credit Card,item_412,249.24
ORD108583,P1546,Toys,2811.1,1955.35,397.09,Completed,U2169,South,High,2024-03-28,10,UPI,item_486,2307.31
ORD108585,P1456,Clothing,3803.17,1184.39,448.26,Completed,U3355,East,Low,2024-02-04,6,Debit Card,item_76,1397.58
ORD108587,P1813,Books,2769.56,2565.89,6961.44,Completed,U3150,Central,High,2024-08-28,17,Credit Card,item_495,3027.75
ORD108597,P1872,Clothing,720.35,3757.07,4754.62,Completed,U3211,North,Low,2025-04-30,8,Credit Card,item_116,4433.34
ORD108598,P1473,Groceries,2164.86,1037.83,4547.39,Completed,U2475,Central,Medium,2024-04-30,7,Debit Card,item_306,1224.64
ORD108602,P1155,Toys,1039.99,3333.35,525.61,Completed,U2481,East,Low,2024-09-25,14,Net Banking,item_493,3933.35
ORD108609,P1621,Clothing,3015.91,218.75,6590.35,Completed,U2153,East,Low,2024-02-13,15,Net Banking,item_365,258.13
ORD108611,P1259,Sports,2641.16,1573.1,5891.66,Completed,U2656,Central,Medium,2024-01-02,7,COD,item_479,1856.26
ORD108616,P1398,Furniture,998.62,2610.08,779.51,Completed,U3284,West,Medium,2025-01-09,13,COD,item_268,3079.89
ORD108619,P1263,Toys,4980.28,488.11,2650.87,Completed,U2815,East,High,2025-09-25,16,Credit Card,item_248,575.97
ORD108622,P1872,Electronics,2725.27,3366.74,4589.66,Completed,U3100,East,Low,2024-10-07,15,UPI,item_321,3972.75
ORD108625,P1076,Electronics,4035.2,3210.06,4349.39,Completed,U2593,South,High,2024-06-27,4,COD,item_76,3787.87
ORD108634,P1843,Furniture,575.21,3813.26,2389.24,Completed,U2700,Central,Medium,2025-04-19,15,Net Banking,item_105,4499.65
ORD108639,P1806,Books,1057.13,2696.47,7090.61,Completed,U2921,Central,Medium,2024-08-04,7,COD,item_181,3181.83
ORD108643,P1265,Toys,4830.01,3075.16,2292.86,Completed,U2501,North,High,2024-05-21,6,Credit Card,item_260,3628.69
ORD108652,P1508,Toys,1538.22,1362.7,4592.12,Completed,U2536,East,Low,2025-08-22,2,Credit Card,item_156,1607.99
ORD108654,P1041,Clothing,4148.5,1940.76,6733.25,Completed,U2473,West,High,2024-04-22,6,Debit Card,item_262,2290.1
ORD108660,P1406,Books,3498.05,3054.87,6010.92,Completed,U2661,South,Low,2024-12-29,12,UPI,item_239,3604.75
ORD108662,P1059,Electronics,2875.08,1140.27,6542.59,Completed,U2430,West,Low,2025-07-06,10,Credit Card,item_424,1345.52
ORD108665,P1289,Clothing,,3057.6,7215.28,Completed,U3170,West,Low,2024-02-06,6,Credit Card,item_342,3607.97
ORD108670,P1807,Books,4173.81,710.38,5413.21,Completed,U2039,Central,Medium,2025-05-26,13,Net Banking,item_488,838.25
ORD108674,P1204,Electronics,612.4,1695.25,6356.58,Completed,U3111,South,High,2024-05-19,6,COD,item_113,2000.4
ORD108691,P1156,Groceries,52.76,2036.01,578.95,Completed,U3418,West,High,2025-01-28,8,COD,item_324,2402.49
ORD108693,P1991,Groceries,593.59,279.96,6273.86,Completed,U2734,West,High,2025-06-04,2,Debit Card,item_216,330.35
ORD108701,P1618,Furniture,1149.27,3261.64,2203.37,Completed,U2443,South,Low,2024-04-26,16,Credit Card,item_461,3848.74
ORD108703,P1241,Books,736.3,1413.39,3045.52,Completed,U2924,West,High,2024-07-13,6,Credit Card,item_483,1667.8
ORD108711,P1145,Clothing,2747.94,578.8,543.05,Completed,U2145,East,Medium,2024-09-09,2,UPI,item_449,682.98
ORD108717,P1199,Toys,,3034.06,6033.94,Completed,U2135,East,Low,2024-02-24,12,UPI,item_155,3580.19
ORD108719,P1590,Toys,2029.79,1828.07,2258.83,Completed,U3009,Central,High,2024-03-12,12,Credit Card,item_308,2157.12
ORD108732,P1777,Clothing,2356.08,3503.34,575.62,Completed,U2661,Central,Medium,2025-07-04,1,COD,item_16,4133.94
ORD108733,P1246,Toys,2897.0,2058.6,4727.45,Completed,U2261,East,Medium,2025-05-15,3,UPI,item_221,2429.15
ORD108740,P1970,Toys,260.07,445.65,4884.94,Completed,U2634,Central,High,2025-06-17,5,COD,item_486,525.87
ORD108743,P1650,Books,3533.61,3312.83,3193.36,Completed,U2353,East,High,2024-11-27,17,Net Banking,item_364,3909.14
ORD108748,P1182,Furniture,816.73,3082.0,7763.04,Completed,U2279,East,Low,2025-10-01,17,Debit Card,item_204,3636.76
ORD108751,P1515,Toys,3571.11,1259.96,2118.41,Completed,U2397,East,Medium,2025-02-23,7,UPI,item_152,1486.75
ORD108755,P1092,Sports,3254.82,243.55,2948.99,Completed,U3450,South,Medium,2025-01-02,18,COD,item_224,287.39
ORD108756,P1216,Groceries,4401.72,1596.78,1786.58,Completed,U2748,West,High,2024-08-15,15,Credit Card,item_345,1884.2
ORD108758,P1175,Clothing,929.01,1385.27,7020.21,Completed,U2457,West,High,2024-01-24,15,Credit Card,item_72,1634.62
ORD108762,P1277,Electronics,4604.6,3024.4,4264.2,Completed,U3445,West,Medium,2024-01-04,8,Net Banking,item_53,3568.79
ORD108763,P1199,Clothing,3351.49,3035.04,579.62,Completed,U2531,Central,Medium,2024-05-28,17,COD,item_428,3581.35
ORD108771,P1764,Sports,77.8,3166.96,3869.39,Completed,U2528,East,Medium,2024-11-20,5,UPI,item_347,3737.01
ORD108772,P1037,Books,1857.08,2370.05,5259.13,Completed,U3310,West,Medium,2025-02-18,17,COD,item_119,2796.66
ORD108788,P1712,Furniture,4267.63,1650.33,7558.1,Completed,U2287,East,High,2024-09-25,9,UPI,item_203,1947.39
ORD108793,P1014,Books,1779.48,732.05,3621.14,Completed,U2987,West,Low,2025-03-05,15,COD,item_7,863.82
ORD108795,P1087,Clothing,4864.57,43.76,1603.11,Completed,U2814,West,High,2025-03-03,5,UPI,item_18,51.64
ORD108800,P1979,Clothing,3677.34,293.06,3583.29,Completed,U2150,West,Low,2024-08-17,11,Credit Card,item_485,345.81
ORD108806,P1075,Furniture,3083.16,147.82,7056.84,Completed,U3283,East,Low,2024-05-11,17,Debit Card,item_115,174.43
ORD108807,P1679,Groceries,65.03,2512.04,6637.04,Completed,U2439,West,Low,2024-09-12,1,Net Banking,item_203,2964.21
ORD108819,P1479,Books,301.57,3821.52,160.49,Completed,U2027,North,Low,2024-10-11,3,Credit Card,item_48,4509.39
ORD108822,P1155,Sports,4346.3,3377.31,4784.12,Completed,U2949,North,Medium,2024-06-14,9,COD,item_423,3985.23
ORD108827,P1405,Electronics,2293.45,3130.72,1229.06,Completed,U3468,South,Low,2025-02-11,6,UPI,item_167,3694.25
ORD108832,P1190,Electronics,144.67,3381.57,3043.86,Completed,U2042,East,Medium,2024-08-06,6,Debit Card,item_427,3990.25
ORD108842,P1891,Groceries,2980.45,1793.97,6764.65,Completed,U2656,South,Low,2025-05-15,6,Net Banking,item_405,2116.88
ORD108855,P1182,Sports,,585.36,3542.75,Completed,U3184,West,Medium,2024-02-24,10,COD,item_242,690.72
ORD108860,P1316,Groceries,2699.46,668.14,2103.77,Completed,U3033,South,High,2025-08-30,4,COD,item_144,788.41
ORD108863,P1159,Toys,2795.46,2876.5,4980.4,Completed,U2688,South,Medium,2024-07-31,17,COD,item_188,3394.27
ORD108866,P1092,Furniture,3392.14,3529.98,2338.47,Completed,U2078,West,Low,2025-08-17,15,UPI,item_399,4165.38
ORD108867,P1663,Clothing,3385.39,804.32,683.4,Completed,U2062,North,Medium,2024-12-18,4,Credit Card,item_299,949.1
ORD108872,P1788,Groceries,329.57,1407.5,113.46,Completed,U3377,North,Low,2025-02-02,12,Debit Card,item_168,1660.85
ORD108874,P1238,Toys,3459.9,1781.89,6033.89,Completed,U3112,North,Low,2024-12-21,6,COD,item_462,2102.63
ORD108879,P1107,Clothing,961.63,2416.88,2038.28,Completed,U3101,Central,Medium,2025-07-21,8,COD,item_262,2851.92
ORD108882,P1172,Electronics,221.09,3316.82,7176.11,Completed,U2058,West,Medium,2025-05-24,2,Net Banking,item_30,3913.85
ORD108886,P1488,Furniture,4937.45,1244.11,6944.26,Completed,U2907,South,Medium,2025-09-04,11,UPI,item_187,1468.05
ORD108890,P1491,Books,3617.07,975.91,5403.29,Completed,U2823,North,Medium,2025-01-30,18,Debit Card,item_351,1151.57
ORD108901,P1345,Sports,1746.75,2239.0,7590.22,Completed,U3316,East,High,2025-01-26,18,Net Banking,item_281,2642.02
ORD108914,P1972,Sports,3667.71,470.71,1092.61,Completed,U3297,East,Low,2024-02-20,14,Debit Card,item_264,555.44
ORD108916,P1710,Electronics,2640.38,3951.62,1617.28,Completed,U2150,East,Medium,2025-02-15,18,UPI,item_328,4662.91
ORD108930,P1984,Books,1621.38,745.26,5398.7,Completed,U2957,West,High,2025-08-30,9,Credit Card,item_152,879.41
ORD108934,P1963,Toys,4219.19,3332.91,5099.28,Completed,U2305,Central,High,2024-12-05,20,Net Banking,item_481,3932.83
ORD108935,P1355,Electronics,208.0,1363.59,6386.32,Completed,U3388,South,Low,2024-06-23,15,UPI,item_67,1609.04
ORD108939,P1108,Sports,3825.11,1444.93,4018.67,Completed,U2258,West,Low,2025-02-15,12,Debit Card,item_495,1705.02
ORD108943,P1429,Electronics,2323.92,702.11,2693.41,Completed,U3425,East,High,2025-02-14,4,Credit Card,item_169,828.49
ORD108956,P1766,Toys,,751.57,4580.48,Completed,U3096,West,Medium,2025-05-27,16,COD,item_316,886.85
ORD108958,P1810,Sports,1891.33,1835.44,5466.74,Completed,U2061,East,Medium,2025-09-19,17,Credit Card,item_140,2165.82
ORD108965,P1584,Electronics,484.44,3041.96,7374.85,Completed,U3078,West,Medium,2025-06-06,11,Credit Card,item_50,3589.51
ORD108966,P1474,Electronics,73.66,2548.51,6825.18,Completed,U3482,West,Low,2025-09-26,13,Credit Card,item_85,3007.24
ORD108970,P1870,Groceries,3099.05,620.63,1555.56,Completed,U3249,North,Low,2025-07-06,3,UPI,item_406,732.34
ORD108990,P1593,Electronics,3108.57,603.05,3105.1,Completed,U3094,East,High,2025-02-07,15,UPI,item_475,711.6
ORD109005,P1143,Toys,738.31,2723.0,2660.04,Completed,U2738,South,High,2025-01-27,17,Debit Card,item_310,3213.14
ORD109006,P1909,Furniture,1042.93,1501.5,3774.86,Completed,U3010,Central,Medium,2024-05-11,7,COD,item_191,1771.77
ORD109008,P1175,Clothing,4834.75,3503.13,5941.11,Completed,U2286,West,High,2025-03-05,15,Net Banking,item_79,4133.69
ORD109010,P1142,Toys,3105.22,1140.22,4887.99,Completed,U2194,North,Medium,2025-04-26,16,Net Banking,item_371,1345.46
ORD109027,P1022,Books,921.39,3354.09,3972.62,Completed,U2681,Central,Low,2025-02-01,9,Net Banking,item_230,3957.83
ORD109031,P1221,Groceries,4272.27,2817.32,2833.51,Completed,U3049,South,Low,2024-02-27,14,COD,item_179,3324.44
ORD109033,P1401,Books,2883.87,1868.18,4444.94,Completed,U2339,West,Low,2025-09-20,18,Net Banking,item_47,2204.45
ORD109035,P1681,Sports,2650.79,892.71,2082.41,Completed,U2742,Central,Medium,2024-01-27,13,UPI,item_380,1053.4
ORD109036,P1654,Sports,2261.92,3955.69,4419.08,Completed,U2359,East,High,2024-07-30,3,Net Banking,item_122,4667.71
ORD109037,P1814,Furniture,3326.64,234.17,5228.98,Completed,U3329,West,Medium,2024-01-20,2,UPI,item_488,276.32
ORD109050,P1795,Books,4019.3,3483.18,1602.92,Completed,U2078,West,Medium,2025-05-26,7,Debit Card,item_122,4110.15
ORD109053,P1917,Clothing,507.55,2356.31,4104.77,Completed,U3256,North,Medium,2025-09-22,13,Credit Card,item_494,2780.45
ORD109059,P1645,Sports,2668.03,2928.04,6808.82,Completed,U3291,South,High,2024-07-07,3,COD,item_264,3455.09
ORD109064,P1937,Electronics,3773.14,3591.05,5736.18,Completed,U2304,West,High,2025-06-11,11,Credit Card,item_229,4237.44
ORD109070,P1132,Groceries,639.99,548.79,658.15,Completed,U2329,North,Low,2025-05-17,11,Net Banking,item_345,647.57
ORD109072,P1535,Sports,2920.13,3273.9,4710.93,Completed,U2890,East,Medium,2025-07-15,6,Net Banking,item_349,3863.2
ORD109080,P1306,Sports,782.17,2092.52,1856.54,Completed,U2145,South,Low,2025-07-20,17,UPI,item_54,2469.17
ORD109083,P1087,Groceries,3486.55,342.77,4757.49,Completed,U2941,Central,High,2024-08-20,17,Debit Card,item_392,404.47
ORD109086,P1246,Books,2706.64,2220.32,4256.68,Completed,U3022,West,High,2024-12-01,2,UPI,item_17,2619.98
ORD109094,P1293,Groceries,3631.0,1806.24,4710.43,Completed,U2458,North,Medium,2025-05-18,12,Debit Card,item_34,2131.36
ORD109102,P1354,Clothing,1809.07,3919.44,4697.52,Completed,U2216,North,Low,2024-08-27,5,Net Banking,item_235,4624.94
ORD109104,P1792,Books,163.99,3399.58,1371.6,Completed,U3366,West,Medium,2025-02-26,13,Credit Card,item_346,4011.5
ORD109107,P1648,Electronics,4394.19,2946.18,1286.75,Completed,U3372,West,High,2024-12-26,15,Credit Card,item_493,3476.49
ORD109111,P1253,Toys,3807.63,2481.03,3658.92,Completed,U2815,West,Low,2025-02-12,11,COD,item_264,2927.62
ORD109112,P1995,Books,2088.45,1340.96,1887.88,Completed,U3209,West,Medium,2025-02-01,18,Credit Card,item_337,1582.33
ORD109113,P1786,Furniture,715.9,871.52,3163.45,Completed,U2761,South,Low,2024-05-25,8,Debit Card,item_340,1028.39
ORD109116,P1736,Sports,4286.02,2351.23,648.4,Completed,U2959,Central,Medium,2024-10-30,19,UPI,item_225,2774.45
ORD109118,P1552,Books,1617.97,3778.28,7036.2,Completed,U2429,West,Low,2025-09-15,17,Debit Card,item_482,4458.37
ORD109123,P1651,Sports,2584.79,124.24,1444.38,Completed,U2149,Central,Low,2024-09-13,13,UPI,item_386,146.6
ORD109130,P1916,Books,1366.32,1610.04,1957.93,Completed,U3211,Central,Medium,2025-02-23,11,Credit Card,item_237,1899.85
ORD109137,P1409,Toys,2220.1,2772.43,1033.4,Completed,U2402,South,Low,2024-11-20,15,Debit Card,item_206,3271.47
ORD109138,P1613,Toys,4733.73,1530.23,1807.6,Completed,U2576,West,Medium,2024-12-27,12,UPI,item_385,1805.67
ORD109140,P1911,Books,4839.77,2536.5,6033.74,Completed,U2563,Central,Medium,2024-12-18,3,Net Banking,item_215,2993.07
ORD109146,P1585,Clothing,4351.7,1417.56,7444.21,Completed,U2630,West,Low,2024-09-20,9,Credit Card,item_118,1672.72
ORD109152,P1582,Sports,,3907.0,4634.18,Completed,U2898,South,Low,2025-06-17,5,Debit Card,item_478,4610.26
ORD109156,P1525,Books,2414.82,3522.08,3535.12,Completed,U3213,North,High,2024-07-14,3,UPI,item_16,4156.05
ORD109160,P1594,Sports,4259.42,1741.84,7788.85,Completed,U3465,North,Medium,2025-09-16,17,COD,item_188,2055.37
ORD109166,P1596,Furniture,2092.71,3354.77,1066.38,Completed,U2805,West,Medium,2024-09-05,5,Debit Card,item_377,3958.63
ORD109167,P1712,Toys,606.33,1173.86,7650.88,Completed,U2045,North,High,2025-06-10,8,Net Banking,item_108,1385.15
ORD109176,P1786,Electronics,3639.78,3952.3,6618.27,Completed,U2577,East,Low,2024-05-17,2,COD,item_95,4663.71
ORD109190,P1706,Toys,3627.55,194.78,6662.8,Completed,U2716,North,High,2025-04-02,7,Credit Card,item_186,229.84
ORD109195,P1168,Toys,502.81,3456.38,6811.04,Completed,U2681,North,Low,2024-07-06,16,Net Banking,item_25,4078.53
ORD109198,P1901,Sports,2428.08,1971.66,3373.55,Completed,U3302,Central,High,2024-03-10,14,COD,item_107,2326.56
ORD109205,P1766,Books,2817.88,658.22,7719.15,Completed,U3009,Central,Low,2025-09-21,4,Debit Card,item_21,776.7
ORD109208,P1674,Furniture,4370.79,3136.47,4065.88,Completed,U2572,North,High,2024-07-26,2,Net Banking,item_168,3701.03
ORD109210,P1461,Toys,4957.92,755.23,1114.56,Completed,U2936,East,High,2024-09-02,1,Net Banking,item_371,891.17
ORD109213,P1036,Toys,4584.11,3030.54,7285.07,Completed,U2577,South,Low,2025-08-15,15,Net Banking,item_475,3576.04
ORD109218,P1886,Toys,,1201.75,547.03,Completed,U2078,West,Medium,2024-09-29,9,Net Banking,item_489,1418.06
ORD109227,P1940,Sports,358.98,819.52,3744.91,Completed,U2717,West,Medium,2024-07-26,15,Credit Card,item_269,967.03
ORD109228,P1201,Sports,250.54,3148.02,4406.59,Completed,U3273,Central,High,2024-07-15,16,COD,item_216,3714.66
ORD109229,P1539,Sports,2904.73,2579.8,3596.22,Completed,U2634,North,Low,2024-11-26,4,Debit Card,item_321,3044.16
ORD109236,P1410,Toys,375.52,528.72,5546.52,Completed,U3145,North,Medium,2024-11-29,8,Debit Card,item_196,623.89
ORD109250,P1023,Sports,987.99,2132.0,829.44,Completed,U2400,South,High,2025-02-26,12,COD,item_200,2515.76
ORD109255,P1380,Groceries,,2403.18,1618.17,Completed,U2494,Central,High,2024-04-13,12,Debit Card,item_394,2835.75
ORD109262,P1550,Furniture,1628.96,2669.76,4581.48,Completed,U2525,North,High,2025-04-01,16,Debit Card,item_51,3150.32
ORD109275,P1596,Electronics,2481.6,3194.76,5396.28,Completed,U2450,Central,High,2025-05-21,13,COD,item_348,3769.82
ORD109277,P1044,Groceries,580.24,465.08,6248.17,Completed,U2125,East,Low,2024-06-08,19,Net Banking,item_358,548.79
ORD109288,P1169,Clothing,708.09,1904.29,946.49,Completed,U2904,North,High,2024-07-21,12,COD,item_376,2247.06
ORD109292,P1797,Groceries,2343.27,2549.53,5768.17,Completed,U2907,West,Low,2025-06-10,14,Net Banking,item_417,3008.45
ORD109300,P1491,Toys,132.41,3700.84,2337.6,Completed,U3185,West,High,2025-05-30,18,Credit Card,item_53,4366.99
ORD109305,P1064,Groceries,4899.26,1149.4,2819.01,Completed,U2847,North,Medium,2025-06-19,3,Credit Card,item_122,1356.29
ORD109313,P1758,Furniture,4927.02,1354.18,641.72,Completed,U3102,South,High,2024-09-01,11,COD,item_364,1597.93
ORD109325,P1854,Sports,1967.36,2940.99,6118.47,Completed,U3105,East,High,2024-11-21,11,COD,item_116,3470.37
ORD109334,P1273,Groceries,2206.88,866.78,5941.95,Completed,U2477,North,High,2025-07-25,2,Debit Card,item_473,1022.8
ORD109343,P1969,Furniture,221.08,2160.65,5609.96,Completed,U2643,North,High,2025-03-14,15,Credit Card,item_498,2549.57
ORD109345,P1833,Groceries,2848.22,1061.24,5322.61,Completed,U3425,West,High,2025-07-26,1,Net Banking,item_332,1252.26
ORD109364,P1261,Books,1082.37,2042.19,5182.74,Completed,U2023,West,High,2025-09-04,10,Credit Card,item_394,2409.78
ORD109368,P1525,Sports,1550.06,3821.38,6034.31,Completed,U3014,Central,High,2025-06-02,16,Debit Card,item_378,4509.23
ORD109375,P1372,Electronics,2529.88,3720.21,3203.87,Completed,U2736,South,Low,2024-08-26,7,COD,item_451,4389.85
ORD109382,P1486,Sports,3977.46,2837.58,7275.11,Completed,U2952,Central,High,2025-06-06,11,Credit Card,item_182,3348.34
ORD109402,P1499,Toys,3900.8,3597.57,7186.65,Completed,U3491,North,Low,2025-03-01,6,Debit Card,item_471,4245.13
ORD109403,P1903,Groceries,2963.26,1902.75,5631.07,Completed,U2893,Central,Medium,2024-10-13,7,Debit Card,item_326,2245.25
ORD109410,P1112,Electronics,861.74,1299.4,1178.68,Completed,U3388,South,High,2024-11-22,17,Debit Card,item_178,1533.29
ORD109412,P1845,Groceries,2752.39,3604.43,2609.91,Completed,U2078,South,Medium,2025-05-16,16,Net Banking,item_105,4253.23
ORD109414,P1951,Furniture,2863.27,3399.73,3401.06,Completed,U2714,South,High,2025-04-24,4,Credit Card,item_296,4011.68
ORD109415,P1888,Sports,4012.37,2490.74,6918.29,Completed,U2206,Central,Low,2024-11-13,17,UPI,item_200,2939.07
ORD109417,P1408,Books,2850.27,3216.66,4820.02,Completed,U2219,East,High,2025-06-10,13,UPI,item_384,3795.66
ORD109424,P1305,Sports,1586.18,2928.73,697.91,Completed,U3367,East,Low,2025-09-10,20,Credit Card,item_302,3455.9
ORD109425,P1202,Groceries,2490.34,3099.64,1830.09,Completed,U2418,West,High,2024-09-19,5,Credit Card,item_383,3657.58
ORD109427,P1209,Furniture,190.94,2863.72,1550.93,Completed,U2988,East,High,2024-09-26,7,COD,item_90,3379.19
ORD109433,P1017,Toys,1430.42,2594.81,3836.53,Completed,U2706,West,Medium,2025-01-25,8,UPI,item_206,3061.88
ORD109449,P1892,Electronics,4658.37,2031.24,6655.62,Completed,U2542,South,High,2025-09-29,18,Net Banking,item_110,2396.86
ORD109450,P1207,Furniture,4967.19,2603.3,6487.94,Completed,U3390,North,Medium,2024-09-30,17,Credit Card,item_240,3071.89
ORD109455,P1241,Groceries,1721.66,3482.2,4245.8,Completed,U2054,Central,Medium,2024-08-15,5,Net Banking,item_195,4109.0
ORD109458,P1896,Books,687.56,3830.69,3589.99,Completed,U3098,South,Low,2024-04-12,2,Credit Card,item_1,4520.21
ORD109463,P1282,Furniture,4063.28,1198.59,4542.25,Completed,U2005,South,High,2025-08-23,17,Net Banking,item_380,1414.34
ORD109466,P1741,Sports,4871.55,2447.02,4980.75,Completed,U2695,Central,Medium,2025-09-02,20,UPI,item_207,2887.48
ORD109469,P1747,Toys,3177.31,3192.12,2673.82,Completed,U3049,East,Medium,2025-09-20,1,UPI,item_379,3766.7
ORD109478,P1519,Toys,3821.05,1502.64,6141.19,Completed,U2499,North,High,2025-10-01,8,COD,item_281,1773.12
ORD109485,P1056,Groceries,882.75,3672.82,6682.97,Completed,U2503,West,Low,2024-02-02,9,Net Banking,item_61,4333.93
ORD109491,P1100,Groceries,3741.15,937.76,7354.31,Completed,U3293,Central,High,2025-05-26,7,Credit Card,item_2,1106.56
ORD109495,P1129,Furniture,4033.94,3017.29,7826.34,Completed,U2574,Central,Medium,2024-04-21,4,Net Banking,item_323,3560.4
ORD109498,P1882,Furniture,4873.43,1050.96,480.06,Completed,U3149,South,Low,2024-12-20,2,UPI,item_239,1240.13
ORD109508,P1017,Furniture,111.74,2872.3,2572.34,Completed,U3359,West,Low,2024-08-21,14,Credit Card,item_23,3389.31
ORD109528,P1421,Clothing,3586.14,484.88,1399.15,Completed,U2097,South,High,2024-04-26,15,Debit Card,item_148,572.16
ORD109529,P1325,Sports,2972.55,496.75,4373.89,Completed,U2521,East,Medium,2024-01-25,3,UPI,item_401,586.17
ORD109541,P1025,Furniture,999.55,475.94,1823.32,Completed,U2673,North,Low,2024-03-25,12,Net Banking,item_359,561.61
ORD109542,P1828,Toys,2814.56,1550.45,7770.05,Completed,U2519,West,Medium,2024-09-02,10,Net Banking,item_163,1829.53
ORD109544,P1451,Electronics,2405.64,1377.87,1448.81,Completed,U2204,Central,High,2025-08-27,16,UPI,item_411,1625.89
ORD109570,P1581,Furniture,3946.81,1794.82,6632.87,Completed,U2030,East,High,2024-09-28,2,Debit Card,item_161,2117.89
ORD109574,P1708,Toys,3881.44,1297.0,202.61,Completed,U2984,East,High,2024-10-29,8,UPI,item_371,1530.46
ORD109576,P1987,Electronics,3034.15,3800.71,5646.57,Completed,U2747,South,Medium,2024-04-24,16,Net Banking,item_410,4484.84
ORD109586,P1184,Groceries,4496.89,2479.41,1559.85,Completed,U3388,West,Low,2024-08-27,6,Credit Card,item_224,2925.7
ORD109587,P1743,Sports,3428.36,3229.56,6498.46,Completed,U3344,North,High,2024-01-27,16,COD,item_251,3810.88
ORD109595,P1427,Books,2225.64,2764.25,772.25,Completed,U2633,West,Low,2024-11-18,17,Net Banking,item_301,3261.82
ORD109597,P1443,Sports,236.99,3318.8,4936.63,Completed,U2134,West,Low,2024-07-04,11,Net Banking,item_486,3916.18
ORD109608,P1106,Clothing,4700.95,2091.3,6080.44,Completed,U2189,West,High,2025-10-01,18,Net Banking,item_283,2467.73
ORD109612,P1512,Clothing,3450.0,3121.76,5967.98,Completed,U2207,South,Low,2025-01-10,14,COD,item_229,3683.68
ORD109617,P1770,Sports,2068.89,128.47,3668.91,Completed,U3059,North,Medium,2025-05-25,16,Net Banking,item_166,151.59
ORD109619,P1488,Groceries,1546.64,1915.27,4064.7,Completed,U3289,South,High,2024-04-12,12,COD,item_345,2260.02
ORD109622,P1504,Furniture,117.12,3758.21,2926.79,Completed,U2839,North,High,2024-04-10,15,COD,item_498,4434.69
ORD109624,P1876,Clothing,159.83,3764.94,6417.85,Completed,U2348,East,Medium,2024-08-09,2,COD,item_206,4442.63
ORD109638,P1528,Groceries,405.43,2146.43,656.57,Completed,U2978,East,High,2024-12-24,14,Net Banking,item_250,2532.79
ORD109643,P1943,Groceries,2082.15,3649.9,3012.92,Completed,U3377,North,High,2024-03-06,4,Credit Card,item_222,4306.88
ORD109646,P1926,Sports,3842.28,342.38,7677.37,Completed,U2092,Central,High,2024-03-06,16,UPI,item_411,404.01
ORD109662,P1241,Clothing,1243.2,3933.94,3946.7,Completed,U2666,East,Low,2024-06-18,20,Credit Card,item_39,4642.05
ORD109690,P1122,Furniture,1394.53,3252.69,7506.75,Completed,U3429,South,High,2025-02-18,10,COD,item_84,3838.17
ORD109695,P1782,Furniture,1318.94,1535.13,3773.62,Completed,U3007,East,Low,2025-06-29,18,Net Banking,item_104,1811.45
ORD109696,P1500,Clothing,4884.09,169.95,2868.08,Completed,U3441,West,High,2024-10-29,4,Credit Card,item_151,200.54
ORD109699,P1419,Electronics,333.75,3063.64,7993.74,Completed,U2653,North,High,2024-12-04,19,Net Banking,item_418,3615.1
ORD109711,P1481,Furniture,2445.06,870.56,403.89,Completed,U2394,East,Low,2024-01-13,4,Net Banking,item_19,1027.26
ORD109717,P1573,Groceries,1705.95,3438.56,5787.9,Completed,U2733,East,High,2025-02-04,6,Debit Card,item_262,4057.5
ORD109725,P1070,Clothing,,444.03,4902.16,Completed,U2518,South,Low,2025-01-24,11,UPI,item_52,523.96
ORD109727,P1381,Sports,2334.27,277.7,1246.27,Completed,U2035,South,Medium,2025-06-13,5,Credit Card,item_387,327.69
ORD109731,P1959,Toys,2928.21,1163.2,719.2,Completed,U2840,Central,Low,2024-07-12,9,UPI,item_102,1372.58
ORD109741,P1397,Electronics,3209.56,113.71,5583.6,Completed,U2158,Central,High,2024-06-10,1,Net Banking,item_130,134.18
ORD109749,P1578,Books,3512.49,1713.51,5444.83,Completed,U3102,West,Medium,2025-08-17,5,Credit Card,item_136,2021.94
ORD109759,P1499,Books,4657.73,2762.44,5151.1,Completed,U2793,Central,Low,2025-09-20,3,Debit Card,item_34,3259.68
ORD109762,P1785,Furniture,2051.88,3601.33,487.16,Completed,U2859,South,Medium,2024-04-28,10,UPI,item_59,4249.57
ORD109781,P1666,Sports,3886.9,53.03,4387.93,Completed,U3068,North,Medium,2024-01-15,16,Debit Card,item_409,62.58
ORD109790,P1229,Clothing,3329.48,1184.46,7608.92,Completed,U3439,West,High,2025-02-23,20,Net Banking,item_118,1397.66
ORD109793,P1645,Clothing,2325.55,3988.94,1275.38,Completed,U2034,North,High,2025-07-14,8,COD,item_274,4706.95
ORD109794,P1068,Groceries,915.75,2287.92,7651.16,Completed,U3270,Central,Medium,2024-11-26,16,COD,item_184,2699.75
ORD109800,P1807,Books,1181.55,3743.6,4615.51,Completed,U2954,East,Medium,2025-06-04,15,Debit Card,item_429,4417.45
ORD109809,P1484,Clothing,847.49,1918.41,4584.56,Completed,U2183,Central,Low,2024-08-12,16,COD,item_337,2263.72
ORD109821,P1874,Groceries,3763.95,3748.94,7489.4,Completed,U2753,North,Low,2024-01-17,19,Debit Card,item_430,4423.75
ORD109822,P1808,Furniture,4397.84,1383.02,4925.75,Completed,U2889,North,Medium,2025-05-08,5,Credit Card,item_210,1631.96
ORD109827,P1362,Groceries,1542.66,2977.58,3560.68,Completed,U2242,South,Medium,2024-07-21,12,Credit Card,item_436,3513.54
ORD109828,P1334,Sports,3468.91,816.33,6576.86,Completed,U2247,South,Medium,2025-04-08,10,COD,item_180,963.27
ORD109844,P1613,Clothing,4351.04,218.42,5777.09,Completed,U2470,Central,Low,2024-03-02,3,Credit Card,item_147,257.74
ORD109845,P1076,Clothing,3112.52,3862.0,1262.03,Completed,U3108,North,Low,2024-02-26,9,Net Banking,item_116,4557.16
ORD109856,P1709,Sports,4374.75,983.46,3030.3,Completed,U3146,Central,Medium,2024-08-09,3,Net Banking,item_367,1160.48
ORD109858,P1505,Clothing,618.24,1322.07,2546.97,Completed,U2428,East,High,2024-11-06,8,UPI,item_22,1560.04
ORD109859,P1484,Groceries,579.8,3870.02,491.77,Completed,U2375,East,High,2025-01-17,3,Debit Card,item_474,4566.62
ORD109862,P1490,Electronics,4806.26,39.47,3981.89,Completed,U3110,West,Medium,2024-04-05,8,UPI,item_223,46.57
ORD109873,P1909,Sports,4914.57,2433.97,1830.92,Completed,U2429,East,Medium,2024-09-13,1,UPI,item_491,2872.08
ORD109879,P1745,Electronics,4555.09,2008.56,7849.63,Completed,U3402,East,Low,2024-12-31,14,Debit Card,item_465,2370.1
ORD109885,P1165,Furniture,1860.77,686.68,7697.84,Completed,U2042,West,Low,2024-10-03,10,Debit Card,item_62,810.28
ORD109892,P1658,Clothing,54.75,660.2,4365.99,Completed,U3115,North,Low,2025-01-22,12,UPI,item_301,779.04
ORD109898,P1720,Sports,778.33,2693.09,6554.86,Completed,U3369,Central,High,2024-05-08,5,Net Banking,item_148,3177.85
ORD109906,P1079,Sports,4341.84,1874.28,6522.65,Completed,U2558,North,Low,2025-08-09,19,COD,item_96,2211.65
ORD109909,P1698,Toys,1505.4,3022.35,1713.88,Completed,U2800,South,High,2024-11-12,19,UPI,item_310,3566.37
ORD109911,P1358,Books,2660.25,928.6,3507.96,Completed,U2190,Central,Low,2025-07-20,14,Net Banking,item_387,1095.75
ORD109920,P1781,Clothing,2824.9,435.12,6162.23,Completed,U2828,East,Low,2024-02-26,16,UPI,item_371,513.44
ORD109922,P1462,Furniture,2712.0,2647.79,5103.51,Completed,U3428,North,Low,2024-04-05,3,Debit Card,item_4,3124.39
ORD109925,P1139,Furniture,1039.29,578.39,1276.78,Completed,U3214,East,Medium,2025-01-24,20,UPI,item_157,682.5
ORD109927,P1263,Electronics,1377.67,3330.49,2863.95,Completed,U3329,North,Medium,2025-02-13,3,COD,item_205,3929.98
ORD109929,P1278,Toys,4363.21,484.25,6517.35,Completed,U2824,South,Medium,2024-11-25,4,Net Banking,item_408,571.42
ORD109930,P1273,Sports,1640.28,792.81,6966.96,Completed,U3468,Central,Medium,2024-11-17,2,UPI,item_303,935.52
ORD109933,P1207,Toys,4906.26,3232.33,3351.94,Completed,U2239,South,High,2024-04-10,14,Debit Card,item_460,3814.15
ORD109935,P1989,Clothing,3325.17,939.04,3480.96,Completed,U3028,West,High,2024-03-04,16,Debit Card,item_246,1108.07
ORD109941,P1668,Books,559.15,427.95,2953.31,Completed,U3103,South,High,2024-03-04,8,Credit Card,item_276,504.98
ORD109948,P1610,Clothing,3824.94,1952.76,7343.01,Completed,U2557,West,High,2024-07-06,11,UPI,item_163,2304.26
ORD109951,P1503,Groceries,1554.04,3381.19,5677.06,Completed,U3470,East,Medium,2024-02-16,12,Debit Card,item_255,3989.8
ORD109954,P1671,Clothing,1921.21,976.21,2754.53,Completed,U2574,Central,High,2025-07-11,19,Credit Card,item_23,1151.93
ORD109955,P1006,Toys,883.07,3792.11,6577.24,Completed,U3342,West,High,2025-01-11,5,Debit Card,item_323,4474.69
ORD109960,P1907,Electronics,2059.21,946.19,7072.05,Completed,U2376,North,High,2024-02-15,19,Net Banking,item_308,1116.5
ORD109966,P1966,Clothing,2588.65,104.1,5846.59,Completed,U3363,West,Low,2025-02-12,7,UPI,item_232,122.84
ORD109968,P1259,Sports,2756.38,340.25,3332.25,Completed,U2410,East,Low,2024-01-14,17,Credit Card,item_415,401.5
ORD109976,P1209,Clothing,549.17,684.41,6433.45,Completed,U2657,East,Medium,2024-08-29,20,Credit Card,item_15,807.6
ORD109979,P1569,Electronics,1921.07,3354.36,952.08,Completed,U2285,South,High,2024-11-01,1,UPI,item_238,3958.14
ORD109984,P1331,Furniture,299.45,64.43,1064.35,Completed,U2977,Central,Low,2024-12-29,9,Net Banking,item_363,76.03
ORD109985,P1707,Books,1718.67,2336.14,5370.83,Completed,U2893,North,High,2024-10-02,7,Credit Card,item_63,2756.65
ORD109994,P1542,Furniture,3084.05,1087.82,3449.83,Completed,U3302,East,High,2025-09-21,9,Credit Card,item_254,1283.63
ORD109997,P1300,Groceries,4311.13,2255.59,4599.68,Completed,U3090,East,Low,2024-03-29,18,UPI,item_88,2661.6
ORD109998,P1300,Clothing,4458.18,806.18,1103.77,Completed,U2782,North,Medium,2024-06-25,11,UPI,item_158,951.29
